sr_number,sr_type,sr_short_code,created_department,owner_department,status,origin,created_date,last_modified_date,street_address,city,state,zip_code,street_number,street_direction,street_name,street_type,duplicate,legacy_record,community_area,ward,electrical_district,electricity_grid,police_sector,police_district,police_beat,precinct,created_hour,created_day_of_week,created_month,x_coordinate,y_coordinate,latitude,longitude,location
SR26-00477259,Water On Street Complaint,AAE,311 City Services,DWM - Department of Water Management,Open,Phone Call,2026-03-17T11:14:46.000,2026-03-17T11:14:50.000,5515 W POTOMAC AVE,Demo City,Illinois,60651,5515,W,POTOMAC,AVE,,,25,37,6,C019,3,25,2532,5,11,3,3,1139076.6048240266,1908022.775950813,41.903739000941,-87.764589000002,"{""latitude"":""41.903739000941"",""longitude"":""-87.764589000002"",""human_address"":""{\""address\"": \""\"", \""city\"": \""\"", \""state\"": \""\"", \""zip\"": \""\""}""}"
SR26-00477258,311 INFORMATION ONLY CALL,311IOC,311 City Services,311 City Services,Completed,Phone Call,2026-03-17T11:14:40.000,2026-03-17T11:14:41.000,2111 W Lexington ST,Demo City,Illinois,60612,2111,W,Lexington,ST,,,,,,,,,,,11,3,3,,,,,
SR26-00477257,Street Light Pole Damage Complaint,SFK,311 City Services,CDOT - Department of Transportation,Open,Phone Call,2026-03-17T11:14:34.000,2026-03-17T11:14:41.000,10226 S HALSTED ST,Demo City,Illinois,60628,10226,S,HALSTED,ST,,,73,21,13,N046,3,22,2232,45,11,3,3,1172682.0643966205,1836882.467289707,41.70784500094,-87.643246500002,"{""latitude"":""41.70784500094"",""longitude"":""-87.643246500002"",""human_address"":""{\""address\"": \""\"", \""city\"": \""\"", \""state\"": \""\"", \""zip\"": \""\""}""}"
SR26-00477255,311 INFORMATION ONLY CALL,311IOC,311 City Services,311 City Services,Completed,Phone Call,2026-03-17T11:14:21.000,2026-03-17T11:14:22.000,2111 W Lexington ST,Demo City,Illinois,60612,2111,W,Lexington,ST,,,,,,,,,,,11,3,3,,,,,
SR26-00477253,311 INFORMATION ONLY CALL,311IOC,311 City Services,311 City Services,Completed,Phone Call,2026-03-17T11:13:59.000,2026-03-17T11:13:59.000,2111 W Lexington ST,Demo City,Illinois,60612,2111,W,Lexington,ST,,,,,,,,,,,11,3,3,,,,,
SR26-00477252,Aircraft Noise Complaint,AVN,,Aviation,Completed,Internet,2026-03-17T11:13:51.000,2026-03-17T11:13:52.000,10510 W ZEMKE RD,Demo City,Illinois,60666,10510,W,ZEMKE,RD,,,,,,,,,,,11,3,3,,,,,
SR26-00477251,Graffiti Removal Request,GRAF,,Streets and Sanitation,Open,Internet,2026-03-17T11:13:47.000,2026-03-17T11:13:54.000,1776 N MILWAUKEE AVE,Demo City,Illinois,60647,1776,N,MILWAUKEE,AVE,,,24,32,5,K018,3,14,1434,6,11,3,3,1161312.8114427384,1911749.2023905562,41.913531000941,-87.682806000002,"{""latitude"":""41.913531000941"",""longitude"":""-87.682806000002"",""human_address"":""{\""address\"": \""\"", \""city\"": \""\"", \""state\"": \""\"", \""zip\"": \""\""}""}"
SR26-00477248,Tree Removal Inspection,SEE,,Streets and Sanitation,Open,Internet,2026-03-17T11:13:21.000,2026-03-17T11:13:25.000,12200 S RACINE AVE,Demo City,Illinois,60643,12200,S,RACINE,AVE,1,,53,21,13,M051,2,05,0524,40,11,3,3,1170446.8953816558,1823827.8982805542,41.67207000094,-87.651810000002,"{""latitude"":""41.67207000094"",""longitude"":""-87.651810000002"",""human_address"":""{\""address\"": \""\"", \""city\"": \""\"", \""state\"": \""\"", \""zip\"": \""\""}""}"
SR26-00477247,311 INFORMATION ONLY CALL,311IOC,311 City Services,311 City Services,Completed,Phone Call,2026-03-17T11:13:16.000,2026-03-17T11:13:17.000,2111 W Lexington ST,Demo City,Illinois,60612,2111,W,Lexington,ST,,,,,,,,,,,11,3,3,,,,,
SR26-00477246,311 INFORMATION ONLY CALL,311IOC,311 City Services,311 City Services,Completed,Phone Call,2026-03-17T11:13:14.000,2026-03-17T11:13:15.000,2111 W Lexington ST,Demo City,Illinois,60612,2111,W,Lexington,ST,,,,,,,,,,,11,3,3,,,,,
SR26-00477245,Aircraft Noise Complaint,AVN,,Aviation,Completed,Internet,2026-03-17T11:13:11.000,2026-03-17T11:13:12.000,10510 W ZEMKE RD,Demo City,Illinois,60666,10510,W,ZEMKE,RD,,,,,,,,,,,11,3,3,,,,,
SR26-00477243,311 INFORMATION ONLY CALL,311IOC,311 City Services,311 City Services,Completed,Phone Call,2026-03-17T11:12:58.000,2026-03-17T11:12:59.000,2111 W Lexington ST,Demo City,Illinois,60612,2111,W,Lexington,ST,,,,,,,,,,,11,3,3,,,,,
SR26-00477242,311 INFORMATION ONLY CALL,311IOC,311 City Services,311 City Services,Completed,Phone Call,2026-03-17T11:12:55.000,2026-03-17T11:12:55.000,2111 W Lexington ST,Demo City,Illinois,60612,2111,W,Lexington,ST,,,,,,,,,,,11,3,3,,,,,
SR26-00477238,311 INFORMATION ONLY CALL,311IOC,311 City Services,311 City Services,Completed,Phone Call,2026-03-17T11:12:19.000,2026-03-17T11:12:20.000,2111 W Lexington ST,Demo City,Illinois,60612,2111,W,Lexington,ST,,,,,,,,,,,11,3,3,,,,,
SR26-00477235,Check for Leak,WM3,311 City Services,DWM - Department of Water Management,Open,Phone Call,2026-03-17T11:11:55.000,2026-03-17T11:11:58.000,3905 W 56TH ST,Demo City,Illinois,60629,3905,W,56TH,ST,,,62,23,10,G035,2,08,0822,3,11,3,3,1151239.2459649094,1867106.6205267105,41.79123000094,-87.720984000002,"{""latitude"":""41.79123000094"",""longitude"":""-87.720984000002"",""human_address"":""{\""address\"": \""\"", \""city\"": \""\"", \""state\"": \""\"", \""zip\"": \""\""}""}"
SR26-00477234,311 INFORMATION ONLY CALL,311IOC,311 City Services,311 City Services,Completed,Phone Call,2026-03-17T11:11:51.000,2026-03-17T11:11:52.000,2111 W Lexington ST,Demo City,Illinois,60612,2111,W,Lexington,ST,,,,,,,,,,,11,3,3,,,,,
SR26-00477233,Street Light Out Complaint,SFD,,CDOT - Department of Transportation,Open,Mobile Device,2026-03-17T11:11:39.000,2026-03-17T11:11:50.000,3800 N SPRINGFIELD AVE,,,,3800,N,SPRINGFIELD,AVE,,,16,30,3,G013,3,17,1732,15,11,3,3,1149638.1528382017,1925090.9904360345,41.950377000941,-87.725349000002,"{""latitude"":""41.950377000941"",""longitude"":""-87.725349000002"",""human_address"":""{\""address\"": \""\"", \""city\"": \""\"", \""state\"": \""\"", \""zip\"": \""\""}""}"
SR26-00477231,Dead Animal Pick-Up Request,SGQ,311 City Services,Streets and Sanitation,Open,Phone Call,2026-03-17T11:11:31.000,2026-03-17T11:11:33.000,1226 E 71ST ST,Demo City,Illinois,60619,1226,E,71ST,ST,,,69,5,12,T038,2,03,0321,30,11,3,3,1185742.8501024104,1858205.4242878342,41.766060296639,-87.594747702371,"{""latitude"":""41.766060296639"",""longitude"":""-87.594747702371"",""human_address"":""{\""address\"": \""\"", \""city\"": \""\"", \""state\"": \""\"", \""zip\"": \""\""}""}"
SR26-00477230,311 INFORMATION ONLY CALL,311IOC,311 City Services,311 City Services,Completed,Phone Call,2026-03-17T11:11:25.000,2026-03-17T11:11:25.000,2111 W Lexington ST,Demo City,Illinois,60612,2111,W,Lexington,ST,,,,,,,,,,,11,3,3,,,,,
SR26-00477229,Recycling Pick Up,SRRP,311 City Services,Streets and Sanitation,Open,Phone Call,2026-03-17T11:11:22.000,2026-03-17T11:11:24.000,7606 S HONORE ST,Demo City,Illinois,60620,7606,S,HONORE,ST,,,71,17,11,L040,1,06,0611,41,11,3,3,1165252.0881816815,1854170.4328058586,41.75544600094,-87.669967500002,"{""latitude"":""41.75544600094"",""longitude"":""-87.669967500002"",""human_address"":""{\""address\"": \""\"", \""city\"": \""\"", \""state\"": \""\"", \""zip\"": \""\""}""}"
SR26-00477228,Building Violation,BBA,311 City Services,DOB - Buildings,Open,Phone Call,2026-03-17T11:11:18.000,2026-03-17T11:11:24.000,9224 S HALSTED ST,Demo City,Illinois,60620,9224,S,HALSTED,ST,,,73,21,13,N044,2,22,2223,46,11,3,3,1172515.7698212692,1843529.1067078414,41.72608800094,-87.643660500002,"{""latitude"":""41.72608800094"",""longitude"":""-87.643660500002"",""human_address"":""{\""address\"": \""\"", \""city\"": \""\"", \""state\"": \""\"", \""zip\"": \""\""}""}"
SR26-00477226,Garbage Cart Maintenance,SIE,311 City Services,Streets and Sanitation,Open,Phone Call,2026-03-17T11:10:56.000,2026-03-17T11:10:59.000,4746 W CONGRESS PKWY,Demo City,Illinois,60644,4746,W,CONGRESS,PKWY,,,25,24,6,E023,3,11,1131,41,11,3,3,1144632.0353981939,1897345.3455177378,41.87433600094,-87.744451500002,"{""latitude"":""41.87433600094"",""longitude"":""-87.744451500002"",""human_address"":""{\""address\"": \""\"", \""city\"": \""\"", \""state\"": \""\"", \""zip\"": \""\""}""}"
SR26-00477224,Abandoned Vehicle Complaint,SKA,,Streets and Sanitation,Open,Internet,2026-03-17T11:10:51.000,2026-03-17T11:10:54.000,3613 N ORIOLE AVE,Demo City,Illinois,60634,3613,N,ORIOLE,AVE,,,17,38,3,X113,3,16,1631,6,11,3,3,1124792.8413554712,1923174.633832535,41.945565599046,-87.816722443588,"{""latitude"":""41.945565599046"",""longitude"":""-87.816722443588"",""human_address"":""{\""address\"": \""\"", \""city\"": \""\"", \""state\"": \""\"", \""zip\"": \""\""}""}"
SR26-00477221,Missed Garbage Pick-Up Complaint,SCC,311 City Services,Streets and Sanitation,Open,Phone Call,2026-03-17T11:10:35.000,2026-03-17T11:10:38.000,6236 S LANGLEY AVE,Demo City,Illinois,60637,6236,S,LANGLEY,AVE,,,42,20,12,R036,1,03,0313,1,11,3,3,1181895.3717819157,1863642.1520110471,41.78106900094,-87.608682000002,"{""latitude"":""41.78106900094"",""longitude"":""-87.608682000002"",""human_address"":""{\""address\"": \""\"", \""city\"": \""\"", \""state\"": \""\"", \""zip\"": \""\""}""}"
SR26-00477220,Aircraft Noise Complaint,AVN,,Aviation,Completed,Internet,2026-03-17T11:10:15.000,2026-03-17T11:10:17.000,10510 W ZEMKE RD,Demo City,Illinois,60666,10510,W,ZEMKE,RD,,,,,,,,,,,11,3,3,,,,,
SR26-00477218,311 INFORMATION ONLY CALL,311IOC,311 City Services,311 City Services,Completed,Phone Call,2026-03-17T11:09:30.000,2026-03-17T11:09:31.000,2111 W Lexington ST,Demo City,Illinois,60612,2111,W,Lexington,ST,,,,,,,,,,,11,3,3,,,,,
SR26-00477217,311 INFORMATION ONLY CALL,311IOC,311 City Services,311 City Services,Completed,Phone Call,2026-03-17T11:09:24.000,2026-03-17T11:09:25.000,2111 W Lexington ST,Demo City,Illinois,60612,2111,W,Lexington,ST,,,,,,,,,,,11,3,3,,,,,
SR26-00477215,Tree Removal Inspection,SEE,Streets and Sanitation,Streets and Sanitation,Open,Phone Call,2026-03-17T11:09:19.000,2026-03-17T11:09:21.000,7101 N OSCEOLA AVE,Demo City,Illinois,60631,7101,N,OSCEOLA,AVE,,,9,41,1,X105,1,16,1611,44,11,3,3,1125950.5237764574,1946624.0317815742,42.009894000941,-87.811942500002,"{""latitude"":""42.009894000941"",""longitude"":""-87.811942500002"",""human_address"":""{\""address\"": \""\"", \""city\"": \""\"", \""state\"": \""\"", \""zip\"": \""\""}""}"
SR26-00477213,Sewer Cleaning Inspection Request,CHECKFOR,311 City Services,DWM - Department of Water Management,Open,Phone Call,2026-03-17T11:08:59.000,2026-03-17T11:09:02.000,3158 S HARDING AVE,Demo City,Illinois,60623,3158,S,HARDING,AVE,,,30,22,8,G029,3,10,1031,10,11,3,3,1150473.8680514402,1883129.1383750874,41.83521300094,-87.723373500002,"{""latitude"":""41.83521300094"",""longitude"":""-87.723373500002"",""human_address"":""{\""address\"": \""\"", \""city\"": \""\"", \""state\"": \""\"", \""zip\"": \""\""}""}"
SR26-00477212,Building Violation,BBA,311 City Services,DOB - Buildings,Open,Phone Call,2026-03-17T11:08:51.000,2026-03-17T11:08:56.000,2600 W CORTLAND ST,Demo City,Illinois,60647,2600,W,CORTLAND,ST,,,22,1,5,J018,2,14,1421,44,11,3,3,1158683.903450306,1912608.3946025486,41.915943000941,-87.692440500002,"{""latitude"":""41.915943000941"",""longitude"":""-87.692440500002"",""human_address"":""{\""address\"": \""\"", \""city\"": \""\"", \""state\"": \""\"", \""zip\"": \""\""}""}"
SR26-00477211,Garbage Cart Maintenance,SIE,311 City Services,Streets and Sanitation,Open,Phone Call,2026-03-17T11:08:50.000,2026-03-17T11:08:52.000,3158 S HARDING AVE,Demo City,Illinois,60623,3158,S,HARDING,AVE,,,30,22,8,G029,3,10,1031,10,11,3,3,1150473.8680514402,1883129.1383750874,41.83521300094,-87.723373500002,"{""latitude"":""41.83521300094"",""longitude"":""-87.723373500002"",""human_address"":""{\""address\"": \""\"", \""city\"": \""\"", \""state\"": \""\"", \""zip\"": \""\""}""}"
SR26-00477208,311 INFORMATION ONLY CALL,311IOC,311 City Services,311 City Services,Completed,Phone Call,2026-03-17T11:08:40.000,2026-03-17T11:08:40.000,2111 W Lexington ST,Demo City,Illinois,60612,2111,W,Lexington,ST,,,,,,,,,,,11,3,3,,,,,
SR26-00477209,Alley Sewer Inspection Request,AAI,Alderman,DWM - Department of Water Management,Open,Alderman's Office,2026-03-17T11:08:40.000,2026-03-17T11:08:43.000,5854 W 63RD PL,Demo City,Illinois,60638,5854,W,63RD,PL,,,64,13,10,B037,1,08,0812,45,11,3,3,1138247.627814665,1861930.918197016,41.77727100094,-87.768747000002,"{""latitude"":""41.77727100094"",""longitude"":""-87.768747000002"",""human_address"":""{\""address\"": \""\"", \""city\"": \""\"", \""state\"": \""\"", \""zip\"": \""\""}""}"
SR26-00477207,Ice and Snow Removal Request,SDO,311 City Services,Streets and Sanitation,Open,Phone Call,2026-03-17T11:08:16.000,2026-03-17T11:08:19.000,4459 S KILPATRICK AVE,Demo City,Illinois,60632,4459,S,KILPATRICK,AVE,,,56,22,8,E032,1,08,0815,12,11,3,3,1145857.663779151,1874438.3837638698,41.81145300094,-87.740532000002,"{""latitude"":""41.81145300094"",""longitude"":""-87.740532000002"",""human_address"":""{\""address\"": \""\"", \""city\"": \""\"", \""state\"": \""\"", \""zip\"": \""\""}""}"
SR26-00477206,Sewer Cleaning Inspection Request,CHECKFOR,Alderman,DWM - Department of Water Management,Open,Phone Call,2026-03-17T11:08:10.000,2026-03-17T11:08:15.000,3054 N WESTERN AVE,Demo City,Illinois,60618,3054,N,WESTERN,AVE,,,5,47,4,J015,3,19,1931,5,11,3,3,1159732.9554335447,1920346.7458214746,41.937156000941,-87.688372500002,"{""latitude"":""41.937156000941"",""longitude"":""-87.688372500002"",""human_address"":""{\""address\"": \""\"", \""city\"": \""\"", \""state\"": \""\"", \""zip\"": \""\""}""}"
SR26-00477205,Finance Parking Code Enforcement Review,FPCE,,Finance,Completed,Internet,2026-03-17T11:08:04.000,2026-03-17T11:08:05.000,109 S PAULINA ST,Demo City,Illinois,60612,109,S,PAULINA,ST,,,28,27,7,L023,2,12,1224,10,11,3,3,1165154.6854450703,1899489.2642110314,41.87980800094,-87.669040500002,"{""latitude"":""41.87980800094"",""longitude"":""-87.669040500002"",""human_address"":""{\""address\"": \""\"", \""city\"": \""\"", \""state\"": \""\"", \""zip\"": \""\""}""}"
SR26-00477204,311 INFORMATION ONLY CALL,311IOC,311 City Services,311 City Services,Completed,Phone Call,2026-03-17T11:08:00.000,2026-03-17T11:08:01.000,2111 W Lexington ST,Demo City,Illinois,60612,2111,W,Lexington,ST,,,,,,,,,,,11,3,3,1191961.7105641714,1858645.463297338,41.76711900094,-87.571939500002,"{""latitude"":""41.76711900094"",""longitude"":""-87.571939500002"",""human_address"":""{\""address\"": \""\"", \""city\"": \""\"", \""state\"": \""\"", \""zip\"": \""\""}""}"
SR26-00477203,Porch Inspection Request,BPI,,DOB - Buildings,Open,Internet,2026-03-17T11:07:51.000,2026-03-17T11:07:55.000,660 N MILWAUKEE AVE,Demo City,Illinois,,660,N,MILWAUKEE,AVE,,,24,27,5,N021,1,12,1214,1,11,3,3,1169898.5123835492,1904589.4224771948,41.893701105672,-87.65147309803,"{""latitude"":""41.893701105672"",""longitude"":""-87.65147309803"",""human_address"":""{\""address\"": \""\"", \""city\"": \""\"", \""state\"": \""\"", \""zip\"": \""\""}""}"
SR26-00477201,Aircraft Noise Complaint,AVN,311 City Services,Aviation,Completed,Phone Call,2026-03-17T11:07:47.000,2026-03-17T11:07:48.000,10510 W ZEMKE RD,Demo City,Illinois,60666,10510,W,ZEMKE,RD,,,,,,,,,,,11,3,3,,,,,
SR26-00477199,Aircraft Noise Complaint,AVN,,Aviation,Completed,Internet,2026-03-17T11:07:33.000,2026-03-17T11:07:34.000,10510 W ZEMKE RD,Demo City,Illinois,60666,10510,W,ZEMKE,RD,,,,,,,,,,,11,3,3,,,,,
SR26-00477198,Pothole in Street Complaint,PHF,Alderman,CDOT - Department of Transportation,Open,Phone Call,2026-03-17T11:07:26.000,2026-03-17T11:07:28.000,3758 N SHEFFIELD AVE,Demo City,Illinois,60613,3758,N,SHEFFIELD,AVE,,,6,44,4,N013,2,19,1923,31,11,3,3,1168834.8114746872,1925379.3840944993,41.950773000941,-87.654775500002,"{""latitude"":""41.950773000941"",""longitude"":""-87.654775500002"",""human_address"":""{\""address\"": \""\"", \""city\"": \""\"", \""state\"": \""\"", \""zip\"": \""\""}""}"
SR26-00477195,Tree Emergency,SEC,311 City Services,Streets and Sanitation,Open,Phone Call,2026-03-17T11:07:12.000,2026-03-17T11:07:15.000,1529 W ESTES AVE,Demo City,Illinois,60626,1529,W,ESTES,AVE,,,1,49,2,M005,2,24,2423,20,11,3,3,1164744.5325065402,1947361.6683641651,42.011181000941,-87.669184500002,"{""latitude"":""42.011181000941"",""longitude"":""-87.669184500002"",""human_address"":""{\""address\"": \""\"", \""city\"": \""\"", \""state\"": \""\"", \""zip\"": \""\""}""}"
SR26-00477194,Garbage Cart Maintenance,SIE,311 City Services,Streets and Sanitation,Open,Phone Call,2026-03-17T11:07:08.000,2026-03-17T11:07:10.000,7520 S BLACKSTONE AVE,Demo City,Illinois,60619,7520,S,BLACKSTONE,AVE,,,43,8,12,T040,1,04,0411,2,11,3,3,1187440.6043181082,1855319.5418936356,41.75810100094,-87.588616500002,"{""latitude"":""41.75810100094"",""longitude"":""-87.588616500002"",""human_address"":""{\""address\"": \""\"", \""city\"": \""\"", \""state\"": \""\"", \""zip\"": \""\""}""}"
SR26-00477193,Garbage Cart Maintenance,SIE,Alderman,Streets and Sanitation,Open,Phone Call,2026-03-17T11:06:59.000,2026-03-17T11:07:02.000,8015 S COLES AVE,Demo City,Illinois,60617,8015,S,COLES,AVE,,,46,7,12,X041,2,04,0422,22,11,3,3,1198286.689011412,1852342.7674379977,41.74966800094,-87.548967000002,"{""latitude"":""41.74966800094"",""longitude"":""-87.548967000002"",""human_address"":""{\""address\"": \""\"", \""city\"": \""\"", \""state\"": \""\"", \""zip\"": \""\""}""}"
SR26-00477192,Abandoned Vehicle Complaint,SKA,311 City Services,Streets and Sanitation,Open,Phone Call,2026-03-17T11:06:57.000,2026-03-17T11:07:01.000,3235 W DICKENS AVE,Demo City,Illinois,60647,3235,W,DICKENS,AVE,,,22,26,5,H017,1,14,1413,34,11,3,3,1154285.8295108369,1913748.9040030406,41.919161705242,-87.708568280757,"{""latitude"":""41.919161705242"",""longitude"":""-87.708568280757"",""human_address"":""{\""address\"": \""\"", \""city\"": \""\"", \""state\"": \""\"", \""zip\"": \""\""}""}"
SR26-00477189,Aircraft Noise Complaint,AVN,311 City Services,Aviation,Completed,Phone Call,2026-03-17T11:06:31.000,2026-03-17T11:06:32.000,10510 W ZEMKE RD,Demo City,Illinois,60666,10510,W,ZEMKE,RD,,,,,,,,,,,11,3,3,,,,,
SR26-00477188,311 INFORMATION ONLY CALL,311IOC,311 City Services,311 City Services,Completed,Phone Call,2026-03-17T11:06:27.000,2026-03-17T11:06:28.000,2111 W Lexington ST,Demo City,Illinois,60612,2111,W,Lexington,ST,,,,,,,,,,,11,3,3,,,,,
SR26-00477187,Building Violation,BBA,DOB - Buildings,DOB - Buildings,Open,Phone Call,2026-03-17T11:06:11.000,2026-03-17T11:06:15.000,500 E 72ND ST,Demo City,Illinois,60619,500,E,72ND,ST,,,69,6,12,R039,2,03,0323,7,11,3,3,1180886.8310729444,1857441.4807118592,41.76407700094,-87.612570000002,"{""latitude"":""41.76407700094"",""longitude"":""-87.612570000002"",""human_address"":""{\""address\"": \""\"", \""city\"": \""\"", \""state\"": \""\"", \""zip\"": \""\""}""}"
SR26-00477186,No Building Permit and Construction Violation,BBD,,DOB - Buildings,Open,Internet,2026-03-17T11:06:02.000,2026-03-17T11:06:08.000,1630 N MILWAUKEE AVE,Demo City,Illinois,60647,1630,N,MILWAUKEE,AVE,,,24,32,5,K018,3,14,1434,15,11,3,3,1162442.1564120469,1910786.9753290887,41.910867000941,-87.678684000002,"{""latitude"":""41.910867000941"",""longitude"":""-87.678684000002"",""human_address"":""{\""address\"": \""\"", \""city\"": \""\"", \""state\"": \""\"", \""zip\"": \""\""}""}"
SR26-00477185,Alley Sewer Inspection Request,AAI,Alderman,DWM - Department of Water Management,Open,Alderman's Office,2026-03-17T11:05:59.000,2026-03-17T11:06:03.000,6101 S MENARD AVE,Demo City,Illinois,60638,6101,S,MENARD,AVE,,,64,13,10,B036,1,08,0812,17,11,3,3,1138853.5890544432,1863482.9076989219,41.78151900094,-87.766488000002,"{""latitude"":""41.78151900094"",""longitude"":""-87.766488000002"",""human_address"":""{\""address\"": \""\"", \""city\"": \""\"", \""state\"": \""\"", \""zip\"": \""\""}""}"
SR26-00477182,Tree Removal Inspection,SEE,,Streets and Sanitation,Open,Internet,2026-03-17T11:05:42.000,2026-03-17T11:05:49.000,8508 S CARPENTER ST,Demo City,Illinois,60620,8508,S,CARPENTER,ST,,,71,17,13,N042,1,06,0613,17,11,3,3,1170728.4937447915,1848306.5177696818,41.73923700094,-87.650068500002,"{""latitude"":""41.73923700094"",""longitude"":""-87.650068500002"",""human_address"":""{\""address\"": \""\"", \""city\"": \""\"", \""state\"": \""\"", \""zip\"": \""\""}""}"
SR26-00477181,Tree Trim Request (NO LONGER BEING ACCEPTED),SEF,,Streets and Sanitation,Completed,Mass Entry,2026-03-17T11:05:30.000,2026-03-17T11:05:33.000,1459 S HARDING AVE,Demo City,Illinois,60623,1459,S,HARDING,AVE,,,29,24,6,G025,1,10,1011,24,11,3,3,1150312.2314553964,1892440.3531374093,41.860767296639,-87.723724069096,"{""latitude"":""41.860767296639"",""longitude"":""-87.723724069096"",""human_address"":""{\""address\"": \""\"", \""city\"": \""\"", \""state\"": \""\"", \""zip\"": \""\""}""}"
SR26-00477180,311 INFORMATION ONLY CALL,311IOC,311 City Services,311 City Services,Completed,Phone Call,2026-03-17T11:05:29.000,2026-03-17T11:05:30.000,2111 W Lexington ST,Demo City,Illinois,60612,2111,W,Lexington,ST,,,,,,,,,,,11,3,3,,,,,
SR26-00477179,311 INFORMATION ONLY CALL,311IOC,311 City Services,311 City Services,Completed,Phone Call,2026-03-17T11:05:28.000,2026-03-17T11:05:29.000,2111 W Lexington ST,Demo City,Illinois,60612,2111,W,Lexington,ST,,,,,,,,,,,11,3,3,,,,,
SR26-00477178,Aircraft Noise Complaint,AVN,,Aviation,Completed,Internet,2026-03-17T11:05:10.000,2026-03-17T11:05:11.000,10510 W ZEMKE RD,Demo City,Illinois,60666,10510,W,ZEMKE,RD,,,,,,,,,,,11,3,3,,,,,
SR26-00477177,Tree Removal Inspection,SEE,311 City Services,Streets and Sanitation,Open,Phone Call,2026-03-17T11:04:48.000,2026-03-17T11:04:50.000,8058 S LUELLA AVE,Demo City,Illinois,60617,8058,S,LUELLA,AVE,,,46,8,12,V041,1,04,0414,7,11,3,3,1192576.3578200554,1851724.8107716364,41.748113218184,-87.56991171466,"{""latitude"":""41.748113218184"",""longitude"":""-87.56991171466"",""human_address"":""{\""address\"": \""\"", \""city\"": \""\"", \""state\"": \""\"", \""zip\"": \""\""}""}"
SR26-00477176,311 INFORMATION ONLY CALL,311IOC,311 City Services,311 City Services,Completed,Phone Call,2026-03-17T11:04:47.000,2026-03-17T11:04:48.000,2111 W Lexington ST,Demo City,Illinois,60612,2111,W,Lexington,ST,,,,,,,,,,,11,3,3,,,,,
SR26-00477173,No Building Permit and Construction Violation,BBD,DOB - Buildings,DOB - Buildings,Open,Phone Call,2026-03-17T11:04:21.000,2026-03-17T11:04:26.000,5847 S CALIFORNIA AVE,Demo City,Illinois,60629,5847,S,CALIFORNIA,AVE,,,63,15,11,J035,2,08,0824,23,11,3,3,1158785.9175162076,1865557.8052177634,41.78682900094,-87.693354000002,"{""latitude"":""41.78682900094"",""longitude"":""-87.693354000002"",""human_address"":""{\""address\"": \""\"", \""city\"": \""\"", \""state\"": \""\"", \""zip\"": \""\""}""}"
SR26-00477170,Water in Basement Complaint,AAF,311 City Services,DWM - Department of Water Management,Open,Phone Call,2026-03-17T11:03:46.000,2026-03-17T11:03:56.000,2049 N LATROBE AVE,Demo City,Illinois,60639,2049,N,LATROBE,AVE,,,19,36,3,C017,1,25,2515,22,11,3,3,1141122.4287889507,1913313.545422675,41.918220000941,-87.756943500002,"{""latitude"":""41.918220000941"",""longitude"":""-87.756943500002"",""human_address"":""{\""address\"": \""\"", \""city\"": \""\"", \""state\"": \""\"", \""zip\"": \""\""}""}"
SR26-00477169,Commercial Fire Safety Inspection Request,FAC,,Fire,Open,Internet,2026-03-17T11:03:44.000,2026-03-17T11:03:47.000,1630 N MILWAUKEE AVE,Demo City,Illinois,60647,1630,N,MILWAUKEE,AVE,,,24,32,5,K018,3,14,1434,15,11,3,3,1162442.1564120469,1910786.9753290887,41.910867000941,-87.678684000002,"{""latitude"":""41.910867000941"",""longitude"":""-87.678684000002"",""human_address"":""{\""address\"": \""\"", \""city\"": \""\"", \""state\"": \""\"", \""zip\"": \""\""}""}"
SR26-00477168,No Water Complaint,WBJ,311 City Services,DWM - Department of Water Management,Open,Phone Call,2026-03-17T11:03:43.000,2026-03-17T11:03:46.000,5857 N CICERO AVE,Demo City,Illinois,60646,5857,N,CICERO,AVE,,,12,39,1,E008,1,17,1711,1,11,3,3,1143392.9201449342,1938635.684126838,41.987664000941,-87.747966000002,"{""latitude"":""41.987664000941"",""longitude"":""-87.747966000002"",""human_address"":""{\""address\"": \""\"", \""city\"": \""\"", \""state\"": \""\"", \""zip\"": \""\""}""}"
SR26-00477166,Sewer Cleaning Inspection Request,CHECKFOR,311 City Services,DWM - Department of Water Management,Open,Phone Call,2026-03-17T11:03:26.000,2026-03-17T11:03:30.000,6316 N ALBANY AVE,Demo City,Illinois,60659,6316,N,ALBANY,AVE,,,2,50,2,I007,1,24,2413,39,11,3,3,1154464.0078784171,1941819.9800366892,41.996187000941,-87.707160000002,"{""latitude"":""41.996187000941"",""longitude"":""-87.707160000002"",""human_address"":""{\""address\"": \""\"", \""city\"": \""\"", \""state\"": \""\"", \""zip\"": \""\""}""}"
SR26-00477159,Building Violation,BBA,,DOB - Buildings,Open,Internet,2026-03-17T11:02:18.000,2026-03-17T11:02:22.000,7038 S NORMAL AVE,Demo City,Illinois,60621,7038,S,NORMAL,AVE,,,68,6,11,O038,3,07,0732,12,11,3,3,1174099.4998138046,1858084.1740408381,41.76599400094,-87.637428000002,"{""latitude"":""41.76599400094"",""longitude"":""-87.637428000002"",""human_address"":""{\""address\"": \""\"", \""city\"": \""\"", \""state\"": \""\"", \""zip\"": \""\""}""}"
SR26-00477156,Garbage Cart Maintenance,SIE,Streets and Sanitation,Streets and Sanitation,Open,Phone Call,2026-03-17T11:02:09.000,2026-03-17T11:02:12.000,5212 S GREEN ST,Demo City,Illinois,60609,5212,S,GREEN,ST,,,61,20,11,N034,3,09,0934,32,11,3,3,1171449.1008382232,1870201.2169110687,41.79930300094,-87.646788000002,"{""latitude"":""41.79930300094"",""longitude"":""-87.646788000002"",""human_address"":""{\""address\"": \""\"", \""city\"": \""\"", \""state\"": \""\"", \""zip\"": \""\""}""}"
SR26-00477155,Pothole in Street Complaint,PHF,311 City Services,CDOT - Department of Transportation,Open,Phone Call,2026-03-17T11:01:57.000,2026-03-17T11:01:59.000,3758 N SHEFFIELD AVE,Demo City,Illinois,60613,3758,N,SHEFFIELD,AVE,,,6,44,4,N013,2,19,1923,31,11,3,3,1168834.8114746872,1925379.3840944993,41.950773000941,-87.654775500002,"{""latitude"":""41.950773000941"",""longitude"":""-87.654775500002"",""human_address"":""{\""address\"": \""\"", \""city\"": \""\"", \""state\"": \""\"", \""zip\"": \""\""}""}"
SR26-00477153,311 INFORMATION ONLY CALL,311IOC,311 City Services,311 City Services,Completed,Phone Call,2026-03-17T11:01:49.000,2026-03-17T11:01:50.000,2111 W Lexington ST,Demo City,Illinois,60612,2111,W,Lexington,ST,,,,,,,,,,,11,3,3,,,,,
SR26-00477152,Aircraft Noise Complaint,AVN,,Aviation,Completed,Internet,2026-03-17T11:01:43.000,2026-03-17T11:01:44.000,10510 W ZEMKE RD,Demo City,Illinois,60666,10510,W,ZEMKE,RD,,,,,,,,,,,11,3,3,,,,,
SR26-00477151,Water in Basement Complaint,AAF,311 City Services,DWM - Department of Water Management,Open,Phone Call,2026-03-17T11:01:19.000,2026-03-17T11:01:23.000,9854 S MARYLAND AVE,Demo City,Illinois,60628,9854,S,MARYLAND,AVE,,,50,8,14,S045,1,05,0511,47,11,3,3,1183567.5754531948,1839576.3317651928,41.71499100094,-87.603300000002,"{""latitude"":""41.71499100094"",""longitude"":""-87.603300000002"",""human_address"":""{\""address\"": \""\"", \""city\"": \""\"", \""state\"": \""\"", \""zip\"": \""\""}""}"
SR26-00477148,Water On Street Complaint,AAE,311 City Services,DWM - Department of Water Management,Open,Phone Call,2026-03-17T11:00:34.000,2026-03-17T11:13:53.000,3550 N LAKE SHORE DR,Demo City,Illinois,,3550,N,LAKE SHORE,DR,,,6,46,4,O013,2,19,1925,19,11,3,3,1171917.3672697158,1924628.7485401959,41.948645702451,-87.643466520099,"{""latitude"":""41.948645702451"",""longitude"":""-87.643466520099"",""human_address"":""{\""address\"": \""\"", \""city\"": \""\"", \""state\"": \""\"", \""zip\"": \""\""}""}"
SR26-00477146,Water On Street Complaint,AAE,311 City Services,DWM - Department of Water Management,Open,Phone Call,2026-03-17T11:00:15.000,2026-03-17T11:00:26.000,1031 N LONG AVE,Demo City,Illinois,60651,1031,N,LONG,AVE,,,25,37,6,C020,2,15,1524,35,11,3,3,1140206.5308863993,1906492.0957304435,41.899518000941,-87.760476000002,"{""latitude"":""41.899518000941"",""longitude"":""-87.760476000002"",""human_address"":""{\""address\"": \""\"", \""city\"": \""\"", \""state\"": \""\"", \""zip\"": \""\""}""}"
SR26-00477145,Tree Debris Clean-Up Request,SEL,,Streets and Sanitation,Open,Internet,2026-03-17T10:59:58.000,2026-03-17T11:00:00.000,2725 W 23RD ST,Demo City,Illinois,60608,2725,W,23RD,ST,,,30,25,8,J027,3,10,1034,10,10,3,3,1158432.0606677323,1888539.5506281806,41.84990100094,-87.694024500002,"{""latitude"":""41.84990100094"",""longitude"":""-87.694024500002"",""human_address"":""{\""address\"": \""\"", \""city\"": \""\"", \""state\"": \""\"", \""zip\"": \""\""}""}"
SR26-00477144,Alley Sewer Inspection Request,AAI,Alderman,DWM - Department of Water Management,Open,Alderman's Office,2026-03-17T10:59:25.000,2026-03-17T10:59:28.000,5635 S MASSASOIT AVE,Demo City,Illinois,60638,5635,S,MASSASOIT,AVE,,,56,13,10,B035,1,08,0811,29,10,3,3,1139071.771293459,1866501.6454921167,41.78979900094,-87.765615000002,"{""latitude"":""41.78979900094"",""longitude"":""-87.765615000002"",""human_address"":""{\""address\"": \""\"", \""city\"": \""\"", \""state\"": \""\"", \""zip\"": \""\""}""}"
SR26-00477143,Wire Basket Request,SCS,,Streets and Sanitation,Open,Internet,2026-03-17T10:59:24.000,2026-03-17T10:59:26.000,5776 W LAWRENCE AVE,Demo City,Illinois,60630,5776,W,LAWRENCE,AVE,,,15,45,1,B010,2,16,1622,28,10,3,3,1136732.26675996,1931372.320000869,41.967855000941,-87.772639500002,"{""latitude"":""41.967855000941"",""longitude"":""-87.772639500002"",""human_address"":""{\""address\"": \""\"", \""city\"": \""\"", \""state\"": \""\"", \""zip\"": \""\""}""}"
SR26-00477140,311 INFORMATION ONLY CALL,311IOC,311 City Services,311 City Services,Completed,Phone Call,2026-03-17T10:59:19.000,2026-03-17T10:59:20.000,2111 W Lexington ST,Demo City,Illinois,60612,2111,W,Lexington,ST,,,,,,,,,,,10,3,3,,,,,
SR26-00477139,Building Violation,BBA,,DOB - Buildings,Open,Internet,2026-03-17T10:59:01.000,2026-03-17T11:00:09.000,15 S RACINE AVE,Demo City,Illinois,60607,15,S,RACINE,AVE,,,28,34,7,N023,3,12,1232,31,10,3,3,1168486.8088934908,1899971.1845329402,41.88105900094,-87.656791500002,"{""latitude"":""41.88105900094"",""longitude"":""-87.656791500002"",""human_address"":""{\""address\"": \""\"", \""city\"": \""\"", \""state\"": \""\"", \""zip\"": \""\""}""}"
SR26-00477136,Aircraft Noise Complaint,AVN,,Aviation,Completed,Internet,2026-03-17T10:58:59.000,2026-03-17T10:59:00.000,10510 W ZEMKE RD,Demo City,Illinois,60666,10510,W,ZEMKE,RD,,,,,,,,,,,10,3,3,,,,,
SR26-00477134,Rodent Baiting/Rat Complaint,SGA,,Streets and Sanitation,Open,Internet,2026-03-17T10:58:43.000,2026-03-17T10:58:46.000,6137 S PAULINA ST,Demo City,Illinois,60636,6137,S,PAULINA,ST,,,67,15,11,L036,1,07,0714,20,10,3,3,1166159.311664634,1863855.9107741925,41.78200500094,-87.666367500002,"{""latitude"":""41.78200500094"",""longitude"":""-87.666367500002"",""human_address"":""{\""address\"": \""\"", \""city\"": \""\"", \""state\"": \""\"", \""zip\"": \""\""}""}"
SR26-00477133,Garbage Cart Maintenance,SIE,Alderman,Streets and Sanitation,Open,Phone Call,2026-03-17T10:58:34.000,2026-03-17T10:58:36.000,4142 W CONGRESS PKWY,Demo City,Illinois,60624,4142,W,CONGRESS,PKWY,,,26,28,6,F023,3,11,1132,9,10,3,3,1148662.4675394744,1897438.93963173,41.87451600094,-87.729651000002,"{""latitude"":""41.87451600094"",""longitude"":""-87.729651000002"",""human_address"":""{\""address\"": \""\"", \""city\"": \""\"", \""state\"": \""\"", \""zip\"": \""\""}""}"
SR26-00477132,Sewer Cave-In Inspection Request,AAD,Alderman,DWM - Department of Water Management,Open,Phone Call,2026-03-17T10:58:26.000,2026-03-17T11:11:54.000,3052 N CALIFORNIA AVE,Demo City,Illinois,60618,3052,N,CALIFORNIA,AVE,,,21,35,4,I015,1,14,1411,13,10,3,3,1157109.9212258619,1920386.1957749235,41.937318000941,-87.698011500002,"{""latitude"":""41.937318000941"",""longitude"":""-87.698011500002"",""human_address"":""{\""address\"": \""\"", \""city\"": \""\"", \""state\"": \""\"", \""zip\"": \""\""}""}"
SR26-00477130,Aircraft Noise Complaint,AVN,311 City Services,Aviation,Completed,Phone Call,2026-03-17T10:58:13.000,2026-03-17T10:58:14.000,10510 W ZEMKE RD,Demo City,Illinois,60666,10510,W,ZEMKE,RD,,,,,,,,,,,10,3,3,,,,,
SR26-00477127,311 INFORMATION ONLY CALL,311IOC,311 City Services,311 City Services,Completed,Phone Call,2026-03-17T10:57:58.000,2026-03-17T10:57:58.000,2111 W Lexington ST,Demo City,Illinois,60612,2111,W,Lexington,ST,,,,,,,,,,,10,3,3,,,,,
SR26-00477125,Aircraft Noise Complaint,AVN,,Aviation,Completed,Internet,2026-03-17T10:57:40.000,2026-03-17T10:57:42.000,10510 W ZEMKE RD,Demo City,Illinois,60666,10510,W,ZEMKE,RD,,,,,,,,,,,10,3,3,,,,,
SR26-00477124,Traffic Signal Out Complaint,SFB,311 City Services,CDOT - Department of Transportation,Open,Phone Call,2026-03-17T10:57:27.000,2026-03-17T10:57:28.000,1962 E 71ST PL,Demo City,Illinois,,1962,E,71ST,PL,1,,43,5,12,U039,3,03,0333,36,10,3,3,1190781.2097912985,1857972.5698449397,41.765301121337,-87.57628815322,"{""latitude"":""41.765301121337"",""longitude"":""-87.57628815322"",""human_address"":""{\""address\"": \""\"", \""city\"": \""\"", \""state\"": \""\"", \""zip\"": \""\""}""}"
SR26-00477119,311 INFORMATION ONLY CALL,311IOC,311 City Services,311 City Services,Completed,Phone Call,2026-03-17T10:56:59.000,2026-03-17T10:57:01.000,2111 W Lexington ST,Demo City,Illinois,60612,2111,W,Lexington,ST,,,,,,,,,,,10,3,3,,,,,
SR26-00477120,Sign Repair Request - All Other Signs,PCE,311 City Services,CDOT - Department of Transportation,Open,Phone Call,2026-03-17T10:56:59.000,2026-03-17T10:57:01.000,1611 W DIVISION ST,Demo City,Illinois,60622,1611,W,DIVISION,ST,,,24,1,5,L020,1,12,1213,10,10,3,3,1165373.0776846106,1907992.1794026138,41.90313600094,-87.667996500002,"{""latitude"":""41.90313600094"",""longitude"":""-87.667996500002"",""human_address"":""{\""address\"": \""\"", \""city\"": \""\"", \""state\"": \""\"", \""zip\"": \""\""}""}"
SR26-00477118,Blue Recycling Cart,SRRC,311 City Services,Streets and Sanitation,Open,Phone Call,2026-03-17T10:56:49.000,2026-03-17T10:56:51.000,4525 S KARLOV AVE,Demo City,Illinois,60632,4525,S,KARLOV,AVE,,,57,14,8,F032,1,08,0815,2,10,3,3,1149847.6511405515,1874216.9883013747,41.81076900094,-87.725902500002,"{""latitude"":""41.81076900094"",""longitude"":""-87.725902500002"",""human_address"":""{\""address\"": \""\"", \""city\"": \""\"", \""state\"": \""\"", \""zip\"": \""\""}""}"
SR26-00477117,Tree Removal Inspection,SEE,Streets and Sanitation,Streets and Sanitation,Open,Phone Call,2026-03-17T10:56:43.000,2026-03-17T10:56:45.000,3811 N TRIPP AVE,Demo City,Illinois,60641,3811,N,TRIPP,AVE,,,16,30,3,F013,3,17,1731,5,10,3,3,1147407.724675114,1925088.3940829367,41.950413000941,-87.733548000002,"{""latitude"":""41.950413000941"",""longitude"":""-87.733548000002"",""human_address"":""{\""address\"": \""\"", \""city\"": \""\"", \""state\"": \""\"", \""zip\"": \""\""}""}"
SR26-00477115,311 INFORMATION ONLY CALL,311IOC,311 City Services,311 City Services,Completed,Phone Call,2026-03-17T10:56:23.000,2026-03-17T10:56:24.000,2111 W Lexington ST,Demo City,Illinois,60612,2111,W,Lexington,ST,,,,,,,,,,,10,3,3,,,,,
SR26-00477114,311 INFORMATION ONLY CALL,311IOC,311 City Services,311 City Services,Completed,Phone Call,2026-03-17T10:56:10.000,2026-03-17T10:56:11.000,2111 W Lexington ST,Demo City,Illinois,60612,2111,W,Lexington,ST,,,,,,,,,,,10,3,3,,,,,
SR26-00477112,Graffiti Removal Request,GRAF,,Streets and Sanitation,Open,Mobile Device,2026-03-17T10:55:55.000,2026-03-17T10:55:57.000,1358 S ASHLAND AVE,,,,1358,S,ASHLAND,AVE,,,28,28,7,L025,3,12,1233,5,10,3,3,1165874.9798603512,1893535.4851215808,41.86345500094,-87.666565500002,"{""latitude"":""41.86345500094"",""longitude"":""-87.666565500002"",""human_address"":""{\""address\"": \""\"", \""city\"": \""\"", \""state\"": \""\"", \""zip\"": \""\""}""}"
SR26-00477110,Rodent Baiting/Rat Complaint,SGA,,Streets and Sanitation,Open,Internet,2026-03-17T10:55:53.000,2026-03-17T10:55:56.000,10018 S STATE ST,Demo City,Illinois,60628,10018,S,STATE,ST,,,49,9,14,P046,1,05,0511,30,10,3,3,1177943.2281588474,1838456.8470769462,41.71204800094,-87.623932500002,"{""latitude"":""41.71204800094"",""longitude"":""-87.623932500002"",""human_address"":""{\""address\"": \""\"", \""city\"": \""\"", \""state\"": \""\"", \""zip\"": \""\""}""}"
SR26-00477109,311 INFORMATION ONLY CALL,311IOC,311 City Services,311 City Services,Completed,Phone Call,2026-03-17T10:55:50.000,2026-03-17T10:55:51.000,2111 W Lexington ST,Demo City,Illinois,60612,2111,W,Lexington,ST,,,,,,,,,,,10,3,3,,,,,
SR26-00477106,Water Lead Test Visit Request,WCA3,Alderman,DWM - Department of Water Management,Open,Alderman's Office,2026-03-17T10:55:44.000,2026-03-17T10:55:56.000,8037 S ST LOUIS AVE,Demo City,Illinois,60652,8037,S,ST LOUIS,AVE,,,70,18,10,H041,3,08,0834,23,10,3,3,1154531.407972799,1850931.8795986422,41.74677900094,-87.709342500002,"{""latitude"":""41.74677900094"",""longitude"":""-87.709342500002"",""human_address"":""{\""address\"": \""\"", \""city\"": \""\"", \""state\"": \""\"", \""zip\"": \""\""}""}"
SR26-00477104,311 INFORMATION ONLY CALL,311IOC,311 City Services,311 City Services,Completed,Phone Call,2026-03-17T10:55:38.000,2026-03-17T10:55:38.000,2111 W Lexington ST,Demo City,Illinois,60612,2111,W,Lexington,ST,,,,,,,,,,,10,3,3,,,,,
SR26-00477103,Alley Sewer Inspection Request,AAI,Alderman,DWM - Department of Water Management,Open,Alderman's Office,2026-03-17T10:55:37.000,2026-03-17T10:55:46.000,6244 S PARKSIDE AVE,Demo City,Illinois,60638,6244,S,PARKSIDE,AVE,,,64,13,10,B036,1,08,0812,26,10,3,3,1139757.9276216947,1862409.8749897792,41.77855800094,-87.763198500002,"{""latitude"":""41.77855800094"",""longitude"":""-87.763198500002"",""human_address"":""{\""address\"": \""\"", \""city\"": \""\"", \""state\"": \""\"", \""zip\"": \""\""}""}"
SR26-00477102,311 INFORMATION ONLY CALL,311IOC,311 City Services,311 City Services,Completed,Phone Call,2026-03-17T10:55:29.000,2026-03-17T10:55:30.000,2111 W Lexington ST,Demo City,Illinois,60612,2111,W,Lexington,ST,,,,,,,,,,,10,3,3,,,,,
SR26-00477100,Garbage Cart Maintenance,SIE,311 City Services,Streets and Sanitation,Open,Phone Call,2026-03-17T10:55:27.000,2026-03-17T10:55:30.000,4525 S KARLOV AVE,Demo City,Illinois,60632,4525,S,KARLOV,AVE,,,57,14,8,F032,1,08,0815,2,10,3,3,1149847.6511405515,1874216.9883013747,41.81076900094,-87.725902500002,"{""latitude"":""41.81076900094"",""longitude"":""-87.725902500002"",""human_address"":""{\""address\"": \""\"", \""city\"": \""\"", \""state\"": \""\"", \""zip\"": \""\""}""}"
SR26-00477099,311 INFORMATION ONLY CALL,311IOC,311 City Services,311 City Services,Completed,Phone Call,2026-03-17T10:55:14.000,2026-03-17T10:55:15.000,2111 W Lexington ST,Demo City,Illinois,60612,2111,W,Lexington,ST,,,,,,,,,,,10,3,3,,,,,
SR26-00477097,Water On Street Complaint,AAE,,DWM - Department of Water Management,Open,Mobile Device,2026-03-17T10:54:56.000,2026-03-17T10:55:00.000,6943 S EGGLESTON AVE,,,,6943,S,EGGLESTON,AVE,,,68,6,11,O038,3,07,0732,12,10,3,3,1174556.0648588955,1858707.7439514499,41.76769500094,-87.635736000002,"{""latitude"":""41.76769500094"",""longitude"":""-87.635736000002"",""human_address"":""{\""address\"": \""\"", \""city\"": \""\"", \""state\"": \""\"", \""zip\"": \""\""}""}"
SR26-00477096,Graffiti Removal Request,GRAF,Streets and Sanitation,Streets and Sanitation,Open,Salesforce Mobile App,2026-03-17T10:54:42.000,2026-03-17T10:54:44.000,2207 S CALIFORNIA,Demo City,Illinois,60608,2207,S,CALIFORNIA,,,,30,25,8,J027,3,10,1034,10,10,3,3,1158096.620079504,1889130.6908875888,41.85153000094,-87.695239500002,"{""latitude"":""41.85153000094"",""longitude"":""-87.695239500002"",""human_address"":""{\""address\"": \""\"", \""city\"": \""\"", \""state\"": \""\"", \""zip\"": \""\""}""}"
SR26-00477095,311 INFORMATION ONLY CALL,311IOC,311 City Services,311 City Services,Completed,Phone Call,2026-03-17T10:54:39.000,2026-03-17T10:54:40.000,2111 W Lexington ST,Demo City,Illinois,60612,2111,W,Lexington,ST,,,,,,,,,,,10,3,3,,,,,
SR26-00477094,Tree Emergency,SEC,311 City Services,Streets and Sanitation,Open,Phone Call,2026-03-17T10:54:31.000,2026-03-17T10:54:34.000,11955 S LA SALLE ST,Demo City,Illinois,60628,11955,S,LA SALLE,ST,,,53,9,14,P051,2,05,0522,18,10,3,3,1177483.5390741988,1825455.5767703892,41.67638100094,-87.626007000002,"{""latitude"":""41.67638100094"",""longitude"":""-87.626007000002"",""human_address"":""{\""address\"": \""\"", \""city\"": \""\"", \""state\"": \""\"", \""zip\"": \""\""}""}"
SR26-00477093,Graffiti Removal Request,GRAF,,Streets and Sanitation,Open,Mobile Device,2026-03-17T10:54:26.000,2026-03-17T10:54:30.000,955 W GRAND AVE,,,,955,W,GRAND,AVE,,,24,27,5,N021,1,12,1214,45,10,3,3,1169740.4502210938,1903529.8451661137,41.89079700094,-87.652084500002,"{""latitude"":""41.89079700094"",""longitude"":""-87.652084500002"",""human_address"":""{\""address\"": \""\"", \""city\"": \""\"", \""state\"": \""\"", \""zip\"": \""\""}""}"
SR26-00477092,Abandoned Vehicle Complaint,SKA,,Streets and Sanitation,Open,Internet,2026-03-17T10:54:26.000,2026-03-17T10:54:38.000,4752 N MENARD AVE,Demo City,Illinois,60630,4752,N,MENARD,AVE,,,15,45,1,B011,2,16,1622,18,10,3,3,1136752.7487622905,1931234.7035950392,41.967477000941,-87.772567500002,"{""latitude"":""41.967477000941"",""longitude"":""-87.772567500002"",""human_address"":""{\""address\"": \""\"", \""city\"": \""\"", \""state\"": \""\"", \""zip\"": \""\""}""}"
SR26-00477089,311 INFORMATION ONLY CALL,311IOC,311 City Services,311 City Services,Completed,Phone Call,2026-03-17T10:54:20.000,2026-03-17T10:54:21.000,2111 W Lexington ST,Demo City,Illinois,60612,2111,W,Lexington,ST,,,,,,,,,,,10,3,3,,,,,
SR26-00477088,Water Lead Test Kit Request,WCA2,,DWM - Department of Water Management,Open,Internet,2026-03-17T10:54:13.000,2026-03-17T10:54:18.000,6611 S UNIVERSITY AVE,Demo City,Illinois,60637,6611,S,UNIVERSITY,AVE,,,42,20,12,S037,2,03,0321,16,10,3,3,1184761.814054103,1861301.7644382431,41.77458000094,-87.598246500002,"{""latitude"":""41.77458000094"",""longitude"":""-87.598246500002"",""human_address"":""{\""address\"": \""\"", \""city\"": \""\"", \""state\"": \""\"", \""zip\"": \""\""}""}"
SR26-00477086,Aircraft Noise Complaint,AVN,,Aviation,Completed,Internet,2026-03-17T10:54:07.000,2026-03-17T10:54:08.000,10510 W ZEMKE RD,Demo City,Illinois,60666,10510,W,ZEMKE,RD,,,,,,,,,,,10,3,3,,,,,
SR26-00477084,311 INFORMATION ONLY CALL,311IOC,311 City Services,311 City Services,Completed,Phone Call,2026-03-17T10:53:57.000,2026-03-17T10:53:58.000,2111 W Lexington ST,Demo City,Illinois,60612,2111,W,Lexington,ST,,,,,,,,,,,10,3,3,,,,,
SR26-00477082,311 INFORMATION ONLY CALL,311IOC,311 City Services,311 City Services,Completed,Phone Call,2026-03-17T10:53:34.000,2026-03-17T10:53:35.000,2111 W Lexington ST,Demo City,Illinois,60612,2111,W,Lexington,ST,,,,,,,,,,,10,3,3,,,,,
SR26-00477079,Tree Emergency,SEC,,Streets and Sanitation,Open,Mobile Device,2026-03-17T10:53:21.000,2026-03-17T10:53:24.000,10416 S HOMAN AVE,,,,10416,S,HOMAN,AVE,,,74,19,13,H047,1,22,2211,30,10,3,3,1155427.9415377728,1835241.882187392,41.70370500094,-87.706476000002,"{""latitude"":""41.70370500094"",""longitude"":""-87.706476000002"",""human_address"":""{\""address\"": \""\"", \""city\"": \""\"", \""state\"": \""\"", \""zip\"": \""\""}""}"
SR26-00477078,Sign Repair Request - All Other Signs,PCE,,CDOT - Department of Transportation,Open,Mobile Device,2026-03-17T10:53:18.000,2026-03-17T10:53:21.000,3145 N HARDING AVE,,,,3145,N,HARDING,AVE,,,21,31,3,G015,2,25,2523,25,10,3,3,1149602.4423289367,1920804.0556327642,41.938614000941,-87.725592000002,"{""latitude"":""41.938614000941"",""longitude"":""-87.725592000002"",""human_address"":""{\""address\"": \""\"", \""city\"": \""\"", \""state\"": \""\"", \""zip\"": \""\""}""}"
SR26-00477074,Alley Sewer Inspection Request,AAI,Alderman,DWM - Department of Water Management,Open,Alderman's Office,2026-03-17T10:53:00.000,2026-03-17T10:53:04.000,5534 W 64TH ST,Demo City,Illinois,60638,5534,W,64TH,ST,,,64,13,10,C037,1,08,0813,26,10,3,3,1140457.7003845286,1861653.641313508,41.77647000094,-87.760651500002,"{""latitude"":""41.77647000094"",""longitude"":""-87.760651500002"",""human_address"":""{\""address\"": \""\"", \""city\"": \""\"", \""state\"": \""\"", \""zip\"": \""\""}""}"
SR26-00477070,311 INFORMATION ONLY CALL,311IOC,311 City Services,311 City Services,Completed,Phone Call,2026-03-17T10:52:41.000,2026-03-17T10:52:42.000,2111 W Lexington ST,Demo City,Illinois,60612,2111,W,Lexington,ST,,,,,,,,,,,10,3,3,,,,,
SR26-00477071,Aircraft Noise Complaint,AVN,,Aviation,Completed,Internet,2026-03-17T10:52:41.000,2026-03-17T10:52:42.000,10510 W ZEMKE RD,Demo City,Illinois,60666,10510,W,ZEMKE,RD,,,,,,,,,,,10,3,3,,,,,
SR26-00477068,311 INFORMATION ONLY CALL,311IOC,311 City Services,311 City Services,Completed,Phone Call,2026-03-17T10:52:22.000,2026-03-17T10:52:23.000,2111 W Lexington ST,Demo City,Illinois,60612,2111,W,Lexington,ST,,,,,,,,,,,10,3,3,,,,,
SR26-00477067,Graffiti Removal Request,GRAF,,Streets and Sanitation,Open,Mobile Device,2026-03-17T10:52:17.000,2026-03-17T10:52:19.000,1411 S ASHLAND AVE,,,,1411,S,ASHLAND,AVE,,,28,28,7,M025,3,12,1233,5,10,3,3,1166029.7826216104,1893333.34166666,41.86289700094,-87.666003000002,"{""latitude"":""41.86289700094"",""longitude"":""-87.666003000002"",""human_address"":""{\""address\"": \""\"", \""city\"": \""\"", \""state\"": \""\"", \""zip\"": \""\""}""}"
SR26-00477064,Pothole in Street Complaint,PHF,,CDOT - Department of Transportation,Open,Mobile Device,2026-03-17T10:51:48.000,2026-03-17T10:51:50.000,1001 E 75TH ST,,,,1001,E,75TH,ST,,,69,8,12,S040,2,06,0624,26,10,3,3,1184212.004739884,1855468.4229767951,41.758585632063,-87.600444192737,"{""latitude"":""41.758585632063"",""longitude"":""-87.600444192737"",""human_address"":""{\""address\"": \""\"", \""city\"": \""\"", \""state\"": \""\"", \""zip\"": \""\""}""}"
SR26-00477062,Aircraft Noise Complaint,AVN,,Aviation,Completed,Internet,2026-03-17T10:51:29.000,2026-03-17T10:51:30.000,10510 W ZEMKE RD,Demo City,Illinois,60666,10510,W,ZEMKE,RD,,,,,,,,,,,10,3,3,,,,,
SR26-00477060,Rodent Baiting/Rat Complaint,SGA,,Streets and Sanitation,Open,Internet,2026-03-17T10:51:10.000,2026-03-17T10:51:13.000,6641 S RICHMOND ST,Demo City,Illinois,60629,6641,S,RICHMOND,ST,,,66,15,11,I037,3,08,0831,16,10,3,3,1157944.8173103614,1860307.3025285897,41.77243800094,-87.696580500002,"{""latitude"":""41.77243800094"",""longitude"":""-87.696580500002"",""human_address"":""{\""address\"": \""\"", \""city\"": \""\"", \""state\"": \""\"", \""zip\"": \""\""}""}"
SR26-00477058,Pothole in Street Complaint,PHF,,CDOT - Department of Transportation,Open,Mobile Device,2026-03-17T10:51:06.000,2026-03-17T10:51:09.000,901 E 75TH ST,,,,901,E,75TH,ST,,,69,8,12,S040,2,06,0624,26,10,3,3,1183595.6684153995,1855371.8457445598,41.75833500094,-87.602706000002,"{""latitude"":""41.75833500094"",""longitude"":""-87.602706000002"",""human_address"":""{\""address\"": \""\"", \""city\"": \""\"", \""state\"": \""\"", \""zip\"": \""\""}""}"
SR26-00477055,311 INFORMATION ONLY CALL,311IOC,311 City Services,311 City Services,Completed,Phone Call,2026-03-17T10:50:33.000,2026-03-17T10:50:34.000,2111 W Lexington ST,Demo City,Illinois,60612,2111,W,Lexington,ST,,,,,,,,,,,10,3,3,,,,,
SR26-00477054,Aircraft Noise Complaint,AVN,,Aviation,Completed,Internet,2026-03-17T10:50:27.000,2026-03-17T10:50:28.000,10510 W ZEMKE RD,Demo City,Illinois,60666,10510,W,ZEMKE,RD,,,,,,,,,,,10,3,3,,,,,
SR26-00477051,Street Light Out Complaint,SFD,311 City Services,CDOT - Department of Transportation,Open,Phone Call,2026-03-17T10:50:21.000,2026-03-17T10:50:22.000,2910 N DAWSON AVE,Demo City,Illinois,60618,2910,N,DAWSON,AVE,1,,21,35,4,H015,1,14,1412,11,10,3,3,1153300.753938209,1919367.7807780295,41.934600000941,-87.712038000002,"{""latitude"":""41.934600000941"",""longitude"":""-87.712038000002"",""human_address"":""{\""address\"": \""\"", \""city\"": \""\"", \""state\"": \""\"", \""zip\"": \""\""}""}"
SR26-00477050,311 INFORMATION ONLY CALL,311IOC,311 City Services,311 City Services,Completed,Phone Call,2026-03-17T10:50:21.000,2026-03-17T10:50:22.000,2111 W Lexington ST,Demo City,Illinois,60612,2111,W,Lexington,ST,,,,,,,,,,,10,3,3,,,,,
SR26-00477048,Yard Waste Pick-Up Request,SCQ,,Streets and Sanitation,Open,Internet,2026-03-17T10:50:10.000,2026-03-17T10:50:12.000,4911 N LEAVITT ST,Demo City,Illinois,60625,4911,N,LEAVITT,ST,,,4,40,2,K010,3,20,2032,7,10,3,3,1160860.4748682014,1932651.2952851006,41.970897000941,-87.683886000002,"{""latitude"":""41.970897000941"",""longitude"":""-87.683886000002"",""human_address"":""{\""address\"": \""\"", \""city\"": \""\"", \""state\"": \""\"", \""zip\"": \""\""}""}"
SR26-00477046,311 INFORMATION ONLY CALL,311IOC,311 City Services,311 City Services,Completed,Phone Call,2026-03-17T10:50:07.000,2026-03-17T10:50:08.000,2111 W Lexington ST,Demo City,Illinois,60612,2111,W,Lexington,ST,,,,,,,,,,,10,3,3,,,,,
SR26-00477045,Pothole in Street Complaint,PHF,,CDOT - Department of Transportation,Open,Mobile Device,2026-03-17T10:49:48.000,2026-03-17T10:49:52.000,935 E 76TH ST,,,,935,E,76TH,ST,,,69,8,12,S040,2,06,0624,26,10,3,3,1183921.2159419132,1854796.1736057368,41.756747705241,-87.601530857651,"{""latitude"":""41.756747705241"",""longitude"":""-87.601530857651"",""human_address"":""{\""address\"": \""\"", \""city\"": \""\"", \""state\"": \""\"", \""zip\"": \""\""}""}"
SR26-00477044,Garbage Cart Maintenance,SIE,311 City Services,Streets and Sanitation,Open,Phone Call,2026-03-17T10:49:46.000,2026-03-17T10:49:49.000,11432 S EGGLESTON AVE,Demo City,Illinois,60628,11432,S,EGGLESTON,AVE,,,49,21,14,O049,3,22,2233,41,10,3,3,1175259.366324894,1828956.5373419875,41.68603800094,-87.634044000002,"{""latitude"":""41.68603800094"",""longitude"":""-87.634044000002"",""human_address"":""{\""address\"": \""\"", \""city\"": \""\"", \""state\"": \""\"", \""zip\"": \""\""}""}"
SR26-00477042,311 INFORMATION ONLY CALL,311IOC,311 City Services,311 City Services,Completed,Phone Call,2026-03-17T10:49:20.000,2026-03-17T10:49:21.000,2111 W Lexington ST,Demo City,Illinois,60612,2111,W,Lexington,ST,,,,,,,,,,,10,3,3,,,,,
SR26-00477039,Tree Removal Inspection,SEE,,Streets and Sanitation,Open,Internet,2026-03-17T10:49:05.000,2026-03-17T10:49:06.000,5355 W WILSON AVE,Demo City,Illinois,60630,5355,W,WILSON,AVE,1,,15,45,1,C011,2,16,1623,17,10,3,3,1139582.2546255635,1930134.990347669,41.964408000941,-87.762190500002,"{""latitude"":""41.964408000941"",""longitude"":""-87.762190500002"",""human_address"":""{\""address\"": \""\"", \""city\"": \""\"", \""state\"": \""\"", \""zip\"": \""\""}""}"
SR26-00477038,311 INFORMATION ONLY CALL,311IOC,311 City Services,311 City Services,Completed,Phone Call,2026-03-17T10:48:53.000,2026-03-17T10:48:54.000,2111 W Lexington ST,Demo City,Illinois,60612,2111,W,Lexington,ST,,,,,,,,,,,10,3,3,,,,,
SR26-00477034,Inspect Public Way Request,PBD,Alderman,CDOT - Department of Transportation,Open,Alderman's Office,2026-03-17T10:48:45.000,2026-03-17T10:48:46.000,4500 W 63RD ST,Demo City,Illinois,60629,4500,W,63RD,ST,,,65,13,10,E036,1,08,0813,14,10,3,3,1147404.9652105856,1862586.4489649672,41.77890000094,-87.735159000002,"{""latitude"":""41.77890000094"",""longitude"":""-87.735159000002"",""human_address"":""{\""address\"": \""\"", \""city\"": \""\"", \""state\"": \""\"", \""zip\"": \""\""}""}"
SR26-00477035,Blue Recycling Cart,SRRC,,Streets and Sanitation,Open,Internet,2026-03-17T10:48:45.000,2026-03-17T10:48:47.000,4911 N LEAVITT ST,Demo City,Illinois,60625,4911,N,LEAVITT,ST,,,4,40,2,K010,3,20,2032,7,10,3,3,1160860.4748682014,1932651.2952851006,41.970897000941,-87.683886000002,"{""latitude"":""41.970897000941"",""longitude"":""-87.683886000002"",""human_address"":""{\""address\"": \""\"", \""city\"": \""\"", \""state\"": \""\"", \""zip\"": \""\""}""}"
SR26-00477033,Bee/Wasp Removal,SGG,311 City Services,Streets and Sanitation,Open,Phone Call,2026-03-17T10:48:44.000,2026-03-17T10:48:46.000,3619 N BERNARD ST,Demo City,Illinois,60618,3619,N,BERNARD,ST,,,16,35,4,H013,3,17,1732,4,10,3,3,1152830.587579171,1923936.4084803695,41.947146000941,-87.713644500002,"{""latitude"":""41.947146000941"",""longitude"":""-87.713644500002"",""human_address"":""{\""address\"": \""\"", \""city\"": \""\"", \""state\"": \""\"", \""zip\"": \""\""}""}"
SR26-00477032,311 INFORMATION ONLY CALL,311IOC,311 City Services,311 City Services,Completed,Phone Call,2026-03-17T10:48:32.000,2026-03-17T10:48:33.000,2111 W Lexington ST,Demo City,Illinois,60612,2111,W,Lexington,ST,,,,,,,,,,,10,3,3,,,,,
SR26-00477031,311 INFORMATION ONLY CALL,311IOC,311 City Services,311 City Services,Completed,Phone Call,2026-03-17T10:48:31.000,2026-03-17T10:48:32.000,2111 W Lexington ST,Demo City,Illinois,60612,2111,W,Lexington,ST,,,,,,,,,,,10,3,3,,,,,
SR26-00477030,Aircraft Noise Complaint,AVN,,Aviation,Completed,Internet,2026-03-17T10:48:25.000,2026-03-17T10:48:27.000,10510 W ZEMKE RD,Demo City,Illinois,60666,10510,W,ZEMKE,RD,,,,,,,,,,,10,3,3,,,,,
SR26-00477029,Blue Recycling Cart,SRRC,,Streets and Sanitation,Open,Internet,2026-03-17T10:48:19.000,2026-03-17T10:48:22.000,2113 N KEYSTONE AVE,Demo City,Illinois,60639,2113,N,KEYSTONE,AVE,,,20,35,3,F017,2,25,2525,49,10,3,3,1149111.8376354054,1913817.9377649797,41.919453000941,-87.727576500002,"{""latitude"":""41.919453000941"",""longitude"":""-87.727576500002"",""human_address"":""{\""address\"": \""\"", \""city\"": \""\"", \""state\"": \""\"", \""zip\"": \""\""}""}"
SR26-00477028,City Vehicle Sticker Violation,QAC,,City Clerk's Office,Open,Internet,2026-03-17T10:48:05.000,2026-03-17T10:48:07.000,4478 W 48TH ST,Demo City,Illinois,60632,4478,W,48TH,ST,,,57,14,8,E033,1,08,0815,7,10,3,3,1147277.2222349488,1872447.6668447682,41.805963184712,-87.73537586891,"{""latitude"":""41.805963184712"",""longitude"":""-87.73537586891"",""human_address"":""{\""address\"": \""\"", \""city\"": \""\"", \""state\"": \""\"", \""zip\"": \""\""}""}"
SR26-00477027,311 INFORMATION ONLY CALL,311IOC,311 City Services,311 City Services,Completed,Phone Call,2026-03-17T10:48:02.000,2026-03-17T10:48:03.000,2111 W Lexington ST,Demo City,Illinois,60612,2111,W,Lexington,ST,,,,,,,,,,,10,3,3,,,,,
SR26-00477026,311 INFORMATION ONLY CALL,311IOC,311 City Services,311 City Services,Completed,Phone Call,2026-03-17T10:47:53.000,2026-03-17T10:47:54.000,2111 W Lexington ST,Demo City,Illinois,60612,2111,W,Lexington,ST,,,,,,,,,,,10,3,3,,,,,
SR26-00477024,311 INFORMATION ONLY CALL,311IOC,311 City Services,311 City Services,Completed,Phone Call,2026-03-17T10:47:36.000,2026-03-17T10:47:37.000,2111 W Lexington ST,Demo City,Illinois,60612,2111,W,Lexington,ST,,,,,,,,,,,10,3,3,,,,,
SR26-00477021,Stray Animal Complaint,EAE,311 City Services,Animal Care and Control,Open,Phone Call,2026-03-17T10:47:02.000,2026-03-17T10:47:04.000,2027 W 70TH PL,Demo City,Illinois,60636,2027,W,70TH,PL,,,67,17,11,K038,3,07,0735,33,10,3,3,1163949.5417948815,1857823.8656350144,41.76549900094,-87.674638500002,"{""latitude"":""41.76549900094"",""longitude"":""-87.674638500002"",""human_address"":""{\""address\"": \""\"", \""city\"": \""\"", \""state\"": \""\"", \""zip\"": \""\""}""}"
SR26-00477018,Rodent Baiting/Rat Complaint,SGA,,Streets and Sanitation,Open,Internet,2026-03-17T10:46:52.000,2026-03-17T10:46:55.000,8226 S KOMENSKY AVE,Demo City,Illinois,60652,8226,S,KOMENSKY,AVE,,,70,18,10,F041,3,08,0834,25,10,3,3,1150894.590648043,1849620.1556667485,41.74325100094,-87.722703000002,"{""latitude"":""41.74325100094"",""longitude"":""-87.722703000002"",""human_address"":""{\""address\"": \""\"", \""city\"": \""\"", \""state\"": \""\"", \""zip\"": \""\""}""}"
SR26-00477016,Water in Basement Complaint,AAF,,DWM - Department of Water Management,Open,Internet,2026-03-17T10:46:47.000,2026-03-17T10:46:49.000,8722 S KINGSTON AVE,Demo City,Illinois,60617,8722,S,KINGSTON,AVE,1,,46,7,15,W043,2,04,0423,31,10,3,3,1194576.9744557075,1847517.4774557706,41.73651900094,-87.562719000002,"{""latitude"":""41.73651900094"",""longitude"":""-87.562719000002"",""human_address"":""{\""address\"": \""\"", \""city\"": \""\"", \""state\"": \""\"", \""zip\"": \""\""}""}"
SR26-00477015,Missed Garbage Pick-Up Complaint,SCC,,Streets and Sanitation,Open,Mobile Device,2026-03-17T10:46:40.000,2026-03-17T10:46:43.000,6544 N SEELEY AVE,,,,6544,N,SEELEY,AVE,,,2,40,2,K006,1,24,2412,13,10,3,3,1161355.786167842,1943632.6737526038,42.001020000941,-87.681757500002,"{""latitude"":""42.001020000941"",""longitude"":""-87.681757500002"",""human_address"":""{\""address\"": \""\"", \""city\"": \""\"", \""state\"": \""\"", \""zip\"": \""\""}""}"
SR26-00477014,Water On Street Complaint,AAE,Alderman,DWM - Department of Water Management,Open,Phone Call,2026-03-17T10:46:39.000,2026-03-17T10:46:56.000,5921 N WINTHROP AVE,Demo City,Illinois,60660,5921,N,WINTHROP,AVE,,,77,48,2,N008,2,20,2022,16,10,3,3,1167881.9373117383,1939567.0285587248,41.989725000941,-87.657867000002,"{""latitude"":""41.989725000941"",""longitude"":""-87.657867000002"",""human_address"":""{\""address\"": \""\"", \""city\"": \""\"", \""state\"": \""\"", \""zip\"": \""\""}""}"
SR26-00477013,Garbage Cart Maintenance,SIE,,Streets and Sanitation,Open,Internet,2026-03-17T10:46:33.000,2026-03-17T10:46:36.000,11259 S WHIPPLE ST,Demo City,Illinois,60655,11259,S,WHIPPLE,ST,,,74,19,13,I049,1,22,2211,52,10,3,3,1158120.4926925544,1829581.259805197,41.68811700094,-87.696769500002,"{""latitude"":""41.68811700094"",""longitude"":""-87.696769500002"",""human_address"":""{\""address\"": \""\"", \""city\"": \""\"", \""state\"": \""\"", \""zip\"": \""\""}""}"
SR26-00477011,Garbage Cart Maintenance,SIE,311 City Services,Streets and Sanitation,Open,Phone Call,2026-03-17T10:46:25.000,2026-03-17T10:46:27.000,7512 S CHAMPLAIN AVE,Demo City,Illinois,60619,7512,S,CHAMPLAIN,AVE,,,69,6,12,R040,2,06,0624,39,10,3,3,1181797.7629543063,1855261.5319138519,41.75807400094,-87.609298500002,"{""latitude"":""41.75807400094"",""longitude"":""-87.609298500002"",""human_address"":""{\""address\"": \""\"", \""city\"": \""\"", \""state\"": \""\"", \""zip\"": \""\""}""}"
SR26-00477012,Alley Pothole Complaint,PHB,,CDOT - Department of Transportation,Open,Mobile Device,2026-03-17T10:46:25.000,2026-03-17T10:46:28.000,2133 W FLETCHER ST,,,,2133,W,FLETCHER,ST,,,5,32,4,K015,3,19,1931,9,10,3,3,1161430.065512044,1920825.3085635134,41.938434000941,-87.682122000002,"{""latitude"":""41.938434000941"",""longitude"":""-87.682122000002"",""human_address"":""{\""address\"": \""\"", \""city\"": \""\"", \""state\"": \""\"", \""zip\"": \""\""}""}"
SR26-00477008,Tree Removal Inspection,SEE,,Streets and Sanitation,Open,Mobile Device,2026-03-17T10:46:04.000,2026-03-17T10:46:08.000,7621 S ARTESIAN AVE,,,,7621,S,ARTESIAN,AVE,,,70,18,11,J040,3,08,0835,12,10,3,3,1161445.2390784037,1853888.850857975,41.75475300094,-87.683926500002,"{""latitude"":""41.75475300094"",""longitude"":""-87.683926500002"",""human_address"":""{\""address\"": \""\"", \""city\"": \""\"", \""state\"": \""\"", \""zip\"": \""\""}""}"
SR26-00477007,Blue Recycling Cart,SRRC,311 City Services,Streets and Sanitation,Open,Phone Call,2026-03-17T10:46:00.000,2026-03-17T10:46:03.000,2329 N MERRIMAC AVE,Demo City,Illinois,60639,2329,N,MERRIMAC,AVE,,,19,36,3,A017,1,25,2512,2,10,3,3,1134430.1167604227,1914853.641062338,41.922567000941,-87.781495500002,"{""latitude"":""41.922567000941"",""longitude"":""-87.781495500002"",""human_address"":""{\""address\"": \""\"", \""city\"": \""\"", \""state\"": \""\"", \""zip\"": \""\""}""}"
SR26-00477005,Building Violation,BBA,,DOB - Buildings,Open,Internet,2026-03-17T10:45:38.000,2026-03-17T10:45:43.000,2737 N WHIPPLE ST,Demo City,Illinois,60647,2737,N,WHIPPLE,ST,,,22,1,4,I016,1,14,1411,17,10,3,3,1155646.8637549167,1918200.8951314962,41.931351000941,-87.703447500002,"{""latitude"":""41.931351000941"",""longitude"":""-87.703447500002"",""human_address"":""{\""address\"": \""\"", \""city\"": \""\"", \""state\"": \""\"", \""zip\"": \""\""}""}"
SR26-00477002,Nuisance Animal Complaint,EAB,311 City Services,Animal Care and Control,Open,Phone Call,2026-03-17T10:45:12.000,2026-03-17T10:45:14.000,1257 W 95TH ST,Demo City,Illinois,60643,1257,W,95TH,ST,,,73,21,13,M045,1,22,2213,49,10,3,3,1169370.66471867,1841745.4733170085,41.721262015791,-87.655232724942,"{""latitude"":""41.721262015791"",""longitude"":""-87.655232724942"",""human_address"":""{\""address\"": \""\"", \""city\"": \""\"", \""state\"": \""\"", \""zip\"": \""\""}""}"
SR26-00477001,Commercial Fire Safety Inspection Request,FAC,,Fire,Open,Mobile Device,2026-03-17T10:45:04.000,2026-03-17T10:45:06.000,2221 W RACE AVE,,,,2221,W,RACE,AVE,,,24,36,5,K021,2,12,1221,28,10,3,3,1161396.2939720557,1903648.754820291,41.89130100094,-87.682725000002,"{""latitude"":""41.89130100094"",""longitude"":""-87.682725000002"",""human_address"":""{\""address\"": \""\"", \""city\"": \""\"", \""state\"": \""\"", \""zip\"": \""\""}""}"
SR26-00477000,Water On Street Complaint,AAE,,DWM - Department of Water Management,Open,Internet,2026-03-17T10:44:41.000,2026-03-17T11:07:36.000,2511 W MOFFAT ST,Demo City,Illinois,60647,2511,W,MOFFAT,ST,,,22,1,5,J018,3,14,1434,29,10,3,3,1159199.8408371333,1912080.929486131,41.914485000941,-87.690559500002,"{""latitude"":""41.914485000941"",""longitude"":""-87.690559500002"",""human_address"":""{\""address\"": \""\"", \""city\"": \""\"", \""state\"": \""\"", \""zip\"": \""\""}""}"
SR26-00476996,Aircraft Noise Complaint,AVN,,Aviation,Completed,Internet,2026-03-17T10:44:16.000,2026-03-17T10:44:17.000,10510 W ZEMKE RD,Demo City,Illinois,60666,10510,W,ZEMKE,RD,,,,,,,,,,,10,3,3,,,,,
SR26-00476995,Water On Street Complaint,AAE,,DWM - Department of Water Management,Open,Mobile Device,2026-03-17T10:44:14.000,2026-03-17T11:00:08.000,2524 N SEMINARY AVE,,,,2524,N,SEMINARY,AVE,1,,7,43,4,N016,3,19,1932,2,10,3,3,1168458.6115816575,1917055.4836608937,41.927940000941,-87.656400000002,"{""latitude"":""41.927940000941"",""longitude"":""-87.656400000002"",""human_address"":""{\""address\"": \""\"", \""city\"": \""\"", \""state\"": \""\"", \""zip\"": \""\""}""}"
SR26-00476993,Sewer Cleaning Inspection Request,CHECKFOR,311 City Services,DWM - Department of Water Management,Open,Phone Call,2026-03-17T10:43:50.000,2026-03-17T10:43:54.000,901 S CICERO AVE,Demo City,Illinois,60644,901,S,CICERO,AVE,,,25,24,6,E024,3,11,1131,41,10,3,3,1144588.074500111,1895534.630871637,41.86936800094,-87.744658500002,"{""latitude"":""41.86936800094"",""longitude"":""-87.744658500002"",""human_address"":""{\""address\"": \""\"", \""city\"": \""\"", \""state\"": \""\"", \""zip\"": \""\""}""}"
SR26-00476992,Aircraft Noise Complaint,AVN,,Aviation,Completed,Internet,2026-03-17T10:43:41.000,2026-03-17T10:43:43.000,10510 W ZEMKE RD,Demo City,Illinois,60666,10510,W,ZEMKE,RD,,,,,,,,,,,10,3,3,,,,,
SR26-00476990,Water in Basement Complaint,AAF,,DWM - Department of Water Management,Open,Internet,2026-03-17T10:43:31.000,2026-03-17T11:09:03.000,8722 S KINGSTON AVE,Demo City,Illinois,60617,8722,S,KINGSTON,AVE,,,46,7,15,W043,2,04,0423,31,10,3,3,1194576.9744557075,1847517.4774557706,41.73651900094,-87.562719000002,"{""latitude"":""41.73651900094"",""longitude"":""-87.562719000002"",""human_address"":""{\""address\"": \""\"", \""city\"": \""\"", \""state\"": \""\"", \""zip\"": \""\""}""}"
SR26-00476989,Fly Dumping Complaint,SDR,,Streets and Sanitation,Open,Mobile Device,2026-03-17T10:43:29.000,2026-03-17T10:43:34.000,6449 S GREENWOOD AVE,,,,6449,S,GREENWOOD,AVE,,,42,20,12,S037,1,03,0314,9,10,3,3,1184535.006591321,1862273.920130704,41.77725300094,-87.599047500002,"{""latitude"":""41.77725300094"",""longitude"":""-87.599047500002"",""human_address"":""{\""address\"": \""\"", \""city\"": \""\"", \""state\"": \""\"", \""zip\"": \""\""}""}"
SR26-00476986,311 INFORMATION ONLY CALL,311IOC,311 City Services,311 City Services,Completed,Phone Call,2026-03-17T10:43:02.000,2026-03-17T10:43:03.000,2111 W Lexington ST,Demo City,Illinois,60612,2111,W,Lexington,ST,,,,,,,,,,,10,3,3,,,,,
SR26-00476985,Alley Sewer Inspection Request,AAI,,DWM - Department of Water Management,Open,Mobile Device,2026-03-17T10:42:54.000,2026-03-17T11:06:07.000,1115 W LILL AVE,,,,1115,W,LILL,AVE,,,7,43,4,N016,3,19,1932,2,10,3,3,1168364.735642917,1917002.265562692,41.927796000941,-87.656746500002,"{""latitude"":""41.927796000941"",""longitude"":""-87.656746500002"",""human_address"":""{\""address\"": \""\"", \""city\"": \""\"", \""state\"": \""\"", \""zip\"": \""\""}""}"
SR26-00476982,311 INFORMATION ONLY CALL,311IOC,311 City Services,311 City Services,Completed,Phone Call,2026-03-17T10:42:46.000,2026-03-17T10:42:46.000,2111 W Lexington ST,Demo City,Illinois,60612,2111,W,Lexington,ST,,,,,,,,,,,10,3,3,,,,,
SR26-00476981,311 INFORMATION ONLY CALL,311IOC,311 City Services,311 City Services,Completed,Phone Call,2026-03-17T10:42:34.000,2026-03-17T10:42:35.000,2111 W Lexington ST,Demo City,Illinois,60612,2111,W,Lexington,ST,,,,,,,,,,,10,3,3,,,,,
SR26-00476980,Clean Vacant Lot Request,SCT,,Streets and Sanitation,Open,Internet,2026-03-17T10:42:06.000,2026-03-17T10:42:09.000,6139 S PAULINA ST,Demo City,Illinois,60636,6139,S,PAULINA,ST,,,67,15,11,L036,1,07,0714,20,10,3,3,1166160.7170634288,1863832.9635544503,41.78194200094,-87.666363000002,"{""latitude"":""41.78194200094"",""longitude"":""-87.666363000002"",""human_address"":""{\""address\"": \""\"", \""city\"": \""\"", \""state\"": \""\"", \""zip\"": \""\""}""}"
SR26-00476979,311 INFORMATION ONLY CALL,311IOC,311 City Services,311 City Services,Completed,Phone Call,2026-03-17T10:42:05.000,2026-03-17T10:42:06.000,2111 W Lexington ST,Demo City,Illinois,60612,2111,W,Lexington,ST,,,,,,,,,,,10,3,3,,,,,
SR26-00476978,Report an Injured Animal,EAQ,311 City Services,Animal Care and Control,Open,Phone Call,2026-03-17T10:42:00.000,2026-03-17T10:42:03.000,9801 S COTTAGE GROVE AVE,Demo City,Illinois,,9801,S,COTTAGE GROVE,AVE,,,50,8,14,R045,1,05,0511,47,10,3,3,1183249.5637653796,1840157.3895961184,41.716592888216,-87.604446672843,"{""latitude"":""41.716592888216"",""longitude"":""-87.604446672843"",""human_address"":""{\""address\"": \""\"", \""city\"": \""\"", \""state\"": \""\"", \""zip\"": \""\""}""}"
SR26-00476976,Pothole in Street Complaint,PHF,,CDOT - Department of Transportation,Open,Mobile Device,2026-03-17T10:41:43.000,2026-03-17T10:41:45.000,3028 S LAWNDALE AVE,,,,3028,S,LAWNDALE,AVE,,,30,22,8,G028,3,10,1031,3,10,3,3,1152165.425281168,1884145.161495212,41.837967969478,-87.717139856521,"{""latitude"":""41.837967969478"",""longitude"":""-87.717139856521"",""human_address"":""{\""address\"": \""\"", \""city\"": \""\"", \""state\"": \""\"", \""zip\"": \""\""}""}"
SR26-00476974,311 INFORMATION ONLY CALL,311IOC,311 City Services,311 City Services,Completed,Phone Call,2026-03-17T10:41:33.000,2026-03-17T10:41:35.000,2111 W Lexington ST,Demo City,Illinois,60612,2111,W,Lexington,ST,,,,,,,,,,,10,3,3,,,,,
SR26-00476973,311 INFORMATION ONLY CALL,311IOC,311 City Services,311 City Services,Completed,Phone Call,2026-03-17T10:41:28.000,2026-03-17T10:41:29.000,2111 W Lexington ST,Demo City,Illinois,60612,2111,W,Lexington,ST,,,,,,,,,,,10,3,3,,,,,
SR26-00476969,311 INFORMATION ONLY CALL,311IOC,311 City Services,311 City Services,Completed,Phone Call,2026-03-17T10:41:11.000,2026-03-17T10:41:12.000,2111 W Lexington ST,Demo City,Illinois,60612,2111,W,Lexington,ST,,,,,,,,,,,10,3,3,,,,,
SR26-00476968,Tree Removal Inspection,SEE,Streets and Sanitation,Streets and Sanitation,Open,Phone Call,2026-03-17T10:41:08.000,2026-03-17T10:41:11.000,5228 S ALBANY AVE,Demo City,Illinois,60632,5228,S,ALBANY,AVE,,,63,14,11,I034,2,09,0923,30,10,3,3,1156531.6937973658,1869686.6939062304,41.79820500094,-87.701508000002,"{""latitude"":""41.79820500094"",""longitude"":""-87.701508000002"",""human_address"":""{\""address\"": \""\"", \""city\"": \""\"", \""state\"": \""\"", \""zip\"": \""\""}""}"
SR26-00476967,Aircraft Noise Complaint,AVN,,Aviation,Completed,Internet,2026-03-17T10:41:05.000,2026-03-17T10:41:06.000,10510 W ZEMKE RD,Demo City,Illinois,60666,10510,W,ZEMKE,RD,,,,,,,,,,,10,3,3,,,,,
SR26-00476965,311 INFORMATION ONLY CALL,311IOC,311 City Services,311 City Services,Completed,Phone Call,2026-03-17T10:41:00.000,2026-03-17T10:41:00.000,2111 W Lexington ST,Demo City,Illinois,60612,2111,W,Lexington,ST,,,,,,,,,,,10,3,3,,,,,
SR26-00476966,Missed Garbage Pick-Up Complaint,SCC,,Streets and Sanitation,Open,Internet,2026-03-17T10:41:00.000,2026-03-17T10:41:02.000,236 W 14TH ST,Demo City,Illinois,60605,236,W,14TH,ST,,,33,3,7,P025,3,01,0131,27,10,3,3,1174691.81037496,1893930.3242410875,41.86434600094,-87.634188000002,"{""latitude"":""41.86434600094"",""longitude"":""-87.634188000002"",""human_address"":""{\""address\"": \""\"", \""city\"": \""\"", \""state\"": \""\"", \""zip\"": \""\""}""}"
SR26-00476964,311 INFORMATION ONLY CALL,311IOC,311 City Services,311 City Services,Completed,Phone Call,2026-03-17T10:40:39.000,2026-03-17T10:40:40.000,2111 W Lexington ST,Demo City,Illinois,60612,2111,W,Lexington,ST,,,,,,,,,,,10,3,3,,,,,
SR26-00476963,Pothole in Street Complaint,PHF,311 City Services,CDOT - Department of Transportation,Open,Phone Call,2026-03-17T10:40:17.000,2026-03-17T10:40:19.000,2941 W FULLERTON AVE,Demo City,Illinois,60647,2941,W,FULLERTON,AVE,,,22,1,5,I017,1,14,1414,19,10,3,3,1156209.0458559252,1915692.7110899522,41.924457000941,-87.701449500002,"{""latitude"":""41.924457000941"",""longitude"":""-87.701449500002"",""human_address"":""{\""address\"": \""\"", \""city\"": \""\"", \""state\"": \""\"", \""zip\"": \""\""}""}"
SR26-00476961,Traffic Signal Out Complaint,SFB,CDOT - Department of Transportation,CDOT - Department of Transportation,Open,Phone Call,2026-03-17T10:39:38.000,2026-03-17T10:57:28.000,1962 E 71ST PL,Demo City,Illinois,,1962,E,71ST,PL,,,43,5,12,U039,3,03,0333,36,10,3,3,1190781.2097912985,1857972.5698449397,41.765301121337,-87.57628815322,"{""latitude"":""41.765301121337"",""longitude"":""-87.57628815322"",""human_address"":""{\""address\"": \""\"", \""city\"": \""\"", \""state\"": \""\"", \""zip\"": \""\""}""}"
SR26-00476960,311 INFORMATION ONLY CALL,311IOC,311 City Services,311 City Services,Completed,Phone Call,2026-03-17T10:39:29.000,2026-03-17T10:39:30.000,2111 W Lexington ST,Demo City,Illinois,60612,2111,W,Lexington,ST,,,,,,,,,,,10,3,3,,,,,
SR26-00476959,Tree Debris Clean-Up Request,SEL,,Streets and Sanitation,Open,Internet,2026-03-17T10:39:26.000,2026-03-17T10:39:29.000,12200 S RACINE AVE,Demo City,Illinois,60643,12200,S,RACINE,AVE,,,53,21,13,M051,2,05,0524,40,10,3,3,1170446.8953816558,1823827.8982805542,41.67207000094,-87.651810000002,"{""latitude"":""41.67207000094"",""longitude"":""-87.651810000002"",""human_address"":""{\""address\"": \""\"", \""city\"": \""\"", \""state\"": \""\"", \""zip\"": \""\""}""}"
SR26-00476958,Clean Vacant Lot Request,SCT,,Streets and Sanitation,Open,Internet,2026-03-17T10:39:17.000,2026-03-17T10:39:20.000,6137 S PAULINA ST,Demo City,Illinois,60636,6137,S,PAULINA,ST,,,67,15,11,L036,1,07,0714,20,10,3,3,1166159.311664634,1863855.9107741925,41.78200500094,-87.666367500002,"{""latitude"":""41.78200500094"",""longitude"":""-87.666367500002"",""human_address"":""{\""address\"": \""\"", \""city\"": \""\"", \""state\"": \""\"", \""zip\"": \""\""}""}"
SR26-00476956,Tree Removal Inspection,SEE,,Streets and Sanitation,Open,Internet,2026-03-17T10:39:11.000,2026-03-17T10:39:14.000,6715 S RIDGELAND AVE,Demo City,Illinois,60649,6715,S,RIDGELAND,AVE,,,43,5,12,U038,3,03,0332,17,10,3,3,1189101.5315406967,1860709.5411653884,41.77285200094,-87.582357000002,"{""latitude"":""41.77285200094"",""longitude"":""-87.582357000002"",""human_address"":""{\""address\"": \""\"", \""city\"": \""\"", \""state\"": \""\"", \""zip\"": \""\""}""}"
SR26-00476953,311 INFORMATION ONLY CALL,311IOC,311 City Services,311 City Services,Completed,Phone Call,2026-03-17T10:38:28.000,2026-03-17T10:38:29.000,2111 W Lexington ST,Demo City,Illinois,60612,2111,W,Lexington,ST,,,,,,,,,,,10,3,3,,,,,
SR26-00476952,311 INFORMATION ONLY CALL,311IOC,311 City Services,311 City Services,Completed,Phone Call,2026-03-17T10:38:26.000,2026-03-17T10:38:27.000,2111 W Lexington ST,Demo City,Illinois,60612,2111,W,Lexington,ST,,,,,,,,,,,10,3,3,,,,,
SR26-00476951,Abandoned Vehicle Complaint,SKA,,Streets and Sanitation,Open,Internet,2026-03-17T10:38:24.000,2026-03-17T10:38:29.000,2172 N MANGO AVE,Demo City,Illinois,60639,2172,N,MANGO,AVE,,,19,36,3,B017,1,25,2515,21,10,3,3,1137624.9337168755,1913985.6073135084,41.920128000941,-87.769777500002,"{""latitude"":""41.920128000941"",""longitude"":""-87.769777500002"",""human_address"":""{\""address\"": \""\"", \""city\"": \""\"", \""state\"": \""\"", \""zip\"": \""\""}""}"
SR26-00476949,Sign Repair Request - All Other Signs,PCE,CDOT - Department of Transportation,CDOT - Department of Transportation,Open,Phone Call,2026-03-17T10:38:18.000,2026-03-17T10:38:20.000,10520 S LONGWOOD DR,Demo City,Illinois,60643,10520,S,LONGWOOD,DR,,,72,19,13,K047,1,22,2212,26,10,3,3,1164863.1954803013,1834787.7043080234,41.70226500094,-87.671938500002,"{""latitude"":""41.70226500094"",""longitude"":""-87.671938500002"",""human_address"":""{\""address\"": \""\"", \""city\"": \""\"", \""state\"": \""\"", \""zip\"": \""\""}""}"
SR26-00476948,311 INFORMATION ONLY CALL,311IOC,311 City Services,311 City Services,Completed,Phone Call,2026-03-17T10:38:16.000,2026-03-17T10:38:17.000,2111 W Lexington ST,Demo City,Illinois,60612,2111,W,Lexington,ST,,,,,,,,,,,10,3,3,1147361.4666388503,1887859.5622692052,41.84825400094,-87.734673000002,"{""latitude"":""41.84825400094"",""longitude"":""-87.734673000002"",""human_address"":""{\""address\"": \""\"", \""city\"": \""\"", \""state\"": \""\"", \""zip\"": \""\""}""}"
SR26-00476947,Aircraft Noise Complaint,AVN,,Aviation,Completed,Internet,2026-03-17T10:38:05.000,2026-03-17T10:38:06.000,10510 W ZEMKE RD,Demo City,Illinois,60666,10510,W,ZEMKE,RD,,,,,,,,,,,10,3,3,,,,,
SR26-00476945,311 INFORMATION ONLY CALL,311IOC,311 City Services,311 City Services,Completed,Phone Call,2026-03-17T10:37:55.000,2026-03-17T10:37:56.000,2111 W Lexington ST,Demo City,Illinois,60612,2111,W,Lexington,ST,,,,,,,,,,,10,3,3,,,,,
SR26-00476944,311 INFORMATION ONLY CALL,311IOC,311 City Services,311 City Services,Completed,Phone Call,2026-03-17T10:37:51.000,2026-03-17T10:37:52.000,2111 W Lexington ST,Demo City,Illinois,60612,2111,W,Lexington,ST,,,,,,,,,,,10,3,3,,,,,
SR26-00476943,Pothole in Street Complaint,PHF,Alderman,CDOT - Department of Transportation,Open,Phone Call,2026-03-17T10:37:45.000,2026-03-17T10:37:48.000,4543 N CENTRAL AVE,Demo City,Illinois,60630,4543,N,CENTRAL,AVE,,,15,45,1,C011,2,16,1623,17,10,3,3,1138251.5030257402,1929821.138976879,41.963571000941,-87.767091000002,"{""latitude"":""41.963571000941"",""longitude"":""-87.767091000002"",""human_address"":""{\""address\"": \""\"", \""city\"": \""\"", \""state\"": \""\"", \""zip\"": \""\""}""}"
SR26-00476941,Pothole in Street Complaint,PHF,311 City Services,CDOT - Department of Transportation,Open,Phone Call,2026-03-17T10:37:34.000,2026-03-17T10:37:37.000,2156 W ADDISON ST,Demo City,Illinois,,2156,W,ADDISON,ST,,,5,32,4,K014,2,19,1921,7,10,3,3,1161055.974622468,1923874.2251148578,41.946808198884,-87.683411908785,"{""latitude"":""41.946808198884"",""longitude"":""-87.683411908785"",""human_address"":""{\""address\"": \""\"", \""city\"": \""\"", \""state\"": \""\"", \""zip\"": \""\""}""}"
SR26-00476940,311 INFORMATION ONLY CALL,311IOC,311 City Services,311 City Services,Completed,Phone Call,2026-03-17T10:37:23.000,2026-03-17T10:37:24.000,2111 W Lexington ST,Demo City,Illinois,60612,2111,W,Lexington,ST,,,,,,,,,,,10,3,3,,,,,
SR26-00476939,311 INFORMATION ONLY CALL,311IOC,311 City Services,311 City Services,Completed,Phone Call,2026-03-17T10:37:04.000,2026-03-17T10:37:05.000,2111 W Lexington ST,Demo City,Illinois,60612,2111,W,Lexington,ST,,,,,,,,,,,10,3,3,,,,,
SR26-00476938,311 INFORMATION ONLY CALL,311IOC,311 City Services,311 City Services,Completed,Phone Call,2026-03-17T10:36:58.000,2026-03-17T10:36:59.000,2111 W Lexington ST,Demo City,Illinois,60612,2111,W,Lexington,ST,,,,,,,,,,,10,3,3,,,,,
SR26-00476937,Pothole in Street Complaint,PHF,311 City Services,CDOT - Department of Transportation,Open,Phone Call,2026-03-17T10:36:50.000,2026-03-17T10:36:52.000,6431 N GREENVIEW AVE,Demo City,Illinois,60626,6431,N,GREENVIEW,AVE,,,1,49,2,M006,3,24,2432,2,10,3,3,1165182.5040622859,1942940.5411722339,41.999040000941,-87.667699500002,"{""latitude"":""41.999040000941"",""longitude"":""-87.667699500002"",""human_address"":""{\""address\"": \""\"", \""city\"": \""\"", \""state\"": \""\"", \""zip\"": \""\""}""}"
SR26-00476935,311 INFORMATION ONLY CALL,311IOC,311 City Services,311 City Services,Completed,Phone Call,2026-03-17T10:36:42.000,2026-03-17T10:36:42.000,2111 W Lexington ST,Demo City,Illinois,60612,2111,W,Lexington,ST,,,,,,,,,,,10,3,3,,,,,
SR26-00476934,311 INFORMATION ONLY CALL,311IOC,311 City Services,311 City Services,Completed,Phone Call,2026-03-17T10:36:31.000,2026-03-17T10:36:31.000,2111 W Lexington ST,Demo City,Illinois,60612,2111,W,Lexington,ST,,,,,,,,,,,10,3,3,,,,,
SR26-00476933,311 INFORMATION ONLY CALL,311IOC,311 City Services,311 City Services,Completed,Phone Call,2026-03-17T10:36:29.000,2026-03-17T10:36:30.000,2111 W Lexington ST,Demo City,Illinois,60612,2111,W,Lexington,ST,,,,,,,,,,,10,3,3,,,,,
SR26-00476931,Garbage Cart Maintenance,SIE,,Streets and Sanitation,Open,Internet,2026-03-17T10:36:18.000,2026-03-17T10:36:21.000,1740 N HERMITAGE AVE,Demo City,Illinois,60622,1740,N,HERMITAGE,AVE,,,24,32,5,L018,3,14,1433,35,10,3,3,1164346.514657296,1911795.3681295041,41.913594000941,-87.671659500002,"{""latitude"":""41.913594000941"",""longitude"":""-87.671659500002"",""human_address"":""{\""address\"": \""\"", \""city\"": \""\"", \""state\"": \""\"", \""zip\"": \""\""}""}"
SR26-00476930,Snow - Object/Dibs Removal Request,SDW,311 City Services,Streets and Sanitation,Open,Phone Call,2026-03-17T10:36:16.000,2026-03-17T10:36:18.000,10630 S BENSLEY AVE,Demo City,Illinois,60617,10630,S,BENSLEY,AVE,,,51,10,15,V048,3,04,0434,45,10,3,3,1194489.8630360977,1834869.9054346269,41.70181500094,-87.563452500002,"{""latitude"":""41.70181500094"",""longitude"":""-87.563452500002"",""human_address"":""{\""address\"": \""\"", \""city\"": \""\"", \""state\"": \""\"", \""zip\"": \""\""}""}"
SR26-00476929,311 INFORMATION ONLY CALL,311IOC,311 City Services,311 City Services,Completed,Phone Call,2026-03-17T10:36:09.000,2026-03-17T10:36:09.000,2111 W Lexington ST,Demo City,Illinois,60612,2111,W,Lexington,ST,,,,,,,,,,,10,3,3,,,,,
SR26-00476927,311 INFORMATION ONLY CALL,311IOC,311 City Services,311 City Services,Completed,Phone Call,2026-03-17T10:35:57.000,2026-03-17T10:35:57.000,2111 W Lexington ST,Demo City,Illinois,60612,2111,W,Lexington,ST,,,,,,,,,,,10,3,3,,,,,
SR26-00476925,311 INFORMATION ONLY CALL,311IOC,311 City Services,311 City Services,Completed,Phone Call,2026-03-17T10:35:34.000,2026-03-17T10:35:35.000,2111 W Lexington ST,Demo City,Illinois,60612,2111,W,Lexington,ST,,,,,,,,,,,10,3,3,,,,,
SR26-00476924,Garbage Cart Maintenance,SIE,311 City Services,Streets and Sanitation,Open,Phone Call,2026-03-17T10:35:30.000,2026-03-17T10:35:33.000,10741 S NORMAL AVE,Demo City,Illinois,60628,10741,S,NORMAL,AVE,,,49,21,14,O048,3,22,2233,27,10,3,3,1174944.6226554527,1833512.7697195304,41.69854800094,-87.635061000002,"{""latitude"":""41.69854800094"",""longitude"":""-87.635061000002"",""human_address"":""{\""address\"": \""\"", \""city\"": \""\"", \""state\"": \""\"", \""zip\"": \""\""}""}"
SR26-00476923,311 INFORMATION ONLY CALL,311IOC,311 City Services,311 City Services,Completed,Phone Call,2026-03-17T10:35:26.000,2026-03-17T10:35:27.000,2111 W Lexington ST,Demo City,Illinois,60612,2111,W,Lexington,ST,,,,,,,,,,,10,3,3,,,,,
SR26-00476921,311 INFORMATION ONLY CALL,311IOC,311 City Services,311 City Services,Completed,Phone Call,2026-03-17T10:35:14.000,2026-03-17T10:35:15.000,2111 W Lexington ST,Demo City,Illinois,60612,2111,W,Lexington,ST,,,,,,,,,,,10,3,3,,,,,
SR26-00476919,311 INFORMATION ONLY CALL,311IOC,311 City Services,311 City Services,Completed,Phone Call,2026-03-17T10:34:56.000,2026-03-17T10:34:57.000,2111 W Lexington ST,Demo City,Illinois,60612,2111,W,Lexington,ST,,,,,,,,,,,10,3,3,,,,,
SR26-00476918,Check for Leak,WM3,311 City Services,DWM - Department of Water Management,Open,Phone Call,2026-03-17T10:34:41.000,2026-03-17T10:34:46.000,714 N WELLS ST,Demo City,Illinois,60654,714,N,WELLS,ST,,,8,42,5,P021,3,18,1831,15,10,3,3,1174531.1350777878,1905231.239258205,41.89536000094,-87.634440000002,"{""latitude"":""41.89536000094"",""longitude"":""-87.634440000002"",""human_address"":""{\""address\"": \""\"", \""city\"": \""\"", \""state\"": \""\"", \""zip\"": \""\""}""}"
SR26-00476917,Traffic Signal Out Complaint,SFB,Streets and Sanitation,CDOT - Department of Transportation,Open,Phone Call,2026-03-17T10:34:37.000,2026-03-17T10:34:50.000,2001 E 75TH ST,Demo City,Illinois,,2001,E,75TH,ST,,,43,7,12,U040,3,03,0333,42,10,3,3,1190840.107967464,1855634.645715026,41.758884241426,-87.576147705908,"{""latitude"":""41.758884241426"",""longitude"":""-87.576147705908"",""human_address"":""{\""address\"": \""\"", \""city\"": \""\"", \""state\"": \""\"", \""zip\"": \""\""}""}"
SR26-00476916,311 INFORMATION ONLY CALL,311IOC,311 City Services,311 City Services,Completed,Phone Call,2026-03-17T10:34:26.000,2026-03-17T10:34:27.000,2111 W Lexington ST,Demo City,Illinois,60612,2111,W,Lexington,ST,,,,,,,,,,,10,3,3,,,,,
SR26-00476914,Low Water Pressure Complaint,WBK,DWM - Department of Water Management,DWM - Department of Water Management,Open,Phone Call,2026-03-17T10:34:14.000,2026-03-17T10:34:56.000,8121 S COLES AVE,Demo City,Illinois,60617,8121,S,COLES,AVE,,,46,7,12,X041,2,04,0422,22,10,3,3,1198304.2882524675,1851624.6521631544,41.74769700094,-87.548926500002,"{""latitude"":""41.74769700094"",""longitude"":""-87.548926500002"",""human_address"":""{\""address\"": \""\"", \""city\"": \""\"", \""state\"": \""\"", \""zip\"": \""\""}""}"
SR26-00476913,311 INFORMATION ONLY CALL,311IOC,311 City Services,311 City Services,Completed,Phone Call,2026-03-17T10:34:08.000,2026-03-17T10:34:09.000,2111 W Lexington ST,Demo City,Illinois,60612,2111,W,Lexington,ST,,,,,,,,,,,10,3,3,,,,,
SR26-00476912,Snow – Uncleared Sidewalk Complaint,SWSNOREM,,CDOT - Department of Transportation,Open,Mobile Device,2026-03-17T10:33:46.000,2026-03-17T10:33:48.000,1523 W WINNEMAC AVE,,,,1523,W,WINNEMAC,AVE,,,3,47,2,M010,3,20,2032,30,10,3,3,1164864.8356139094,1933591.2909086933,41.973392142849,-87.669134830132,"{""latitude"":""41.973392142849"",""longitude"":""-87.669134830132"",""human_address"":""{\""address\"": \""\"", \""city\"": \""\"", \""state\"": \""\"", \""zip\"": \""\""}""}"
SR26-00476911,Garbage Cart Maintenance,SIE,311 City Services,Streets and Sanitation,Open,Phone Call,2026-03-17T10:33:38.000,2026-03-17T10:33:40.000,2338 W TAYLOR ST,Demo City,Illinois,60612,2338,W,TAYLOR,ST,,,28,28,7,K024,2,12,1225,46,10,3,3,1160783.2624974789,1895585.7061143978,41.86918800094,-87.685200000002,"{""latitude"":""41.86918800094"",""longitude"":""-87.685200000002"",""human_address"":""{\""address\"": \""\"", \""city\"": \""\"", \""state\"": \""\"", \""zip\"": \""\""}""}"
SR26-00476910,Aircraft Noise Complaint,AVN,,Aviation,Completed,Internet,2026-03-17T10:33:28.000,2026-03-17T10:33:29.000,10510 W ZEMKE RD,Demo City,Illinois,60666,10510,W,ZEMKE,RD,,,,,,,,,,,10,3,3,,,,,
SR26-00476908,311 INFORMATION ONLY CALL,311IOC,311 City Services,311 City Services,Completed,Phone Call,2026-03-17T10:33:22.000,2026-03-17T10:33:23.000,2111 W Lexington ST,Demo City,Illinois,60612,2111,W,Lexington,ST,,,,,,,,,,,10,3,3,,,,,
SR26-00476907,Abandoned Vehicle Complaint,SKA,Alderman,Streets and Sanitation,Open,Phone Call,2026-03-17T10:33:20.000,2026-03-17T10:33:24.000,3415 W GLENLAKE AVE,Demo City,Illinois,60659,3415,W,GLENLAKE,AVE,,,13,50,2,H007,1,17,1711,25,10,3,3,1152414.4039491706,1940272.2045879622,41.991980705242,-87.714740736418,"{""latitude"":""41.991980705242"",""longitude"":""-87.714740736418"",""human_address"":""{\""address\"": \""\"", \""city\"": \""\"", \""state\"": \""\"", \""zip\"": \""\""}""}"
SR26-00476906,Ice and Snow Removal Request,SDO,,Streets and Sanitation,Open,Mobile Device,2026-03-17T10:33:19.000,2026-03-17T11:00:07.000,7200 S CONSTANCE AVE,,,,7200,S,CONSTANCE,AVE,1,,43,7,12,U039,2,03,0324,2,10,3,3,1189598.6762519896,1857573.1294828488,41.76423350179,-87.580635242721,"{""latitude"":""41.76423350179"",""longitude"":""-87.580635242721"",""human_address"":""{\""address\"": \""\"", \""city\"": \""\"", \""state\"": \""\"", \""zip\"": \""\""}""}"
SR26-00476905,311 INFORMATION ONLY CALL,311IOC,311 City Services,311 City Services,Completed,Phone Call,2026-03-17T10:32:58.000,2026-03-17T10:32:59.000,2111 W Lexington ST,Demo City,Illinois,60612,2111,W,Lexington,ST,,,,,,,,,,,10,3,3,,,,,
SR26-00476903,311 INFORMATION ONLY CALL,311IOC,311 City Services,311 City Services,Completed,Phone Call,2026-03-17T10:32:50.000,2026-03-17T10:32:51.000,2111 W Lexington ST,Demo City,Illinois,60612,2111,W,Lexington,ST,,,,,,,,,,,10,3,3,,,,,
SR26-00476901,Missed Garbage Pick-Up Complaint,SCC,311 City Services,Streets and Sanitation,Open,Phone Call,2026-03-17T10:32:40.000,2026-03-17T10:32:42.000,6237 S MORGAN ST,Demo City,Illinois,60621,6237,S,MORGAN,ST,,,68,16,11,N036,1,07,0712,27,10,3,3,1170790.9208011741,1863318.3385501793,41.78043000094,-87.649402500002,"{""latitude"":""41.78043000094"",""longitude"":""-87.649402500002"",""human_address"":""{\""address\"": \""\"", \""city\"": \""\"", \""state\"": \""\"", \""zip\"": \""\""}""}"
SR26-00476900,311 INFORMATION ONLY CALL,311IOC,311 City Services,311 City Services,Completed,Phone Call,2026-03-17T10:32:35.000,2026-03-17T10:32:35.000,2111 W Lexington ST,Demo City,Illinois,60612,2111,W,Lexington,ST,,,,,,,,,,,10,3,3,,,,,
SR26-00476897,Snow – Uncleared Sidewalk Complaint,SWSNOREM,,CDOT - Department of Transportation,Open,Mobile Device,2026-03-17T10:32:09.000,2026-03-17T10:32:11.000,1513 W WINNEMAC AVE,,,,1513,W,WINNEMAC,AVE,,,3,47,2,M010,3,20,2032,30,10,3,3,1165009.443656779,1933558.8335673825,41.973300000941,-87.668604000002,"{""latitude"":""41.973300000941"",""longitude"":""-87.668604000002"",""human_address"":""{\""address\"": \""\"", \""city\"": \""\"", \""state\"": \""\"", \""zip\"": \""\""}""}"
SR26-00476896,Garbage Cart Maintenance,SIE,Streets and Sanitation,Streets and Sanitation,Open,Phone Call,2026-03-17T10:32:09.000,2026-03-17T10:32:11.000,3046 W HOLLYWOOD AVE,Demo City,Illinois,60659,3046,W,HOLLYWOOD,AVE,,,2,50,2,I008,1,20,2011,29,10,3,3,1154829.184982882,1937726.151226833,41.984946000941,-87.705927000002,"{""latitude"":""41.984946000941"",""longitude"":""-87.705927000002"",""human_address"":""{\""address\"": \""\"", \""city\"": \""\"", \""state\"": \""\"", \""zip\"": \""\""}""}"
SR26-00476892,Building Violation,BBA,,DOB - Buildings,Open,Internet,2026-03-17T10:31:47.000,2026-03-17T10:31:54.000,7545 S YATES BLVD,Demo City,Illinois,60649,7545,S,YATES,BLVD,,,43,7,12,W040,2,04,0421,11,10,3,3,1193538.4274631941,1855203.915843975,41.757636686365,-87.566272781992,"{""latitude"":""41.757636686365"",""longitude"":""-87.566272781992"",""human_address"":""{\""address\"": \""\"", \""city\"": \""\"", \""state\"": \""\"", \""zip\"": \""\""}""}"
SR26-00476891,311 INFORMATION ONLY CALL,311IOC,311 City Services,311 City Services,Completed,Phone Call,2026-03-17T10:31:39.000,2026-03-17T10:31:40.000,2111 W Lexington ST,Demo City,Illinois,60612,2111,W,Lexington,ST,,,,,,,,,,,10,3,3,,,,,
SR26-00476890,311 INFORMATION ONLY CALL,311IOC,311 City Services,311 City Services,Completed,Phone Call,2026-03-17T10:31:31.000,2026-03-17T10:31:31.000,2111 W Lexington ST,Demo City,Illinois,60612,2111,W,Lexington,ST,,,,,,,,,,,10,3,3,,,,,
SR26-00476889,Blue Recycling Cart,SRRC,,Streets and Sanitation,Open,Internet,2026-03-17T10:31:26.000,2026-03-17T10:31:30.000,5728 S NEVA AVE,Demo City,Illinois,60638,5728,S,NEVA,AVE,,,56,13,10,Y135,1,08,0811,1,10,3,3,1129601.8721375703,1865607.9934468002,41.78751300094,-87.800359500002,"{""latitude"":""41.78751300094"",""longitude"":""-87.800359500002"",""human_address"":""{\""address\"": \""\"", \""city\"": \""\"", \""state\"": \""\"", \""zip\"": \""\""}""}"
SR26-00476888,Blue Recycling Cart,SRRC,311 City Services,Streets and Sanitation,Open,Phone Call,2026-03-17T10:31:23.000,2026-03-17T10:31:26.000,1521 N LAWNDALE AVE,Demo City,Illinois,60651,1521,N,LAWNDALE,AVE,,,23,26,6,G019,3,25,2535,18,10,3,3,1151548.5665311553,1909965.1439505566,41.908833000941,-87.718725000002,"{""latitude"":""41.908833000941"",""longitude"":""-87.718725000002"",""human_address"":""{\""address\"": \""\"", \""city\"": \""\"", \""state\"": \""\"", \""zip\"": \""\""}""}"
SR26-00476887,311 INFORMATION ONLY CALL,311IOC,311 City Services,311 City Services,Completed,Phone Call,2026-03-17T10:31:17.000,2026-03-17T10:31:18.000,2111 W Lexington ST,Demo City,Illinois,60612,2111,W,Lexington,ST,,,,,,,,,,,10,3,3,,,,,
SR26-00476886,311 INFORMATION ONLY CALL,311IOC,311 City Services,311 City Services,Completed,Phone Call,2026-03-17T10:31:16.000,2026-03-17T10:31:17.000,2111 W Lexington ST,Demo City,Illinois,60612,2111,W,Lexington,ST,,,,,,,,,,,10,3,3,,,,,
SR26-00476885,311 INFORMATION ONLY CALL,311IOC,311 City Services,311 City Services,Completed,Phone Call,2026-03-17T10:30:54.000,2026-03-17T10:30:55.000,2111 W Lexington ST,Demo City,Illinois,60612,2111,W,Lexington,ST,,,,,,,,,,,10,3,3,,,,,
SR26-00476883,311 INFORMATION ONLY CALL,311IOC,311 City Services,311 City Services,Completed,Phone Call,2026-03-17T10:30:42.000,2026-03-17T10:30:43.000,2111 W Lexington ST,Demo City,Illinois,60612,2111,W,Lexington,ST,,,,,,,,,,,10,3,3,,,,,
SR26-00476884,Ice and Snow Removal Request,SDO,311 City Services,Streets and Sanitation,Open,Phone Call,2026-03-17T10:30:42.000,2026-03-17T10:30:45.000,6000 S PEORIA ST,Demo City,Illinois,60621,6000,S,PEORIA,ST,,,68,16,11,N036,1,07,0712,25,10,3,3,1171264.1937499114,1864922.6229254955,41.78482200094,-87.647620500002,"{""latitude"":""41.78482200094"",""longitude"":""-87.647620500002"",""human_address"":""{\""address\"": \""\"", \""city\"": \""\"", \""state\"": \""\"", \""zip\"": \""\""}""}"
SR26-00476882,Pothole in Street Complaint,PHF,,CDOT - Department of Transportation,Open,Mobile Device,2026-03-17T10:30:42.000,2026-03-17T10:30:44.000,2306 N CENTRAL PARK AVE,,,,2306,N,CENTRAL PARK,AVE,,,22,35,3,G017,2,25,2525,21,10,3,3,1151932.6605275476,1915156.5043209267,41.923071000941,-87.717177000002,"{""latitude"":""41.923071000941"",""longitude"":""-87.717177000002"",""human_address"":""{\""address\"": \""\"", \""city\"": \""\"", \""state\"": \""\"", \""zip\"": \""\""}""}"
SR26-00476880,Blue Recycling Cart,SRRC,311 City Services,Streets and Sanitation,Open,Phone Call,2026-03-17T10:30:28.000,2026-03-17T10:30:30.000,11132 S UNION AVE,Demo City,Illinois,60628,11132,S,UNION,AVE,,,49,21,14,O049,3,22,2233,42,10,3,3,1173554.9299392146,1830877.7843241813,41.69134800094,-87.640227000002,"{""latitude"":""41.69134800094"",""longitude"":""-87.640227000002"",""human_address"":""{\""address\"": \""\"", \""city\"": \""\"", \""state\"": \""\"", \""zip\"": \""\""}""}"
SR26-00476879,311 INFORMATION ONLY CALL,311IOC,311 City Services,311 City Services,Completed,Phone Call,2026-03-17T10:30:24.000,2026-03-17T10:30:25.000,2111 W Lexington ST,Demo City,Illinois,60612,2111,W,Lexington,ST,,,,,,,,,,,10,3,3,,,,,
SR26-00476878,311 INFORMATION ONLY CALL,311IOC,311 City Services,311 City Services,Completed,Phone Call,2026-03-17T10:30:20.000,2026-03-17T10:30:21.000,2111 W Lexington ST,Demo City,Illinois,60612,2111,W,Lexington,ST,,,,,,,,,,,10,3,3,,,,,
SR26-00476877,311 INFORMATION ONLY CALL,311IOC,311 City Services,311 City Services,Completed,Phone Call,2026-03-17T10:30:20.000,2026-03-17T10:30:21.000,2111 W Lexington ST,Demo City,Illinois,60612,2111,W,Lexington,ST,,,,,,,,,,,10,3,3,1179249.1453297955,1828999.1007645733,41.68606500094,-87.619437000002,"{""latitude"":""41.68606500094"",""longitude"":""-87.619437000002"",""human_address"":""{\""address\"": \""\"", \""city\"": \""\"", \""state\"": \""\"", \""zip\"": \""\""}""}"
SR26-00476875,311 INFORMATION ONLY CALL,311IOC,311 City Services,311 City Services,Completed,Phone Call,2026-03-17T10:30:09.000,2026-03-17T10:30:10.000,2111 W Lexington ST,Demo City,Illinois,60612,2111,W,Lexington,ST,,,,,,,,,,,10,3,3,,,,,
SR26-00476874,Abandoned Vehicle Complaint,SKA,Alderman,Streets and Sanitation,Open,Phone Call,2026-03-17T10:30:00.000,2026-03-17T10:30:04.000,1851 W LARCHMONT AVE,Demo City,Illinois,60613,1851,W,LARCHMONT,AVE,,,5,47,4,L013,2,19,1922,29,10,3,3,1163016.3820169584,1926163.8386984852,41.953050000941,-87.676141500002,"{""latitude"":""41.953050000941"",""longitude"":""-87.676141500002"",""human_address"":""{\""address\"": \""\"", \""city\"": \""\"", \""state\"": \""\"", \""zip\"": \""\""}""}"
SR26-00476873,Pothole in Street Complaint,PHF,,CDOT - Department of Transportation,Open,Internet,2026-03-17T10:29:53.000,2026-03-17T10:29:59.000,8427 S MAY ST,Demo City,Illinois,60620,8427,S,MAY,ST,,,71,17,13,N042,1,06,0613,33,10,3,3,1170205.0922238666,1848794.3256380642,41.74058700094,-87.651972000002,"{""latitude"":""41.74058700094"",""longitude"":""-87.651972000002"",""human_address"":""{\""address\"": \""\"", \""city\"": \""\"", \""state\"": \""\"", \""zip\"": \""\""}""}"
SR26-00476870,Pothole in Street Complaint,PHF,,CDOT - Department of Transportation,Open,Mobile Device,2026-03-17T10:29:34.000,2026-03-17T10:29:39.000,1800 E 71ST PL,,,,1800,E,71ST,PL,,,43,7,12,U039,2,03,0324,2,10,3,3,1189470.7462364337,1857945.830775371,41.765259296639,-87.581092183829,"{""latitude"":""41.765259296639"",""longitude"":""-87.581092183829"",""human_address"":""{\""address\"": \""\"", \""city\"": \""\"", \""state\"": \""\"", \""zip\"": \""\""}""}"
SR26-00476869,Abandoned Vehicle Complaint,SKA,311 City Services,Streets and Sanitation,Open,Phone Call,2026-03-17T10:29:29.000,2026-03-17T10:29:33.000,6433 N TALMAN AVE,Demo City,Illinois,60645,6433,N,TALMAN,AVE,,,2,50,2,J006,1,24,2412,19,10,3,3,1157560.7694166612,1942728.3868813356,41.998617000941,-87.695743500002,"{""latitude"":""41.998617000941"",""longitude"":""-87.695743500002"",""human_address"":""{\""address\"": \""\"", \""city\"": \""\"", \""state\"": \""\"", \""zip\"": \""\""}""}"
SR26-00476868,Garbage Cart Maintenance,SIE,,Streets and Sanitation,Open,Internet,2026-03-17T10:29:22.000,2026-03-17T10:29:25.000,1807 W 51ST ST,Demo City,Illinois,60609,1807,W,51ST,ST,,,61,16,11,L034,3,09,0932,8,10,3,3,1165099.2084498522,1870807.3086185923,41.80110300094,-87.670057500002,"{""latitude"":""41.80110300094"",""longitude"":""-87.670057500002"",""human_address"":""{\""address\"": \""\"", \""city\"": \""\"", \""state\"": \""\"", \""zip\"": \""\""}""}"
SR26-00476867,Abandoned Vehicle Complaint,SKA,311 City Services,Streets and Sanitation,Open,Phone Call,2026-03-17T10:29:07.000,2026-03-17T10:29:13.000,3815 S DR MLK DR,Demo City,Illinois,60653,3815,S,DR MLK,DR,,,35,4,9,R030,1,02,0212,30,10,3,3,1179505.7525751137,1879700.4235291579,41.825189244367,-87.616952074056,"{""latitude"":""41.825189244367"",""longitude"":""-87.616952074056"",""human_address"":""{\""address\"": \""\"", \""city\"": \""\"", \""state\"": \""\"", \""zip\"": \""\""}""}"
SR26-00476866,Finance Parking Code Enforcement Review,FPCE,,Finance,Completed,Mobile Device,2026-03-17T10:29:00.000,2026-03-17T10:29:03.000,5148 S KILDARE AVE,,,,5148,S,KILDARE,AVE,,,57,23,10,F034,1,08,0815,6,10,3,3,1148507.0560769327,1869966.8942933502,41.79913200094,-87.730929000002,"{""latitude"":""41.79913200094"",""longitude"":""-87.730929000002"",""human_address"":""{\""address\"": \""\"", \""city\"": \""\"", \""state\"": \""\"", \""zip\"": \""\""}""}"
SR26-00476865,311 INFORMATION ONLY CALL,311IOC,311 City Services,311 City Services,Completed,Phone Call,2026-03-17T10:28:59.000,2026-03-17T10:33:43.000,2111 W Lexington ST,Demo City,Illinois,60612,2111,W,Lexington,ST,,,28,28,7,K024,2,12,1225,46,10,3,3,1162234.4668753312,1896560.9616219066,41.87183400094,-87.679845000002,"{""latitude"":""41.87183400094"",""longitude"":""-87.679845000002"",""human_address"":""{\""address\"": \""\"", \""city\"": \""\"", \""state\"": \""\"", \""zip\"": \""\""}""}"
SR26-00476864,311 INFORMATION ONLY CALL,311IOC,311 City Services,311 City Services,Completed,Phone Call,2026-03-17T10:28:41.000,2026-03-17T10:34:07.000,2111 W Lexington ST,Demo City,Illinois,60612,2111,W,Lexington,ST,,,28,28,7,K024,2,12,1225,46,10,3,3,1162234.4668753312,1896560.9616219066,41.87183400094,-87.679845000002,"{""latitude"":""41.87183400094"",""longitude"":""-87.679845000002"",""human_address"":""{\""address\"": \""\"", \""city\"": \""\"", \""state\"": \""\"", \""zip\"": \""\""}""}"
SR26-00476863,311 INFORMATION ONLY CALL,311IOC,311 City Services,311 City Services,Completed,Phone Call,2026-03-17T10:28:41.000,2026-03-17T10:34:11.000,2111 W Lexington ST,Demo City,Illinois,60612,2111,W,Lexington,ST,,,28,28,7,K024,2,12,1225,46,10,3,3,1162234.4668753312,1896560.9616219066,41.87183400094,-87.679845000002,"{""latitude"":""41.87183400094"",""longitude"":""-87.679845000002"",""human_address"":""{\""address\"": \""\"", \""city\"": \""\"", \""state\"": \""\"", \""zip\"": \""\""}""}"
SR26-00476862,311 INFORMATION ONLY CALL,311IOC,311 City Services,311 City Services,Completed,Phone Call,2026-03-17T10:28:26.000,2026-03-17T10:33:43.000,2111 W Lexington ST,Demo City,Illinois,60612,2111,W,Lexington,ST,,,28,28,7,K024,2,12,1225,46,10,3,3,1162234.4668753312,1896560.9616219066,41.87183400094,-87.679845000002,"{""latitude"":""41.87183400094"",""longitude"":""-87.679845000002"",""human_address"":""{\""address\"": \""\"", \""city\"": \""\"", \""state\"": \""\"", \""zip\"": \""\""}""}"
SR26-00476861,Aircraft Noise Complaint,AVN,,Aviation,Completed,Internet,2026-03-17T10:28:22.000,2026-03-17T10:34:11.000,10510 W ZEMKE RD,Demo City,Illinois,60666,10510,W,ZEMKE,RD,,,76,41,,,5,16,1654,27,10,3,3,1105376.7673561182,1941043.7883293368,41.994900000941,-87.887749500002,"{""latitude"":""41.994900000941"",""longitude"":""-87.887749500002"",""human_address"":""{\""address\"": \""\"", \""city\"": \""\"", \""state\"": \""\"", \""zip\"": \""\""}""}"
SR26-00476860,311 INFORMATION ONLY CALL,311IOC,311 City Services,311 City Services,Completed,Phone Call,2026-03-17T10:28:16.000,2026-03-17T10:32:55.000,2111 W Lexington ST,Demo City,Illinois,60612,2111,W,Lexington,ST,,,28,28,7,K024,2,12,1225,46,10,3,3,1162234.4668753312,1896560.9616219066,41.87183400094,-87.679845000002,"{""latitude"":""41.87183400094"",""longitude"":""-87.679845000002"",""human_address"":""{\""address\"": \""\"", \""city\"": \""\"", \""state\"": \""\"", \""zip\"": \""\""}""}"
SR26-00476859,311 INFORMATION ONLY CALL,311IOC,311 City Services,311 City Services,Completed,Phone Call,2026-03-17T10:28:14.000,2026-03-17T10:33:43.000,2111 W Lexington ST,Demo City,Illinois,60612,2111,W,Lexington,ST,,,28,28,7,K024,2,12,1225,46,10,3,3,1162234.4668753312,1896560.9616219066,41.87183400094,-87.679845000002,"{""latitude"":""41.87183400094"",""longitude"":""-87.679845000002"",""human_address"":""{\""address\"": \""\"", \""city\"": \""\"", \""state\"": \""\"", \""zip\"": \""\""}""}"
SR26-00476858,311 INFORMATION ONLY CALL,311IOC,311 City Services,311 City Services,Completed,Phone Call,2026-03-17T10:28:11.000,2026-03-17T10:34:07.000,2111 W Lexington ST,Demo City,Illinois,60612,2111,W,Lexington,ST,,,28,28,7,K024,2,12,1225,46,10,3,3,1162234.4668753312,1896560.9616219066,41.87183400094,-87.679845000002,"{""latitude"":""41.87183400094"",""longitude"":""-87.679845000002"",""human_address"":""{\""address\"": \""\"", \""city\"": \""\"", \""state\"": \""\"", \""zip\"": \""\""}""}"
SR26-00476857,Tree Debris Clean-Up Request,SEL,,Streets and Sanitation,Open,Internet,2026-03-17T10:28:08.000,2026-03-17T11:00:07.000,5325 S NEVA AVE,Demo City,Illinois,60638,5325,S,NEVA,AVE,,,56,23,10,Y134,1,08,0811,27,10,3,3,1129661.0766432032,1868330.475420931,41.79498300094,-87.800080500002,"{""latitude"":""41.79498300094"",""longitude"":""-87.800080500002"",""human_address"":""{\""address\"": \""\"", \""city\"": \""\"", \""state\"": \""\"", \""zip\"": \""\""}""}"
SR26-00476856,311 INFORMATION ONLY CALL,311IOC,311 City Services,311 City Services,Completed,Phone Call,2026-03-17T10:28:00.000,2026-03-17T10:34:07.000,2111 W Lexington ST,Demo City,Illinois,60612,2111,W,Lexington,ST,,,28,28,7,K024,2,12,1225,46,10,3,3,1162234.4668753312,1896560.9616219066,41.87183400094,-87.679845000002,"{""latitude"":""41.87183400094"",""longitude"":""-87.679845000002"",""human_address"":""{\""address\"": \""\"", \""city\"": \""\"", \""state\"": \""\"", \""zip\"": \""\""}""}"
SR26-00476855,311 INFORMATION ONLY CALL,311IOC,311 City Services,311 City Services,Completed,Phone Call,2026-03-17T10:27:57.000,2026-03-17T10:34:07.000,2111 W Lexington ST,Demo City,Illinois,60612,2111,W,Lexington,ST,,,28,28,7,K024,2,12,1225,46,10,3,3,1162234.4668753312,1896560.9616219066,41.87183400094,-87.679845000002,"{""latitude"":""41.87183400094"",""longitude"":""-87.679845000002"",""human_address"":""{\""address\"": \""\"", \""city\"": \""\"", \""state\"": \""\"", \""zip\"": \""\""}""}"
SR26-00476854,Abandoned Vehicle Complaint,SKA,,Streets and Sanitation,Open,Internet,2026-03-17T10:27:44.000,2026-03-17T11:00:07.000,910 S WESTERN AVE,Demo City,Illinois,60612,910,S,WESTERN,AVE,,,28,28,7,J024,3,11,1135,11,10,3,3,1160429.5929619952,1895835.5806338708,41.86988100094,-87.686491500002,"{""latitude"":""41.86988100094"",""longitude"":""-87.686491500002"",""human_address"":""{\""address\"": \""\"", \""city\"": \""\"", \""state\"": \""\"", \""zip\"": \""\""}""}"
SR26-00476853,311 INFORMATION ONLY CALL,311IOC,311 City Services,311 City Services,Completed,Phone Call,2026-03-17T10:27:43.000,2026-03-17T10:32:34.000,2111 W Lexington ST,Demo City,Illinois,60612,2111,W,Lexington,ST,,,28,28,7,K024,2,12,1225,46,10,3,3,1162234.4668753312,1896560.9616219066,41.87183400094,-87.679845000002,"{""latitude"":""41.87183400094"",""longitude"":""-87.679845000002"",""human_address"":""{\""address\"": \""\"", \""city\"": \""\"", \""state\"": \""\"", \""zip\"": \""\""}""}"
SR26-00476852,Sign Repair Request - One Way Sign,PCC,CDOT - Department of Transportation,CDOT - Department of Transportation,Open,Phone Call,2026-03-17T10:27:37.000,2026-03-17T10:28:06.000,7900 S GREEN ST,Demo City,Illinois,60620,7900,S,GREEN,ST,,,71,17,11,N041,2,06,0621,10,10,3,3,1171986.737508455,1852447.2444800353,41.750572199487,-87.64533722594,"{""latitude"":""41.750572199487"",""longitude"":""-87.64533722594"",""human_address"":""{\""address\"": \""\"", \""city\"": \""\"", \""state\"": \""\"", \""zip\"": \""\""}""}"
SR26-00476850,311 INFORMATION ONLY CALL,311IOC,311 City Services,311 City Services,Completed,Phone Call,2026-03-17T10:27:29.000,2026-03-17T10:34:07.000,2111 W Lexington ST,Demo City,Illinois,60612,2111,W,Lexington,ST,,,28,28,7,K024,2,12,1225,46,10,3,3,1162234.4668753312,1896560.9616219066,41.87183400094,-87.679845000002,"{""latitude"":""41.87183400094"",""longitude"":""-87.679845000002"",""human_address"":""{\""address\"": \""\"", \""city\"": \""\"", \""state\"": \""\"", \""zip\"": \""\""}""}"
SR26-00476849,311 INFORMATION ONLY CALL,311IOC,311 City Services,311 City Services,Completed,Phone Call,2026-03-17T10:27:14.000,2026-03-17T10:34:07.000,2111 W Lexington ST,Demo City,Illinois,60612,2111,W,Lexington,ST,,,28,28,7,K024,2,12,1225,46,10,3,3,1162234.4668753312,1896560.9616219066,41.87183400094,-87.679845000002,"{""latitude"":""41.87183400094"",""longitude"":""-87.679845000002"",""human_address"":""{\""address\"": \""\"", \""city\"": \""\"", \""state\"": \""\"", \""zip\"": \""\""}""}"
SR26-00476847,311 INFORMATION ONLY CALL,311IOC,311 City Services,311 City Services,Completed,Phone Call,2026-03-17T10:27:10.000,2026-03-17T10:34:07.000,2111 W Lexington ST,Demo City,Illinois,60612,2111,W,Lexington,ST,,,28,28,7,K024,2,12,1225,46,10,3,3,1162234.4668753312,1896560.9616219066,41.87183400094,-87.679845000002,"{""latitude"":""41.87183400094"",""longitude"":""-87.679845000002"",""human_address"":""{\""address\"": \""\"", \""city\"": \""\"", \""state\"": \""\"", \""zip\"": \""\""}""}"
SR26-00476846,311 INFORMATION ONLY CALL,311IOC,311 City Services,311 City Services,Completed,Phone Call,2026-03-17T10:27:09.000,2026-03-17T10:34:07.000,2111 W Lexington ST,Demo City,Illinois,60612,2111,W,Lexington,ST,,,28,28,7,K024,2,12,1225,46,10,3,3,1162234.4668753312,1896560.9616219066,41.87183400094,-87.679845000002,"{""latitude"":""41.87183400094"",""longitude"":""-87.679845000002"",""human_address"":""{\""address\"": \""\"", \""city\"": \""\"", \""state\"": \""\"", \""zip\"": \""\""}""}"
SR26-00476845,311 INFORMATION ONLY CALL,311IOC,311 City Services,311 City Services,Completed,Phone Call,2026-03-17T10:26:58.000,2026-03-17T10:32:34.000,2111 W Lexington ST,Demo City,Illinois,60612,2111,W,Lexington,ST,,,28,28,7,K024,2,12,1225,46,10,3,3,1162234.4668753312,1896560.9616219066,41.87183400094,-87.679845000002,"{""latitude"":""41.87183400094"",""longitude"":""-87.679845000002"",""human_address"":""{\""address\"": \""\"", \""city\"": \""\"", \""state\"": \""\"", \""zip\"": \""\""}""}"
SR26-00476844,311 INFORMATION ONLY CALL,311IOC,311 City Services,311 City Services,Completed,Phone Call,2026-03-17T10:26:53.000,2026-03-17T10:34:07.000,2111 W Lexington ST,Demo City,Illinois,60612,2111,W,Lexington,ST,,,28,28,7,K024,2,12,1225,46,10,3,3,1162234.4668753312,1896560.9616219066,41.87183400094,-87.679845000002,"{""latitude"":""41.87183400094"",""longitude"":""-87.679845000002"",""human_address"":""{\""address\"": \""\"", \""city\"": \""\"", \""state\"": \""\"", \""zip\"": \""\""}""}"
SR26-00476843,Tree Emergency,SEC,311 City Services,Streets and Sanitation,Open,Phone Call,2026-03-17T10:26:41.000,2026-03-17T10:26:43.000,7309 S RHODES AVE,Demo City,Illinois,60619,7309,S,RHODES,AVE,,,69,6,12,R039,2,03,0323,40,10,3,3,1181193.0715758384,1856629.0530301342,41.761840567618,-87.61147255464,"{""latitude"":""41.761840567618"",""longitude"":""-87.61147255464"",""human_address"":""{\""address\"": \""\"", \""city\"": \""\"", \""state\"": \""\"", \""zip\"": \""\""}""}"
SR26-00476842,Pothole in Street Complaint,PHF,,CDOT - Department of Transportation,Open,Internet,2026-03-17T10:26:32.000,2026-03-17T10:26:35.000,8226 S KOMENSKY AVE,Demo City,Illinois,60652,8226,S,KOMENSKY,AVE,,,70,18,10,F041,3,08,0834,25,10,3,3,1150894.590648043,1849620.1556667485,41.74325100094,-87.722703000002,"{""latitude"":""41.74325100094"",""longitude"":""-87.722703000002"",""human_address"":""{\""address\"": \""\"", \""city\"": \""\"", \""state\"": \""\"", \""zip\"": \""\""}""}"
SR26-00476841,311 INFORMATION ONLY CALL,311IOC,311 City Services,311 City Services,Completed,Phone Call,2026-03-17T10:26:11.000,2026-03-17T10:33:43.000,2111 W Lexington ST,Demo City,Illinois,60612,2111,W,Lexington,ST,,,28,28,7,K024,2,12,1225,46,10,3,3,1162234.4668753312,1896560.9616219066,41.87183400094,-87.679845000002,"{""latitude"":""41.87183400094"",""longitude"":""-87.679845000002"",""human_address"":""{\""address\"": \""\"", \""city\"": \""\"", \""state\"": \""\"", \""zip\"": \""\""}""}"
SR26-00476840,Dead Animal Pick-Up Request,SGQ,311 City Services,Streets and Sanitation,Open,Phone Call,2026-03-17T10:25:46.000,2026-03-17T10:25:48.000,9300 S WOODLAWN AVE,Demo City,Illinois,60619,9300,S,WOODLAWN,AVE,,,47,8,14,S044,1,04,0413,33,10,3,3,1185811.9228575763,1843532.90718586,41.725795783296,-87.594956013615,"{""latitude"":""41.725795783296"",""longitude"":""-87.594956013615"",""human_address"":""{\""address\"": \""\"", \""city\"": \""\"", \""state\"": \""\"", \""zip\"": \""\""}""}"
SR26-00476839,311 INFORMATION ONLY CALL,311IOC,311 City Services,311 City Services,Completed,Phone Call,2026-03-17T10:25:35.000,2026-03-17T10:34:07.000,2111 W Lexington ST,Demo City,Illinois,60612,2111,W,Lexington,ST,,,28,28,7,K024,2,12,1225,46,10,3,3,1162234.4668753312,1896560.9616219066,41.87183400094,-87.679845000002,"{""latitude"":""41.87183400094"",""longitude"":""-87.679845000002"",""human_address"":""{\""address\"": \""\"", \""city\"": \""\"", \""state\"": \""\"", \""zip\"": \""\""}""}"
SR26-00476838,Buildings - Plumbing Violation,BBC,311 City Services,DOB - Buildings,Open,Phone Call,2026-03-17T10:25:33.000,2026-03-17T10:25:36.000,5612 S WABASH AVE,Demo City,Illinois,60637,5612,S,WABASH,AVE,,,40,20,12,Q035,2,02,0225,31,10,3,3,1177487.0064077657,1867741.1966437935,41.79241800094,-87.624720000002,"{""latitude"":""41.79241800094"",""longitude"":""-87.624720000002"",""human_address"":""{\""address\"": \""\"", \""city\"": \""\"", \""state\"": \""\"", \""zip\"": \""\""}""}"
SR26-00476837,E-Scooter Parking Complaint,ESPC,311 City Services,Outside Agencies,Completed,Phone Call,2026-03-17T10:25:29.000,2026-03-17T11:00:42.000,9719 S PRAIRIE AVE,Demo City,Illinois,60628,9719,S,PRAIRIE,AVE,,,49,9,14,Q045,1,05,0511,51,10,3,3,1179715.4235551967,1840485.267051039,41.71757400094,-87.617380500002,"{""latitude"":""41.71757400094"",""longitude"":""-87.617380500002"",""human_address"":""{\""address\"": \""\"", \""city\"": \""\"", \""state\"": \""\"", \""zip\"": \""\""}""}"
SR26-00476836,Tree Removal Inspection,SEE,311 City Services,Streets and Sanitation,Open,Phone Call,2026-03-17T10:25:18.000,2026-03-17T10:25:20.000,343 W 101ST ST,Demo City,Illinois,60628,343,W,101ST,ST,,,49,9,14,P046,1,05,0511,27,10,3,3,1175616.3313799093,1837929.6777149239,41.710653665283,-87.632469920034,"{""latitude"":""41.710653665283"",""longitude"":""-87.632469920034"",""human_address"":""{\""address\"": \""\"", \""city\"": \""\"", \""state\"": \""\"", \""zip\"": \""\""}""}"
SR26-00476834,Tree Emergency,SEC,311 City Services,Streets and Sanitation,Open,Phone Call,2026-03-17T10:24:55.000,2026-03-17T10:24:57.000,11133 S NORMAL AVE,Demo City,Illinois,60628,11133,S,NORMAL,AVE,,,49,21,14,O049,3,22,2233,41,10,3,3,1175025.796590618,1830929.0217647008,41.69145600094,-87.634840500002,"{""latitude"":""41.69145600094"",""longitude"":""-87.634840500002"",""human_address"":""{\""address\"": \""\"", \""city\"": \""\"", \""state\"": \""\"", \""zip\"": \""\""}""}"
SR26-00476833,Tree Trim Request (NO LONGER BEING ACCEPTED),SEF,,Streets and Sanitation,Completed,Mass Entry,2026-03-17T10:24:53.000,2026-03-17T10:24:57.000,8659 S SOUTH  CHICAGO AVE,Demo City,Illinois,60617,8659,S,SOUTH  CHICAGO,AVE,,,46,8,15,V042,1,04,0412,46,10,3,3,1193668.0920753775,1847873.4190060745,41.737518019786,-87.566037153725,"{""latitude"":""41.737518019786"",""longitude"":""-87.566037153725"",""human_address"":""{\""address\"": \""\"", \""city\"": \""\"", \""state\"": \""\"", \""zip\"": \""\""}""}"
SR26-00476832,Pothole in Street Complaint,PHF,,CDOT - Department of Transportation,Open,Internet,2026-03-17T10:24:47.000,2026-03-17T10:24:49.000,7311 W BARRY AVE,Demo City,Illinois,60707,7311,W,BARRY,AVE,,,17,29,3,X115,1,25,2511,29,10,3,3,1126745.7358248814,1919786.204155141,41.936234810517,-87.809620241584,"{""latitude"":""41.936234810517"",""longitude"":""-87.809620241584"",""human_address"":""{\""address\"": \""\"", \""city\"": \""\"", \""state\"": \""\"", \""zip\"": \""\""}""}"
SR26-00476831,Aircraft Noise Complaint,AVN,,Aviation,Completed,Internet,2026-03-17T10:24:46.000,2026-03-17T10:34:07.000,10510 W ZEMKE RD,Demo City,Illinois,60666,10510,W,ZEMKE,RD,,,76,41,,,5,16,1654,27,10,3,3,1105376.7673561182,1941043.7883293368,41.994900000941,-87.887749500002,"{""latitude"":""41.994900000941"",""longitude"":""-87.887749500002"",""human_address"":""{\""address\"": \""\"", \""city\"": \""\"", \""state\"": \""\"", \""zip\"": \""\""}""}"
SR26-00476830,311 INFORMATION ONLY CALL,311IOC,311 City Services,311 City Services,Completed,Phone Call,2026-03-17T10:24:43.000,2026-03-17T10:33:43.000,2111 W Lexington ST,Demo City,Illinois,60612,2111,W,Lexington,ST,,,28,28,7,K024,2,12,1225,46,10,3,3,1162234.4668753312,1896560.9616219066,41.87183400094,-87.679845000002,"{""latitude"":""41.87183400094"",""longitude"":""-87.679845000002"",""human_address"":""{\""address\"": \""\"", \""city\"": \""\"", \""state\"": \""\"", \""zip\"": \""\""}""}"
SR26-00476829,311 INFORMATION ONLY CALL,311IOC,311 City Services,311 City Services,Completed,Phone Call,2026-03-17T10:24:36.000,2026-03-17T10:32:55.000,2111 W Lexington ST,Demo City,Illinois,60612,2111,W,Lexington,ST,,,28,28,7,K024,2,12,1225,46,10,3,3,1162234.4668753312,1896560.9616219066,41.87183400094,-87.679845000002,"{""latitude"":""41.87183400094"",""longitude"":""-87.679845000002"",""human_address"":""{\""address\"": \""\"", \""city\"": \""\"", \""state\"": \""\"", \""zip\"": \""\""}""}"
SR26-00476828,Snow – Uncleared Sidewalk Complaint,SWSNOREM,,CDOT - Department of Transportation,Open,Mobile Device,2026-03-17T10:24:35.000,2026-03-17T10:24:36.000,2326 W SUNNYSIDE AVE,,,,2326,W,SUNNYSIDE,AVE,,,4,47,2,K011,1,19,1911,42,10,3,3,1159940.8088384778,1929971.285270327,41.963562000941,-87.687342000002,"{""latitude"":""41.963562000941"",""longitude"":""-87.687342000002"",""human_address"":""{\""address\"": \""\"", \""city\"": \""\"", \""state\"": \""\"", \""zip\"": \""\""}""}"
SR26-00476827,311 INFORMATION ONLY CALL,311IOC,311 City Services,311 City Services,Completed,Phone Call,2026-03-17T10:24:31.000,2026-03-17T10:33:19.000,2111 W Lexington ST,Demo City,Illinois,60612,2111,W,Lexington,ST,,,28,28,7,K024,2,12,1225,46,10,3,3,1162234.4668753312,1896560.9616219066,41.87183400094,-87.679845000002,"{""latitude"":""41.87183400094"",""longitude"":""-87.679845000002"",""human_address"":""{\""address\"": \""\"", \""city\"": \""\"", \""state\"": \""\"", \""zip\"": \""\""}""}"
SR26-00476823,Alley Sewer Inspection Request,AAI,,DWM - Department of Water Management,Open,Internet,2026-03-17T10:24:15.000,2026-03-17T10:24:25.000,2426 W LYNDALE ST,Demo City,Illinois,60647,2426,W,LYNDALE,ST,,,22,1,5,J017,3,14,1431,43,10,3,3,1159682.0752679892,1915062.6025538328,41.922657000941,-87.688705500002,"{""latitude"":""41.922657000941"",""longitude"":""-87.688705500002"",""human_address"":""{\""address\"": \""\"", \""city\"": \""\"", \""state\"": \""\"", \""zip\"": \""\""}""}"
SR26-00476825,311 INFORMATION ONLY CALL,311IOC,311 City Services,311 City Services,Completed,Phone Call,2026-03-17T10:24:15.000,2026-03-17T10:32:55.000,2111 W Lexington ST,Demo City,Illinois,60612,2111,W,Lexington,ST,,,28,28,7,K024,2,12,1225,46,10,3,3,1162234.4668753312,1896560.9616219066,41.87183400094,-87.679845000002,"{""latitude"":""41.87183400094"",""longitude"":""-87.679845000002"",""human_address"":""{\""address\"": \""\"", \""city\"": \""\"", \""state\"": \""\"", \""zip\"": \""\""}""}"
SR26-00476822,311 INFORMATION ONLY CALL,311IOC,311 City Services,311 City Services,Completed,Phone Call,2026-03-17T10:24:07.000,2026-03-17T10:33:43.000,2111 W Lexington ST,Demo City,Illinois,60612,2111,W,Lexington,ST,,,28,28,7,K024,2,12,1225,46,10,3,3,1162234.4668753312,1896560.9616219066,41.87183400094,-87.679845000002,"{""latitude"":""41.87183400094"",""longitude"":""-87.679845000002"",""human_address"":""{\""address\"": \""\"", \""city\"": \""\"", \""state\"": \""\"", \""zip\"": \""\""}""}"
SR26-00476821,Missed Garbage Pick-Up Complaint,SCC,,Streets and Sanitation,Open,Mobile Device,2026-03-17T10:24:01.000,2026-03-17T10:24:03.000,9117 S HAMILTON AVE,,,,9117,S,HAMILTON,AVE,,,72,19,13,K044,2,22,2221,18,10,3,3,1163728.036133971,1844073.6464184457,41.72777100094,-87.675835500002,"{""latitude"":""41.72777100094"",""longitude"":""-87.675835500002"",""human_address"":""{\""address\"": \""\"", \""city\"": \""\"", \""state\"": \""\"", \""zip\"": \""\""}""}"
SR26-00476819,Abandoned Vehicle Complaint,SKA,,Streets and Sanitation,Open,SPOTCSR,2026-03-17T10:23:49.000,2026-03-17T10:32:55.000,2707 E 80TH ST,CHICAGO,IL,60617,2707,E,80TH,ST,,,46,7,12,W041,2,04,0422,20,10,3,3,1195654.9513226948,1852427.7038346115,41.749966503121,-87.558607773693,"{""latitude"":""41.749966503121"",""longitude"":""-87.558607773693"",""human_address"":""{\""address\"": \""\"", \""city\"": \""\"", \""state\"": \""\"", \""zip\"": \""\""}""}"
SR26-00476820,Abandoned Vehicle Complaint,SKA,,Streets and Sanitation,Open,SPOTCSR,2026-03-17T10:23:49.000,2026-03-17T10:33:19.000,2709 E 80TH ST,CHICAGO,IL,60617,2709,E,80TH,ST,,,46,7,12,W041,2,04,0422,20,10,3,3,1195677.132933024,1852428.3457885955,41.749967716591,-87.558526471167,"{""latitude"":""41.749967716591"",""longitude"":""-87.558526471167"",""human_address"":""{\""address\"": \""\"", \""city\"": \""\"", \""state\"": \""\"", \""zip\"": \""\""}""}"
SR26-00476816,311 INFORMATION ONLY CALL,311IOC,311 City Services,311 City Services,Completed,Phone Call,2026-03-17T10:23:44.000,2026-03-17T10:34:07.000,2111 W Lexington ST,Demo City,Illinois,60612,2111,W,Lexington,ST,,,28,28,7,K024,2,12,1225,46,10,3,3,1162234.4668753312,1896560.9616219066,41.87183400094,-87.679845000002,"{""latitude"":""41.87183400094"",""longitude"":""-87.679845000002"",""human_address"":""{\""address\"": \""\"", \""city\"": \""\"", \""state\"": \""\"", \""zip\"": \""\""}""}"
SR26-00476814,311 INFORMATION ONLY CALL,311IOC,311 City Services,311 City Services,Completed,Phone Call,2026-03-17T10:23:39.000,2026-03-17T10:34:07.000,2111 W Lexington ST,Demo City,Illinois,60612,2111,W,Lexington,ST,,,28,28,7,K024,2,12,1225,46,10,3,3,1162234.4668753312,1896560.9616219066,41.87183400094,-87.679845000002,"{""latitude"":""41.87183400094"",""longitude"":""-87.679845000002"",""human_address"":""{\""address\"": \""\"", \""city\"": \""\"", \""state\"": \""\"", \""zip\"": \""\""}""}"
SR26-00476815,Graffiti Removal Request,GRAF,,Streets and Sanitation,Open,Internet,2026-03-17T10:23:39.000,2026-03-17T11:00:06.000,3004 W MONTROSE AVE,Demo City,Illinois,60618,3004,W,MONTROSE,AVE,,,14,33,2,I011,2,17,1724,8,10,3,3,1155511.4104170445,1929138.038251362,41.961366000941,-87.703650000002,"{""latitude"":""41.961366000941"",""longitude"":""-87.703650000002"",""human_address"":""{\""address\"": \""\"", \""city\"": \""\"", \""state\"": \""\"", \""zip\"": \""\""}""}"
SR26-00476813,311 INFORMATION ONLY CALL,311IOC,311 City Services,311 City Services,Completed,Phone Call,2026-03-17T10:23:24.000,2026-03-17T10:34:07.000,2111 W Lexington ST,Demo City,Illinois,60612,2111,W,Lexington,ST,,,28,28,7,K024,2,12,1225,46,10,3,3,1162234.4668753312,1896560.9616219066,41.87183400094,-87.679845000002,"{""latitude"":""41.87183400094"",""longitude"":""-87.679845000002"",""human_address"":""{\""address\"": \""\"", \""city\"": \""\"", \""state\"": \""\"", \""zip\"": \""\""}""}"
SR26-00476812,Missed Garbage Pick-Up Complaint,SCC,,Streets and Sanitation,Open,Internet,2026-03-17T10:23:16.000,2026-03-17T10:23:19.000,6633 N SACRAMENTO AVE,Demo City,Illinois,60645,6633,N,SACRAMENTO,AVE,,,2,50,2,I006,1,24,2412,40,10,3,3,1155222.4401992632,1943986.947332137,42.002118000941,-87.704311500002,"{""latitude"":""42.002118000941"",""longitude"":""-87.704311500002"",""human_address"":""{\""address\"": \""\"", \""city\"": \""\"", \""state\"": \""\"", \""zip\"": \""\""}""}"
SR26-00476808,311 INFORMATION ONLY CALL,311IOC,311 City Services,311 City Services,Completed,Phone Call,2026-03-17T10:22:27.000,2026-03-17T10:33:19.000,2111 W Lexington ST,Demo City,Illinois,60612,2111,W,Lexington,ST,,,28,28,7,K024,2,12,1225,46,10,3,3,1162234.4668753312,1896560.9616219066,41.87183400094,-87.679845000002,"{""latitude"":""41.87183400094"",""longitude"":""-87.679845000002"",""human_address"":""{\""address\"": \""\"", \""city\"": \""\"", \""state\"": \""\"", \""zip\"": \""\""}""}"
SR26-00476806,Pothole in Street Complaint,PHF,311 City Services,CDOT - Department of Transportation,Open,Phone Call,2026-03-17T10:22:22.000,2026-03-17T10:22:24.000,8100 S MARSHFIELD AVE,Demo City,Illinois,60620,8100,S,MARSHFIELD,AVE,,,71,17,11,L041,1,06,0614,26,10,3,3,1166629.0051462967,1850953.8508489875,41.74659000094,-87.665013000002,"{""latitude"":""41.74659000094"",""longitude"":""-87.665013000002"",""human_address"":""{\""address\"": \""\"", \""city\"": \""\"", \""state\"": \""\"", \""zip\"": \""\""}""}"
SR26-00476807,311 INFORMATION ONLY CALL,311IOC,311 City Services,311 City Services,Completed,Phone Call,2026-03-17T10:22:22.000,2026-03-17T10:33:43.000,2111 W Lexington ST,Demo City,Illinois,60612,2111,W,Lexington,ST,,,28,28,7,K024,2,12,1225,46,10,3,3,1162234.4668753312,1896560.9616219066,41.87183400094,-87.679845000002,"{""latitude"":""41.87183400094"",""longitude"":""-87.679845000002"",""human_address"":""{\""address\"": \""\"", \""city\"": \""\"", \""state\"": \""\"", \""zip\"": \""\""}""}"
SR26-00476805,311 INFORMATION ONLY CALL,311IOC,311 City Services,311 City Services,Completed,Phone Call,2026-03-17T10:22:20.000,2026-03-17T10:32:34.000,2111 W Lexington ST,Demo City,Illinois,60612,2111,W,Lexington,ST,,,28,28,7,K024,2,12,1225,46,10,3,3,1162234.4668753312,1896560.9616219066,41.87183400094,-87.679845000002,"{""latitude"":""41.87183400094"",""longitude"":""-87.679845000002"",""human_address"":""{\""address\"": \""\"", \""city\"": \""\"", \""state\"": \""\"", \""zip\"": \""\""}""}"
SR26-00476804,Yard Waste Pick-Up Request,SCQ,,Streets and Sanitation,Open,Internet,2026-03-17T10:22:12.000,2026-03-17T10:22:15.000,1518 W GREENLEAF AVE,Demo City,Illinois,60626,1518,W,GREENLEAF,AVE,,,1,49,2,M005,2,24,2423,20,10,3,3,1164844.0998069656,1947139.4104958565,42.010569000941,-87.668824500002,"{""latitude"":""42.010569000941"",""longitude"":""-87.668824500002"",""human_address"":""{\""address\"": \""\"", \""city\"": \""\"", \""state\"": \""\"", \""zip\"": \""\""}""}"
SR26-00476803,311 INFORMATION ONLY CALL,311IOC,311 City Services,311 City Services,Completed,Phone Call,2026-03-17T10:22:11.000,2026-03-17T10:33:19.000,2111 W Lexington ST,Demo City,Illinois,60612,2111,W,Lexington,ST,,,28,28,7,K024,2,12,1225,46,10,3,3,1162234.4668753312,1896560.9616219066,41.87183400094,-87.679845000002,"{""latitude"":""41.87183400094"",""longitude"":""-87.679845000002"",""human_address"":""{\""address\"": \""\"", \""city\"": \""\"", \""state\"": \""\"", \""zip\"": \""\""}""}"
SR26-00476802,Check for Leak,WM3,311 City Services,DWM - Department of Water Management,Open,Phone Call,2026-03-17T10:21:59.000,2026-03-17T10:22:04.000,3808 W CERMAK RD,Demo City,Illinois,60623,3808,W,CERMAK,RD,,,29,24,6,G026,1,10,1014,3,10,3,3,1151255.9451469532,1889192.3702327316,41.85183600094,-87.720345000002,"{""latitude"":""41.85183600094"",""longitude"":""-87.720345000002"",""human_address"":""{\""address\"": \""\"", \""city\"": \""\"", \""state\"": \""\"", \""zip\"": \""\""}""}"
SR26-00476800,Garbage Cart Maintenance,SIE,Streets and Sanitation,Streets and Sanitation,Open,Salesforce Mobile App,2026-03-17T10:21:51.000,2026-03-17T10:21:53.000,2112 W FARWELL,Demo City,Illinois,60645,2112,W,FARWELL,,,,2,40,2,K005,1,24,2411,35,10,3,3,1160615.0989279714,1945653.9942708225,42.006582000941,-87.684426000002,"{""latitude"":""42.006582000941"",""longitude"":""-87.684426000002"",""human_address"":""{\""address\"": \""\"", \""city\"": \""\"", \""state\"": \""\"", \""zip\"": \""\""}""}"
SR26-00476799,311 INFORMATION ONLY CALL,311IOC,311 City Services,311 City Services,Completed,Phone Call,2026-03-17T10:21:43.000,2026-03-17T10:34:07.000,2111 W Lexington ST,Demo City,Illinois,60612,2111,W,Lexington,ST,,,28,28,7,K024,2,12,1225,46,10,3,3,1162234.4668753312,1896560.9616219066,41.87183400094,-87.679845000002,"{""latitude"":""41.87183400094"",""longitude"":""-87.679845000002"",""human_address"":""{\""address\"": \""\"", \""city\"": \""\"", \""state\"": \""\"", \""zip\"": \""\""}""}"
SR26-00476798,311 INFORMATION ONLY CALL,311IOC,311 City Services,311 City Services,Completed,Phone Call,2026-03-17T10:21:34.000,2026-03-17T10:32:34.000,2111 W Lexington ST,Demo City,Illinois,60612,2111,W,Lexington,ST,,,28,28,7,K024,2,12,1225,46,10,3,3,1162234.4668753312,1896560.9616219066,41.87183400094,-87.679845000002,"{""latitude"":""41.87183400094"",""longitude"":""-87.679845000002"",""human_address"":""{\""address\"": \""\"", \""city\"": \""\"", \""state\"": \""\"", \""zip\"": \""\""}""}"
SR26-00476796,311 INFORMATION ONLY CALL,311IOC,311 City Services,311 City Services,Completed,Phone Call,2026-03-17T10:21:32.000,2026-03-17T10:33:43.000,2111 W Lexington ST,Demo City,Illinois,60612,2111,W,Lexington,ST,,,28,28,7,K024,2,12,1225,46,10,3,3,1162234.4668753312,1896560.9616219066,41.87183400094,-87.679845000002,"{""latitude"":""41.87183400094"",""longitude"":""-87.679845000002"",""human_address"":""{\""address\"": \""\"", \""city\"": \""\"", \""state\"": \""\"", \""zip\"": \""\""}""}"
SR26-00476790,Tree Emergency,SEC,Alderman,Streets and Sanitation,Open,Alderman's Office,2026-03-17T10:21:00.000,2026-03-17T10:21:03.000,7851 S HAMILTON AVE,Demo City,Illinois,60620,7851,S,HAMILTON,AVE,,,71,18,11,K040,1,06,0611,38,10,3,3,1163423.0764914444,1852348.4525536445,41.750484724862,-87.676721351111,"{""latitude"":""41.750484724862"",""longitude"":""-87.676721351111"",""human_address"":""{\""address\"": \""\"", \""city\"": \""\"", \""state\"": \""\"", \""zip\"": \""\""}""}"
SR26-00476788,311 INFORMATION ONLY CALL,311IOC,311 City Services,311 City Services,Completed,Phone Call,2026-03-17T10:20:36.000,2026-03-17T10:34:07.000,2111 W Lexington ST,Demo City,Illinois,60612,2111,W,Lexington,ST,,,28,28,7,K024,2,12,1225,46,10,3,3,1162234.4668753312,1896560.9616219066,41.87183400094,-87.679845000002,"{""latitude"":""41.87183400094"",""longitude"":""-87.679845000002"",""human_address"":""{\""address\"": \""\"", \""city\"": \""\"", \""state\"": \""\"", \""zip\"": \""\""}""}"
SR26-00476786,Tree Removal Inspection,SEE,,Streets and Sanitation,Open,Mobile Device,2026-03-17T10:20:32.000,2026-03-17T10:20:35.000,7625 S ARTESIAN AVE,,,,7625,S,ARTESIAN,AVE,,,70,18,11,J040,3,08,0835,12,10,3,3,1161443.0804286872,1853849.4781117728,41.75464500094,-87.683935500002,"{""latitude"":""41.75464500094"",""longitude"":""-87.683935500002"",""human_address"":""{\""address\"": \""\"", \""city\"": \""\"", \""state\"": \""\"", \""zip\"": \""\""}""}"
SR26-00476787,Aircraft Noise Complaint,AVN,,Aviation,Completed,Internet,2026-03-17T10:20:32.000,2026-03-17T10:34:07.000,10510 W ZEMKE RD,Demo City,Illinois,60666,10510,W,ZEMKE,RD,,,76,41,,,5,16,1654,27,10,3,3,1105376.7673561182,1941043.7883293368,41.994900000941,-87.887749500002,"{""latitude"":""41.994900000941"",""longitude"":""-87.887749500002"",""human_address"":""{\""address\"": \""\"", \""city\"": \""\"", \""state\"": \""\"", \""zip\"": \""\""}""}"
SR26-00476785,311 INFORMATION ONLY CALL,311IOC,311 City Services,311 City Services,Completed,Phone Call,2026-03-17T10:20:31.000,2026-03-17T10:34:07.000,2111 W Lexington ST,Demo City,Illinois,60612,2111,W,Lexington,ST,,,28,28,7,K024,2,12,1225,46,10,3,3,1162234.4668753312,1896560.9616219066,41.87183400094,-87.679845000002,"{""latitude"":""41.87183400094"",""longitude"":""-87.679845000002"",""human_address"":""{\""address\"": \""\"", \""city\"": \""\"", \""state\"": \""\"", \""zip\"": \""\""}""}"
SR26-00476783,Blue Recycling Cart,SRRC,Alderman,Streets and Sanitation,Open,Phone Call,2026-03-17T10:20:11.000,2026-03-17T10:20:14.000,4102 S MONTGOMERY AVE,Demo City,Illinois,60632,4102,S,MONTGOMERY,AVE,,,58,12,8,J031,2,09,0921,13,10,3,3,1159026.96524063,1877337.0988848202,41.81914800094,-87.692148000002,"{""latitude"":""41.81914800094"",""longitude"":""-87.692148000002"",""human_address"":""{\""address\"": \""\"", \""city\"": \""\"", \""state\"": \""\"", \""zip\"": \""\""}""}"
SR26-00476782,311 INFORMATION ONLY CALL,311IOC,311 City Services,311 City Services,Completed,Phone Call,2026-03-17T10:20:10.000,2026-03-17T10:34:07.000,2111 W Lexington ST,Demo City,Illinois,60612,2111,W,Lexington,ST,,,28,28,7,K024,2,12,1225,46,10,3,3,1162234.4668753312,1896560.9616219066,41.87183400094,-87.679845000002,"{""latitude"":""41.87183400094"",""longitude"":""-87.679845000002"",""human_address"":""{\""address\"": \""\"", \""city\"": \""\"", \""state\"": \""\"", \""zip\"": \""\""}""}"
SR26-00476781,311 INFORMATION ONLY CALL,311IOC,311 City Services,311 City Services,Completed,Phone Call,2026-03-17T10:20:08.000,2026-03-17T10:34:07.000,2111 W Lexington ST,Demo City,Illinois,60612,2111,W,Lexington,ST,,,28,28,7,K024,2,12,1225,46,10,3,3,1162234.4668753312,1896560.9616219066,41.87183400094,-87.679845000002,"{""latitude"":""41.87183400094"",""longitude"":""-87.679845000002"",""human_address"":""{\""address\"": \""\"", \""city\"": \""\"", \""state\"": \""\"", \""zip\"": \""\""}""}"
SR26-00476780,311 INFORMATION ONLY CALL,311IOC,311 City Services,311 City Services,Completed,Phone Call,2026-03-17T10:20:02.000,2026-03-17T10:34:07.000,2111 W Lexington ST,Demo City,Illinois,60612,2111,W,Lexington,ST,,,28,28,7,K024,2,12,1225,46,10,3,3,1162234.4668753312,1896560.9616219066,41.87183400094,-87.679845000002,"{""latitude"":""41.87183400094"",""longitude"":""-87.679845000002"",""human_address"":""{\""address\"": \""\"", \""city\"": \""\"", \""state\"": \""\"", \""zip\"": \""\""}""}"
SR26-00476779,Garbage Cart Maintenance,SIE,Streets and Sanitation,Streets and Sanitation,Open,Phone Call,2026-03-17T10:19:54.000,2026-03-17T10:19:56.000,1127 W 111TH PL,Demo City,Illinois,60643,1127,W,111TH,PL,,,75,21,13,N049,3,22,2234,32,10,3,3,1170675.7867853513,1830785.9205523485,41.69115900094,-87.650770500002,"{""latitude"":""41.69115900094"",""longitude"":""-87.650770500002"",""human_address"":""{\""address\"": \""\"", \""city\"": \""\"", \""state\"": \""\"", \""zip\"": \""\""}""}"
SR26-00476778,311 INFORMATION ONLY CALL,311IOC,311 City Services,311 City Services,Completed,Phone Call,2026-03-17T10:19:49.000,2026-03-17T10:34:07.000,2111 W Lexington ST,Demo City,Illinois,60612,2111,W,Lexington,ST,,,28,28,7,K024,2,12,1225,46,10,3,3,1162234.4668753312,1896560.9616219066,41.87183400094,-87.679845000002,"{""latitude"":""41.87183400094"",""longitude"":""-87.679845000002"",""human_address"":""{\""address\"": \""\"", \""city\"": \""\"", \""state\"": \""\"", \""zip\"": \""\""}""}"
SR26-00476777,Dead Animal Pick-Up Request,SGQ,,Streets and Sanitation,Open,Internet,2026-03-17T10:19:45.000,2026-03-17T10:19:48.000,185 N DEARBORN ST,Demo City,Illinois,60601,185,N,DEARBORN,ST,,,32,42,7,P022,1,01,0111,10,10,3,3,1176033.7765468194,1901589.8092139682,41.88533400094,-87.629031000002,"{""latitude"":""41.88533400094"",""longitude"":""-87.629031000002"",""human_address"":""{\""address\"": \""\"", \""city\"": \""\"", \""state\"": \""\"", \""zip\"": \""\""}""}"
SR26-00476776,Garbage Cart Maintenance,SIE,311 City Services,Streets and Sanitation,Open,Phone Call,2026-03-17T10:19:40.000,2026-03-17T10:19:43.000,4944 W RICE ST,Demo City,Illinois,60651,4944,W,RICE,ST,,,25,37,6,D020,3,15,1531,27,10,3,3,1143033.8372475193,1905277.961346174,41.89613400094,-87.750121500002,"{""latitude"":""41.89613400094"",""longitude"":""-87.750121500002"",""human_address"":""{\""address\"": \""\"", \""city\"": \""\"", \""state\"": \""\"", \""zip\"": \""\""}""}"
SR26-00476775,311 INFORMATION ONLY CALL,311IOC,311 City Services,311 City Services,Completed,Phone Call,2026-03-17T10:19:34.000,2026-03-17T10:34:07.000,2111 W Lexington ST,Demo City,Illinois,60612,2111,W,Lexington,ST,,,28,28,7,K024,2,12,1225,46,10,3,3,1162234.4668753312,1896560.9616219066,41.87183400094,-87.679845000002,"{""latitude"":""41.87183400094"",""longitude"":""-87.679845000002"",""human_address"":""{\""address\"": \""\"", \""city\"": \""\"", \""state\"": \""\"", \""zip\"": \""\""}""}"
SR26-00476772,Sewer Cleaning Inspection Request,CHECKFOR,Alderman,DWM - Department of Water Management,Open,Phone Call,2026-03-17T10:19:26.000,2026-03-17T10:19:30.000,2825 W TOUHY AVE,Demo City,Illinois,60645,2825,W,TOUHY,AVE,,,2,50,2,I005,1,24,2411,33,10,3,3,1156188.2428946297,1947533.0081533424,42.011829000941,-87.700662000002,"{""latitude"":""42.011829000941"",""longitude"":""-87.700662000002"",""human_address"":""{\""address\"": \""\"", \""city\"": \""\"", \""state\"": \""\"", \""zip\"": \""\""}""}"
SR26-00476771,Garbage Cart Maintenance,SIE,,Streets and Sanitation,Open,Mobile Device,2026-03-17T10:19:16.000,2026-03-17T10:19:21.000,5861 N MERRIMAC AVE,,,,5861,N,MERRIMAC,AVE,,,10,45,1,A008,2,16,1622,44,10,3,3,1133662.9508703589,1938804.0788435622,41.988303000941,-87.783750000002,"{""latitude"":""41.988303000941"",""longitude"":""-87.783750000002"",""human_address"":""{\""address\"": \""\"", \""city\"": \""\"", \""state\"": \""\"", \""zip\"": \""\""}""}"
SR26-00476770,311 INFORMATION ONLY CALL,311IOC,311 City Services,311 City Services,Completed,Phone Call,2026-03-17T10:19:12.000,2026-03-17T10:34:07.000,2111 W Lexington ST,Demo City,Illinois,60612,2111,W,Lexington,ST,,,28,28,7,K024,2,12,1225,46,10,3,3,1162234.4668753312,1896560.9616219066,41.87183400094,-87.679845000002,"{""latitude"":""41.87183400094"",""longitude"":""-87.679845000002"",""human_address"":""{\""address\"": \""\"", \""city\"": \""\"", \""state\"": \""\"", \""zip\"": \""\""}""}"
SR26-00476769,Aircraft Noise Complaint,AVN,,Aviation,Completed,Internet,2026-03-17T10:19:10.000,2026-03-17T10:32:55.000,10510 W ZEMKE RD,Demo City,Illinois,60666,10510,W,ZEMKE,RD,,,76,41,,,5,16,1654,27,10,3,3,1105376.7673561182,1941043.7883293368,41.994900000941,-87.887749500002,"{""latitude"":""41.994900000941"",""longitude"":""-87.887749500002"",""human_address"":""{\""address\"": \""\"", \""city\"": \""\"", \""state\"": \""\"", \""zip\"": \""\""}""}"
SR26-00476768,Pothole in Street Complaint,PHF,Alderman,CDOT - Department of Transportation,Open,Alderman's Office,2026-03-17T10:19:03.000,2026-03-17T10:19:05.000,3958 N LAVERGNE AVE,Demo City,Illinois,,3958,N,LAVERGNE,AVE,,,15,45,3,D013,3,16,1634,11,10,3,3,1142314.3178801336,1926130.1510491865,41.953367960643,-87.752245187582,"{""latitude"":""41.953367960643"",""longitude"":""-87.752245187582"",""human_address"":""{\""address\"": \""\"", \""city\"": \""\"", \""state\"": \""\"", \""zip\"": \""\""}""}"
SR26-00476765,Report an Injured Animal,EAQ,,Animal Care and Control,Open,Mobile Device,2026-03-17T10:18:50.000,2026-03-17T10:18:54.000,2632 W 42ND ST,,,,2632,W,42ND,ST,,,58,12,8,J031,2,09,0921,13,10,3,3,1159356.1638402173,1876785.2822842912,41.81762700094,-87.690955500002,"{""latitude"":""41.81762700094"",""longitude"":""-87.690955500002"",""human_address"":""{\""address\"": \""\"", \""city\"": \""\"", \""state\"": \""\"", \""zip\"": \""\""}""}"
SR26-00476763,Cab Feedback,CSC,,BACP - Business Affairs and Consumer Protection,Open,Internet,2026-03-17T10:18:32.000,2026-03-17T10:18:35.000,5758 S MARYLAND AVE,Demo City,Illinois,60637,5758,S,MARYLAND,AVE,,,41,5,12,S035,3,02,0235,15,10,3,3,1182732.421786295,1866984.7533457922,41.79022200094,-87.605509500002,"{""latitude"":""41.79022200094"",""longitude"":""-87.605509500002"",""human_address"":""{\""address\"": \""\"", \""city\"": \""\"", \""state\"": \""\"", \""zip\"": \""\""}""}"
SR26-00476761,Tree Emergency,SEC,,Streets and Sanitation,Open,Mobile Device,2026-03-17T10:18:30.000,2026-03-17T10:18:33.000,7620 S ARTESIAN AVE,,,,7620,S,ARTESIAN,AVE,,,70,18,11,J040,3,08,0835,12,10,3,3,1161299.1989443325,1853877.9098436255,41.75472600094,-87.684462000002,"{""latitude"":""41.75472600094"",""longitude"":""-87.684462000002"",""human_address"":""{\""address\"": \""\"", \""city\"": \""\"", \""state\"": \""\"", \""zip\"": \""\""}""}"
SR26-00476760,311 INFORMATION ONLY CALL,311IOC,311 City Services,311 City Services,Completed,Phone Call,2026-03-17T10:18:29.000,2026-03-17T10:32:34.000,2111 W Lexington ST,Demo City,Illinois,60612,2111,W,Lexington,ST,,,28,28,7,K024,2,12,1225,46,10,3,3,1162234.4668753312,1896560.9616219066,41.87183400094,-87.679845000002,"{""latitude"":""41.87183400094"",""longitude"":""-87.679845000002"",""human_address"":""{\""address\"": \""\"", \""city\"": \""\"", \""state\"": \""\"", \""zip\"": \""\""}""}"
SR26-00476759,311 INFORMATION ONLY CALL,311IOC,311 City Services,311 City Services,Completed,Phone Call,2026-03-17T10:18:23.000,2026-03-17T10:34:07.000,2111 W Lexington ST,Demo City,Illinois,60612,2111,W,Lexington,ST,,,28,28,7,K024,2,12,1225,46,10,3,3,1162234.4668753312,1896560.9616219066,41.87183400094,-87.679845000002,"{""latitude"":""41.87183400094"",""longitude"":""-87.679845000002"",""human_address"":""{\""address\"": \""\"", \""city\"": \""\"", \""state\"": \""\"", \""zip\"": \""\""}""}"
SR26-00476758,311 INFORMATION ONLY CALL,311IOC,311 City Services,311 City Services,Completed,Phone Call,2026-03-17T10:18:05.000,2026-03-17T10:32:11.000,2111 W Lexington ST,Demo City,Illinois,60612,2111,W,Lexington,ST,,,28,28,7,K024,2,12,1225,46,10,3,3,1162234.4668753312,1896560.9616219066,41.87183400094,-87.679845000002,"{""latitude"":""41.87183400094"",""longitude"":""-87.679845000002"",""human_address"":""{\""address\"": \""\"", \""city\"": \""\"", \""state\"": \""\"", \""zip\"": \""\""}""}"
SR26-00476757,Traffic Signal Out Complaint,SFB,Alderman,CDOT - Department of Transportation,Open,Alderman's Office,2026-03-17T10:17:51.000,2026-03-17T10:17:52.000,608 W 43RD ST,Demo City,Illinois,,608,W,43RD,ST,1,,61,11,9,O032,2,09,0925,31,10,3,3,1172907.6799216366,1876394.5307043646,41.816265983604,-87.641256152099,"{""latitude"":""41.816265983604"",""longitude"":""-87.641256152099"",""human_address"":""{\""address\"": \""\"", \""city\"": \""\"", \""state\"": \""\"", \""zip\"": \""\""}""}"
SR26-00476756,311 INFORMATION ONLY CALL,311IOC,311 City Services,311 City Services,Completed,Phone Call,2026-03-17T10:17:49.000,2026-03-17T10:34:07.000,2111 W Lexington ST,Demo City,Illinois,60612,2111,W,Lexington,ST,,,28,28,7,K024,2,12,1225,46,10,3,3,1162234.4668753312,1896560.9616219066,41.87183400094,-87.679845000002,"{""latitude"":""41.87183400094"",""longitude"":""-87.679845000002"",""human_address"":""{\""address\"": \""\"", \""city\"": \""\"", \""state\"": \""\"", \""zip\"": \""\""}""}"
SR26-00476752,Sign Repair Request - Stop Sign,PCB,,CDOT - Department of Transportation,Open,Internet,2026-03-17T10:17:36.000,2026-03-17T10:17:37.000,3800 N PAULINA ST,Demo City,Illinois,60613,3800,N,PAULINA,ST,,,6,47,4,L013,2,19,1922,43,10,3,3,1164251.850598588,1925330.4303437534,41.950737000941,-87.671623500002,"{""latitude"":""41.950737000941"",""longitude"":""-87.671623500002"",""human_address"":""{\""address\"": \""\"", \""city\"": \""\"", \""state\"": \""\"", \""zip\"": \""\""}""}"
SR26-00476750,311 INFORMATION ONLY CALL,311IOC,311 City Services,311 City Services,Completed,Phone Call,2026-03-17T10:17:23.000,2026-03-17T10:34:07.000,2111 W Lexington ST,Demo City,Illinois,60612,2111,W,Lexington,ST,,,28,28,7,K024,2,12,1225,46,10,3,3,1162234.4668753312,1896560.9616219066,41.87183400094,-87.679845000002,"{""latitude"":""41.87183400094"",""longitude"":""-87.679845000002"",""human_address"":""{\""address\"": \""\"", \""city\"": \""\"", \""state\"": \""\"", \""zip\"": \""\""}""}"
SR26-00476749,311 INFORMATION ONLY CALL,311IOC,311 City Services,311 City Services,Completed,Phone Call,2026-03-17T10:17:17.000,2026-03-17T10:34:07.000,2111 W Lexington ST,Demo City,Illinois,60612,2111,W,Lexington,ST,,,28,28,7,K024,2,12,1225,46,10,3,3,1162234.4668753312,1896560.9616219066,41.87183400094,-87.679845000002,"{""latitude"":""41.87183400094"",""longitude"":""-87.679845000002"",""human_address"":""{\""address\"": \""\"", \""city\"": \""\"", \""state\"": \""\"", \""zip\"": \""\""}""}"
SR26-00476747,Pothole in Street Complaint,PHF,Alderman,CDOT - Department of Transportation,Open,Alderman's Office,2026-03-17T10:17:08.000,2026-03-17T10:17:10.000,6724 N WHIPPLE ST,Demo City,Illinois,60645,6724,N,WHIPPLE,ST,,,2,50,2,I006,1,24,2412,40,10,3,3,1154730.2090027428,1944557.3069648996,42.003693000941,-87.706107000002,"{""latitude"":""42.003693000941"",""longitude"":""-87.706107000002"",""human_address"":""{\""address\"": \""\"", \""city\"": \""\"", \""state\"": \""\"", \""zip\"": \""\""}""}"
SR26-00476746,311 INFORMATION ONLY CALL,311IOC,311 City Services,311 City Services,Completed,Phone Call,2026-03-17T10:17:00.000,2026-03-17T10:34:07.000,2111 W Lexington ST,Demo City,Illinois,60612,2111,W,Lexington,ST,,,28,28,7,K024,2,12,1225,46,10,3,3,1162234.4668753312,1896560.9616219066,41.87183400094,-87.679845000002,"{""latitude"":""41.87183400094"",""longitude"":""-87.679845000002"",""human_address"":""{\""address\"": \""\"", \""city\"": \""\"", \""state\"": \""\"", \""zip\"": \""\""}""}"
SR26-00476745,311 INFORMATION ONLY CALL,311IOC,311 City Services,311 City Services,Completed,Phone Call,2026-03-17T10:16:59.000,2026-03-17T10:34:07.000,2111 W Lexington ST,Demo City,Illinois,60612,2111,W,Lexington,ST,,,28,28,7,K024,2,12,1225,46,10,3,3,1162234.4668753312,1896560.9616219066,41.87183400094,-87.679845000002,"{""latitude"":""41.87183400094"",""longitude"":""-87.679845000002"",""human_address"":""{\""address\"": \""\"", \""city\"": \""\"", \""state\"": \""\"", \""zip\"": \""\""}""}"
SR26-00476744,311 INFORMATION ONLY CALL,311IOC,311 City Services,311 City Services,Completed,Phone Call,2026-03-17T10:16:55.000,2026-03-17T10:33:43.000,2111 W Lexington ST,Demo City,Illinois,60612,2111,W,Lexington,ST,,,28,28,7,K024,2,12,1225,46,10,3,3,1162234.4668753312,1896560.9616219066,41.87183400094,-87.679845000002,"{""latitude"":""41.87183400094"",""longitude"":""-87.679845000002"",""human_address"":""{\""address\"": \""\"", \""city\"": \""\"", \""state\"": \""\"", \""zip\"": \""\""}""}"
SR26-00476743,Garbage Cart Maintenance,SIE,,Streets and Sanitation,Open,Internet,2026-03-17T10:16:55.000,2026-03-17T10:16:57.000,1252 W ELMDALE AVE,Demo City,Illinois,60660,1252,W,ELMDALE,AVE,,,77,48,2,M007,3,24,2433,30,10,3,3,1166638.7139215888,1940062.3536108409,41.991111000941,-87.662425500002,"{""latitude"":""41.991111000941"",""longitude"":""-87.662425500002"",""human_address"":""{\""address\"": \""\"", \""city\"": \""\"", \""state\"": \""\"", \""zip\"": \""\""}""}"
SR26-00476741,Stray Animal Complaint,EAE,311 City Services,Animal Care and Control,Open,Phone Call,2026-03-17T10:16:53.000,2026-03-17T10:16:55.000,2219 S PAULINA ST,Demo City,Illinois,60608,2219,S,PAULINA,ST,,,31,25,8,L027,3,10,1034,15,10,3,3,1165432.6286182504,1889238.8301061857,41.85167400094,-87.668311500002,"{""latitude"":""41.85167400094"",""longitude"":""-87.668311500002"",""human_address"":""{\""address\"": \""\"", \""city\"": \""\"", \""state\"": \""\"", \""zip\"": \""\""}""}"
SR26-00476739,311 INFORMATION ONLY CALL,311IOC,311 City Services,311 City Services,Completed,Phone Call,2026-03-17T10:16:44.000,2026-03-17T10:32:34.000,2111 W Lexington ST,Demo City,Illinois,60612,2111,W,Lexington,ST,,,28,28,7,K024,2,12,1225,46,10,3,3,1162234.4668753312,1896560.9616219066,41.87183400094,-87.679845000002,"{""latitude"":""41.87183400094"",""longitude"":""-87.679845000002"",""human_address"":""{\""address\"": \""\"", \""city\"": \""\"", \""state\"": \""\"", \""zip\"": \""\""}""}"
SR26-00476740,311 INFORMATION ONLY CALL,311IOC,311 City Services,311 City Services,Completed,Phone Call,2026-03-17T10:16:44.000,2026-03-17T10:34:07.000,2111 W Lexington ST,Demo City,Illinois,60612,2111,W,Lexington,ST,,,28,28,7,K024,2,12,1225,46,10,3,3,1162234.4668753312,1896560.9616219066,41.87183400094,-87.679845000002,"{""latitude"":""41.87183400094"",""longitude"":""-87.679845000002"",""human_address"":""{\""address\"": \""\"", \""city\"": \""\"", \""state\"": \""\"", \""zip\"": \""\""}""}"
SR26-00476736,311 INFORMATION ONLY CALL,311IOC,311 City Services,311 City Services,Completed,Phone Call,2026-03-17T10:16:20.000,2026-03-17T10:33:43.000,2111 W Lexington ST,Demo City,Illinois,60612,2111,W,Lexington,ST,,,28,28,7,K024,2,12,1225,46,10,3,3,1162234.4668753312,1896560.9616219066,41.87183400094,-87.679845000002,"{""latitude"":""41.87183400094"",""longitude"":""-87.679845000002"",""human_address"":""{\""address\"": \""\"", \""city\"": \""\"", \""state\"": \""\"", \""zip\"": \""\""}""}"
SR26-00476735,No Water Complaint,WBJ,311 City Services,DWM - Department of Water Management,Canceled,Phone Call,2026-03-17T10:16:18.000,2026-03-17T10:44:08.000,10630 S LANGLEY AVE,Demo City,Illinois,60628,10630,S,LANGLEY,AVE,,,50,9,14,R047,1,05,0512,8,10,3,3,1182725.8230473653,1834492.1860784076,41.70105900094,-87.606540000002,"{""latitude"":""41.70105900094"",""longitude"":""-87.606540000002"",""human_address"":""{\""address\"": \""\"", \""city\"": \""\"", \""state\"": \""\"", \""zip\"": \""\""}""}"
SR26-00476734,Traffic Signal Out Complaint,SFB,311 City Services,CDOT - Department of Transportation,Completed,Phone Call,2026-03-17T10:16:03.000,2026-03-17T10:26:42.000,3157 W DEVON AVE,Demo City,Illinois,,3157,W,DEVON,AVE,,,2,50,2,H007,1,24,2413,,10,3,3,1153865.5267330508,1942256.6060009408,41.99739711119,-87.709349847868,"{""latitude"":""41.99739711119"",""longitude"":""-87.709349847868"",""human_address"":""{\""address\"": \""\"", \""city\"": \""\"", \""state\"": \""\"", \""zip\"": \""\""}""}"
SR26-00476733,Garbage Cart Maintenance,SIE,Streets and Sanitation,Streets and Sanitation,Open,Phone Call,2026-03-17T10:15:49.000,2026-03-17T10:15:52.000,6815 S INDIANA AVE,Demo City,Illinois,60637,6815,S,INDIANA,AVE,,,69,6,12,Q038,2,03,0322,9,10,3,3,1178858.7957265433,1859782.7187733462,41.77054800094,-87.619932000002,"{""latitude"":""41.77054800094"",""longitude"":""-87.619932000002"",""human_address"":""{\""address\"": \""\"", \""city\"": \""\"", \""state\"": \""\"", \""zip\"": \""\""}""}"
SR26-00476732,311 INFORMATION ONLY CALL,311IOC,311 City Services,311 City Services,Completed,Phone Call,2026-03-17T10:15:39.000,2026-03-17T10:34:07.000,2111 W Lexington ST,Demo City,Illinois,60612,2111,W,Lexington,ST,,,28,28,7,K024,2,12,1225,46,10,3,3,1162234.4668753312,1896560.9616219066,41.87183400094,-87.679845000002,"{""latitude"":""41.87183400094"",""longitude"":""-87.679845000002"",""human_address"":""{\""address\"": \""\"", \""city\"": \""\"", \""state\"": \""\"", \""zip\"": \""\""}""}"
SR26-00476730,Sewer Cleaning Inspection Request,CHECKFOR,311 City Services,DWM - Department of Water Management,Open,Phone Call,2026-03-17T10:15:38.000,2026-03-17T10:15:42.000,856 W FULLERTON AVE,Demo City,Illinois,60614,856,W,FULLERTON,AVE,,,7,43,4,N016,3,19,1932,16,10,3,3,1169928.520066777,1916240.6188685356,41.925672000941,-87.651022500002,"{""latitude"":""41.925672000941"",""longitude"":""-87.651022500002"",""human_address"":""{\""address\"": \""\"", \""city\"": \""\"", \""state\"": \""\"", \""zip\"": \""\""}""}"
SR26-00476729,Aircraft Noise Complaint,AVN,,Aviation,Completed,Internet,2026-03-17T10:15:32.000,2026-03-17T10:32:34.000,10510 W ZEMKE RD,Demo City,Illinois,60666,10510,W,ZEMKE,RD,,,76,41,,,5,16,1654,27,10,3,3,1105376.7673561182,1941043.7883293368,41.994900000941,-87.887749500002,"{""latitude"":""41.994900000941"",""longitude"":""-87.887749500002"",""human_address"":""{\""address\"": \""\"", \""city\"": \""\"", \""state\"": \""\"", \""zip\"": \""\""}""}"
SR26-00476728,Traffic Signal Out Complaint,SFB,CDOT - Department of Transportation,CDOT - Department of Transportation,Open,Phone Call,2026-03-17T10:15:30.000,2026-03-17T10:19:49.000,3105 W FULLERTON AVE,Demo City,Illinois,,3105,W,FULLERTON,AVE,,,22,35,5,I017,1,14,1414,11,10,3,3,1155337.5565973846,1915792.8813694397,41.924749453868,-87.704649035275,"{""latitude"":""41.924749453868"",""longitude"":""-87.704649035275"",""human_address"":""{\""address\"": \""\"", \""city\"": \""\"", \""state\"": \""\"", \""zip\"": \""\""}""}"
SR26-00476727,Sidewalk Inspection Request,PBS,,CDOT - Department of Transportation,Open,Internet,2026-03-17T10:15:18.000,2026-03-17T10:15:21.000,932 W DAKIN ST,Demo City,Illinois,60613,932,W,DAKIN,ST,,,6,46,4,N013,2,19,1923,5,10,3,3,1169150.460114782,1926483.910820162,41.953797000941,-87.653583000002,"{""latitude"":""41.953797000941"",""longitude"":""-87.653583000002"",""human_address"":""{\""address\"": \""\"", \""city\"": \""\"", \""state\"": \""\"", \""zip\"": \""\""}""}"
SR26-00476726,Traffic Signal Out Complaint,SFB,311 City Services,CDOT - Department of Transportation,Open,Phone Call,2026-03-17T10:15:15.000,2026-03-17T10:15:26.000,801 S CANAL ST,Demo City,Illinois,,801,S,CANAL,ST,,,28,28,7,O024,2,01,0124,27,10,3,3,1173260.8635984708,1896721.271218783,41.872036413564,-87.639358101694,"{""latitude"":""41.872036413564"",""longitude"":""-87.639358101694"",""human_address"":""{\""address\"": \""\"", \""city\"": \""\"", \""state\"": \""\"", \""zip\"": \""\""}""}"
SR26-00476725,311 INFORMATION ONLY CALL,311IOC,311 City Services,311 City Services,Completed,Phone Call,2026-03-17T10:15:13.000,2026-03-17T10:33:19.000,2111 W Lexington ST,Demo City,Illinois,60612,2111,W,Lexington,ST,,,28,28,7,K024,2,12,1225,46,10,3,3,1162234.4668753312,1896560.9616219066,41.87183400094,-87.679845000002,"{""latitude"":""41.87183400094"",""longitude"":""-87.679845000002"",""human_address"":""{\""address\"": \""\"", \""city\"": \""\"", \""state\"": \""\"", \""zip\"": \""\""}""}"
SR26-00476724,Alley Light Out Complaint,SFA,,CDOT - Department of Transportation,Open,Internet,2026-03-17T10:15:06.000,2026-03-17T10:15:17.000,2330 W RICE ST,Demo City,Illinois,60622,2330,W,RICE,ST,,,24,36,5,K020,1,12,1212,12,10,3,3,1160568.5837165862,1905679.2386859679,41.896890000941,-87.685708500002,"{""latitude"":""41.896890000941"",""longitude"":""-87.685708500002"",""human_address"":""{\""address\"": \""\"", \""city\"": \""\"", \""state\"": \""\"", \""zip\"": \""\""}""}"
SR26-00476723,Tree Emergency,SEC,Alderman,Streets and Sanitation,Open,Phone Call,2026-03-17T10:14:57.000,2026-03-17T10:14:59.000,7450 N OVERHILL AVE,Demo City,Illinois,60631,7450,N,OVERHILL,AVE,,,9,41,1,W104,1,16,1611,2,10,3,3,1123996.4469109522,1949016.2868816403,42.016491000941,-87.819079500002,"{""latitude"":""42.016491000941"",""longitude"":""-87.819079500002"",""human_address"":""{\""address\"": \""\"", \""city\"": \""\"", \""state\"": \""\"", \""zip\"": \""\""}""}"
SR26-00476722,311 INFORMATION ONLY CALL,311IOC,311 City Services,311 City Services,Completed,Phone Call,2026-03-17T10:14:55.000,2026-03-17T10:34:07.000,2111 W Lexington ST,Demo City,Illinois,60612,2111,W,Lexington,ST,,,28,28,7,K024,2,12,1225,46,10,3,3,1162234.4668753312,1896560.9616219066,41.87183400094,-87.679845000002,"{""latitude"":""41.87183400094"",""longitude"":""-87.679845000002"",""human_address"":""{\""address\"": \""\"", \""city\"": \""\"", \""state\"": \""\"", \""zip\"": \""\""}""}"
SR26-00476720,Sewer Cleaning Inspection Request,CHECKFOR,Alderman,DWM - Department of Water Management,Open,Alderman's Office,2026-03-17T10:14:27.000,2026-03-17T10:14:31.000,3228 S CARPENTER ST,Demo City,Illinois,60608,3228,S,CARPENTER,ST,,,60,11,9,N029,1,09,0913,19,10,3,3,1169777.7591428123,1883218.4176631686,41.83506000094,-87.652539000002,"{""latitude"":""41.83506000094"",""longitude"":""-87.652539000002"",""human_address"":""{\""address\"": \""\"", \""city\"": \""\"", \""state\"": \""\"", \""zip\"": \""\""}""}"
SR26-00476718,Ice and Snow Removal Request,SDO,,Streets and Sanitation,Open,Mobile Device,2026-03-17T10:14:23.000,2026-03-17T10:33:19.000,7210 S CONSTANCE AVE,,,,7210,S,CONSTANCE,AVE,,,43,7,12,U039,2,03,0324,2,10,3,3,1189602.340981965,1857455.846203547,41.763911578546,-87.580625572438,"{""latitude"":""41.763911578546"",""longitude"":""-87.580625572438"",""human_address"":""{\""address\"": \""\"", \""city\"": \""\"", \""state\"": \""\"", \""zip\"": \""\""}""}"
SR26-00476717,Wire Basket Request,SCS,,Streets and Sanitation,Open,Mobile Device,2026-03-17T10:14:21.000,2026-03-17T10:14:22.000,1007 E 53RD ST,,,,1007,E,53RD,ST,,,41,5,12,S034,3,02,0233,21,10,3,3,1183972.0967791076,1870281.6251704213,41.79924000094,-87.600861000002,"{""latitude"":""41.79924000094"",""longitude"":""-87.600861000002"",""human_address"":""{\""address\"": \""\"", \""city\"": \""\"", \""state\"": \""\"", \""zip\"": \""\""}""}"
SR26-00476716,311 INFORMATION ONLY CALL,311IOC,311 City Services,311 City Services,Completed,Phone Call,2026-03-17T10:14:20.000,2026-03-17T10:32:11.000,2111 W Lexington ST,Demo City,Illinois,60612,2111,W,Lexington,ST,,,28,28,7,K024,2,12,1225,46,10,3,3,1162234.4668753312,1896560.9616219066,41.87183400094,-87.679845000002,"{""latitude"":""41.87183400094"",""longitude"":""-87.679845000002"",""human_address"":""{\""address\"": \""\"", \""city\"": \""\"", \""state\"": \""\"", \""zip\"": \""\""}""}"
SR26-00476715,Graffiti Removal Request,GRAF,Streets and Sanitation,Streets and Sanitation,Open,Salesforce Mobile App,2026-03-17T10:14:15.000,2026-03-17T10:14:17.000,2915 W CERMAK,Demo City,Illinois,60623,2915,W,CERMAK,,,,30,24,8,I027,3,10,1033,7,10,3,3,1156772.3898562137,1889140.5667367466,41.85158400094,-87.700099500002,"{""latitude"":""41.85158400094"",""longitude"":""-87.700099500002"",""human_address"":""{\""address\"": \""\"", \""city\"": \""\"", \""state\"": \""\"", \""zip\"": \""\""}""}"
SR26-00476712,Public Vehicle/Valet Complaint,CSP,,BACP - Business Affairs and Consumer Protection,Open,Internet,2026-03-17T10:14:02.000,2026-03-17T10:14:07.000,4003 N KIMBALL AVE,Demo City,Illinois,,4003,N,KIMBALL,AVE,,,16,35,4,H013,3,17,1733,26,10,3,3,1153012.4762737993,1926386.1541461148,41.953864667307,-87.712910738867,"{""latitude"":""41.953864667307"",""longitude"":""-87.712910738867"",""human_address"":""{\""address\"": \""\"", \""city\"": \""\"", \""state\"": \""\"", \""zip\"": \""\""}""}"
SR26-00476711,Garbage Cart Maintenance,SIE,,Streets and Sanitation,Open,Internet,2026-03-17T10:13:54.000,2026-03-17T10:13:57.000,5422 W ADAMS ST,Demo City,Illinois,60644,5422,W,ADAMS,ST,,,25,29,6,C023,2,15,1522,28,10,3,3,1140252.5114461451,1898870.2997287952,41.87860200094,-87.760494000002,"{""latitude"":""41.87860200094"",""longitude"":""-87.760494000002"",""human_address"":""{\""address\"": \""\"", \""city\"": \""\"", \""state\"": \""\"", \""zip\"": \""\""}""}"
SR26-00476710,Nuisance Animal Complaint,EAB,Alderman,Animal Care and Control,Open,Alderman's Office,2026-03-17T10:13:52.000,2026-03-17T10:13:54.000,7332 S CLYDE AVE,Demo City,Illinois,60649,7332,S,CLYDE,AVE,,,43,7,12,V039,3,03,0333,3,10,3,3,1191411.1562428365,1856620.2470619802,41.76157500094,-87.574023000002,"{""latitude"":""41.76157500094"",""longitude"":""-87.574023000002"",""human_address"":""{\""address\"": \""\"", \""city\"": \""\"", \""state\"": \""\"", \""zip\"": \""\""}""}"
SR26-00476709,Abandoned Vehicle Complaint,SKA,,Streets and Sanitation,Completed,SPOTCSR,2026-03-17T10:13:49.000,2026-03-17T10:32:34.000,186 E LA SALLE DR,CHICAGO,IL,60614,186,E,LA SALLE,DR,,,7,43,5,Q018,1,18,1814,32,10,3,3,1176860.433525241,1911975.709400126,41.913814745034,-87.625680810214,"{""latitude"":""41.913814745034"",""longitude"":""-87.625680810214"",""human_address"":""{\""address\"": \""\"", \""city\"": \""\"", \""state\"": \""\"", \""zip\"": \""\""}""}"
SR26-00476708,Buildings - Plumbing Violation,BBC,311 City Services,DOB - Buildings,Open,Phone Call,2026-03-17T10:13:49.000,2026-03-17T10:13:51.000,7725 S LOWE AVE,Demo City,Illinois,60620,7725,S,LOWE,AVE,,,71,17,11,O040,2,06,0621,20,10,3,3,1173415.348567025,1853552.6120458853,41.75357400094,-87.640069500002,"{""latitude"":""41.75357400094"",""longitude"":""-87.640069500002"",""human_address"":""{\""address\"": \""\"", \""city\"": \""\"", \""state\"": \""\"", \""zip\"": \""\""}""}"
SR26-00476707,Water in Basement Complaint,AAF,311 City Services,DWM - Department of Water Management,Open,Phone Call,2026-03-17T10:13:48.000,2026-03-17T10:48:44.000,12223 S WENTWORTH AVE,Demo City,Illinois,60628,12223,S,WENTWORTH,AVE,,,53,9,14,P051,2,05,0523,16,10,3,3,1177229.1442673379,1823793.9632112072,41.67182700094,-87.626988000002,"{""latitude"":""41.67182700094"",""longitude"":""-87.626988000002"",""human_address"":""{\""address\"": \""\"", \""city\"": \""\"", \""state\"": \""\"", \""zip\"": \""\""}""}"
SR26-00476706,Building Violation,BBA,,DOB - Buildings,Open,Internet,2026-03-17T10:13:32.000,2026-03-17T10:13:34.000,4251 W IRVING PARK RD,Demo City,Illinois,60641,4251,W,IRVING PARK,RD,1,,16,30,3,F013,3,17,1731,5,10,3,3,1147094.1592783877,1926165.2512962455,41.953374000941,-87.734673000002,"{""latitude"":""41.953374000941"",""longitude"":""-87.734673000002"",""human_address"":""{\""address\"": \""\"", \""city\"": \""\"", \""state\"": \""\"", \""zip\"": \""\""}""}"
SR26-00476705,Traffic Signal Out Complaint,SFB,311 City Services,CDOT - Department of Transportation,Completed,Phone Call,2026-03-17T10:13:25.000,2026-03-17T10:52:14.000,2027 S HALSTED ST,Demo City,Illinois,,2027,S,HALSTED,ST,1,,31,25,7,N026,3,12,1235,3,10,3,3,1171350.0035750505,1890401.6746060296,41.854737134726,-87.646559221546,"{""latitude"":""41.854737134726"",""longitude"":""-87.646559221546"",""human_address"":""{\""address\"": \""\"", \""city\"": \""\"", \""state\"": \""\"", \""zip\"": \""\""}""}"
SR26-00476704,Aircraft Noise Complaint,AVN,,Aviation,Completed,Internet,2026-03-17T10:13:18.000,2026-03-17T10:33:43.000,10510 W ZEMKE RD,Demo City,Illinois,60666,10510,W,ZEMKE,RD,,,76,41,,,5,16,1654,27,10,3,3,1105376.7673561182,1941043.7883293368,41.994900000941,-87.887749500002,"{""latitude"":""41.994900000941"",""longitude"":""-87.887749500002"",""human_address"":""{\""address\"": \""\"", \""city\"": \""\"", \""state\"": \""\"", \""zip\"": \""\""}""}"
SR26-00476702,Ice and Snow Removal Request,SDO,311 City Services,Streets and Sanitation,Completed,Phone Call,2026-03-17T10:13:16.000,2026-03-17T10:31:08.000,6049 S OAK PARK AVE,Demo City,Illinois,60638,6049,S,OAK PARK,AVE,,,64,13,10,Z136,1,08,0812,18,10,3,3,1132211.1072561932,1863459.7388102398,41.78157300094,-87.790842000002,"{""latitude"":""41.78157300094"",""longitude"":""-87.790842000002"",""human_address"":""{\""address\"": \""\"", \""city\"": \""\"", \""state\"": \""\"", \""zip\"": \""\""}""}"
SR26-00476703,Pothole in Street Complaint,PHF,,CDOT - Department of Transportation,Open,Mobile Device,2026-03-17T10:13:16.000,2026-03-17T10:13:19.000,1500 W DIVISION ST,,,,1500,W,DIVISION,ST,1,,24,1,5,M019,3,14,1433,1,10,3,3,1166126.2848721533,1908178.422452954,41.903631000941,-87.665224500002,"{""latitude"":""41.903631000941"",""longitude"":""-87.665224500002"",""human_address"":""{\""address\"": \""\"", \""city\"": \""\"", \""state\"": \""\"", \""zip\"": \""\""}""}"
SR26-00476700,Graffiti Removal Request,GRAF,Streets and Sanitation,Streets and Sanitation,Open,Salesforce Mobile App,2026-03-17T10:13:12.000,2026-03-17T10:13:14.000,3000 W CERMAK,Demo City,Illinois,60623,3000,W,CERMAK,,,,30,24,7,I026,2,10,1022,39,10,3,3,1156670.5765294142,1889313.6428797096,41.85206100094,-87.700468500002,"{""latitude"":""41.85206100094"",""longitude"":""-87.700468500002"",""human_address"":""{\""address\"": \""\"", \""city\"": \""\"", \""state\"": \""\"", \""zip\"": \""\""}""}"
SR26-00476701,Sewer Cleaning Inspection Request,CHECKFOR,Alderman,DWM - Department of Water Management,Open,Alderman's Office,2026-03-17T10:13:12.000,2026-03-17T10:13:16.000,4955 W BYRON ST,Demo City,Illinois,60641,4955,W,BYRON,ST,,,15,45,3,D013,3,16,1634,8,10,3,3,1142386.7243973494,1925368.6555757553,41.951277000941,-87.751998000002,"{""latitude"":""41.951277000941"",""longitude"":""-87.751998000002"",""human_address"":""{\""address\"": \""\"", \""city\"": \""\"", \""state\"": \""\"", \""zip\"": \""\""}""}"
SR26-00476697,Stray Animal Complaint,EAE,311 City Services,Animal Care and Control,Open,Phone Call,2026-03-17T10:13:06.000,2026-03-17T10:13:07.000,4258 W LAKE ST,Demo City,Illinois,,4258,W,LAKE,ST,,,26,28,6,F022,1,11,1114,23,10,3,3,1147669.2687843873,1901577.4672150179,41.885891709131,-87.73319137038,"{""latitude"":""41.885891709131"",""longitude"":""-87.73319137038"",""human_address"":""{\""address\"": \""\"", \""city\"": \""\"", \""state\"": \""\"", \""zip\"": \""\""}""}"
SR26-00476693,Ice and Snow Removal Request,SDO,311 City Services,Streets and Sanitation,Open,Phone Call,2026-03-17T10:12:52.000,2026-03-17T10:12:54.000,5110 W LE MOYNE ST,Demo City,Illinois,60651,5110,W,LE MOYNE,ST,,,25,37,6,D019,3,25,2533,31,10,3,3,1141984.4216299898,1909544.3600901933,41.907861000941,-87.753870000002,"{""latitude"":""41.907861000941"",""longitude"":""-87.753870000002"",""human_address"":""{\""address\"": \""\"", \""city\"": \""\"", \""state\"": \""\"", \""zip\"": \""\""}""}"
SR26-00476690,Aircraft Noise Complaint,AVN,,Aviation,Completed,Internet,2026-03-17T10:12:42.000,2026-03-17T10:32:34.000,10510 W ZEMKE RD,Demo City,Illinois,60666,10510,W,ZEMKE,RD,,,76,41,,,5,16,1654,27,10,3,3,1105376.7673561182,1941043.7883293368,41.994900000941,-87.887749500002,"{""latitude"":""41.994900000941"",""longitude"":""-87.887749500002"",""human_address"":""{\""address\"": \""\"", \""city\"": \""\"", \""state\"": \""\"", \""zip\"": \""\""}""}"
SR26-00476688,Missed Garbage Pick-Up Complaint,SCC,Alderman,Streets and Sanitation,Open,Phone Call,2026-03-17T10:12:18.000,2026-03-17T10:12:20.000,2455 N NEWCASTLE AVE,Demo City,Illinois,60707,2455,N,NEWCASTLE,AVE,,,18,36,3,Y116,1,25,2512,3,10,3,3,1130403.404202516,1915818.55574764,41.925285000941,-87.796269000002,"{""latitude"":""41.925285000941"",""longitude"":""-87.796269000002"",""human_address"":""{\""address\"": \""\"", \""city\"": \""\"", \""state\"": \""\"", \""zip\"": \""\""}""}"
SR26-00476687,311 INFORMATION ONLY CALL,311IOC,311 City Services,311 City Services,Completed,Phone Call,2026-03-17T10:11:58.000,2026-03-17T10:33:43.000,2111 W Lexington ST,Demo City,Illinois,60612,2111,W,Lexington,ST,,,28,28,7,K024,2,12,1225,46,10,3,3,1162234.4668753312,1896560.9616219066,41.87183400094,-87.679845000002,"{""latitude"":""41.87183400094"",""longitude"":""-87.679845000002"",""human_address"":""{\""address\"": \""\"", \""city\"": \""\"", \""state\"": \""\"", \""zip\"": \""\""}""}"
SR26-00476686,Rodent Baiting/Rat Complaint,SGA,Streets and Sanitation,Streets and Sanitation,Open,Salesforce Mobile App,2026-03-17T10:11:53.000,2026-03-17T10:11:56.000,2229 W 18TH,Demo City,Illinois,60608,2229,W,18TH,,,,31,25,7,K026,3,12,1234,9,10,3,3,1161648.1031951164,1891292.4764210917,41.85738900094,-87.682144500002,"{""latitude"":""41.85738900094"",""longitude"":""-87.682144500002"",""human_address"":""{\""address\"": \""\"", \""city\"": \""\"", \""state\"": \""\"", \""zip\"": \""\""}""}"
SR26-00476685,311 INFORMATION ONLY CALL,311IOC,311 City Services,311 City Services,Completed,Phone Call,2026-03-17T10:11:50.000,2026-03-17T10:32:11.000,2111 W Lexington ST,Demo City,Illinois,60612,2111,W,Lexington,ST,,,28,28,7,K024,2,12,1225,46,10,3,3,1162234.4668753312,1896560.9616219066,41.87183400094,-87.679845000002,"{""latitude"":""41.87183400094"",""longitude"":""-87.679845000002"",""human_address"":""{\""address\"": \""\"", \""city\"": \""\"", \""state\"": \""\"", \""zip\"": \""\""}""}"
SR26-00476684,Blue Recycling Cart,SRRC,,Streets and Sanitation,Open,Internet,2026-03-17T10:11:39.000,2026-03-17T10:11:41.000,5846 N NATOMA AVE,Demo City,Illinois,60631,5846,N,NATOMA,AVE,,,10,41,1,Z108,1,16,1612,26,10,3,3,1130572.6060378957,1938600.7857797353,41.987799000941,-87.795121500002,"{""latitude"":""41.987799000941"",""longitude"":""-87.795121500002"",""human_address"":""{\""address\"": \""\"", \""city\"": \""\"", \""state\"": \""\"", \""zip\"": \""\""}""}"
SR26-00476683,Water in Basement Complaint,AAF,311 City Services,DWM - Department of Water Management,Open,Phone Call,2026-03-17T10:11:34.000,2026-03-17T10:47:50.000,9319 S BENNETT AVE,Demo City,Illinois,60617,9319,S,BENNETT,AVE,,,48,8,15,U044,1,04,0413,27,10,3,3,1190571.4941349067,1843460.960739458,41.72548500094,-87.577524000002,"{""latitude"":""41.72548500094"",""longitude"":""-87.577524000002"",""human_address"":""{\""address\"": \""\"", \""city\"": \""\"", \""state\"": \""\"", \""zip\"": \""\""}""}"
SR26-00476682,311 INFORMATION ONLY CALL,311IOC,311 City Services,311 City Services,Completed,Phone Call,2026-03-17T10:11:26.000,2026-03-17T10:32:55.000,2111 W Lexington ST,Demo City,Illinois,60612,2111,W,Lexington,ST,,,28,28,7,K024,2,12,1225,46,10,3,3,1162234.4668753312,1896560.9616219066,41.87183400094,-87.679845000002,"{""latitude"":""41.87183400094"",""longitude"":""-87.679845000002"",""human_address"":""{\""address\"": \""\"", \""city\"": \""\"", \""state\"": \""\"", \""zip\"": \""\""}""}"
SR26-00476681,311 INFORMATION ONLY CALL,311IOC,311 City Services,311 City Services,Completed,Phone Call,2026-03-17T10:11:06.000,2026-03-17T10:34:07.000,2111 W Lexington ST,Demo City,Illinois,60612,2111,W,Lexington,ST,,,28,28,7,K024,2,12,1225,46,10,3,3,1162234.4668753312,1896560.9616219066,41.87183400094,-87.679845000002,"{""latitude"":""41.87183400094"",""longitude"":""-87.679845000002"",""human_address"":""{\""address\"": \""\"", \""city\"": \""\"", \""state\"": \""\"", \""zip\"": \""\""}""}"
SR26-00476680,Porch Inspection Request,BPI,,DOB - Buildings,Completed,Internet,2026-03-17T10:10:52.000,2026-03-17T11:00:23.000,1709 S CARPENTER ST,Demo City,Illinois,60608,1709,S,CARPENTER,ST,,,31,25,7,N026,3,12,1235,17,10,3,3,1169541.854678239,1891789.8876205056,41.85858600094,-87.653155500002,"{""latitude"":""41.85858600094"",""longitude"":""-87.653155500002"",""human_address"":""{\""address\"": \""\"", \""city\"": \""\"", \""state\"": \""\"", \""zip\"": \""\""}""}"
SR26-00476678,311 INFORMATION ONLY CALL,311IOC,311 City Services,311 City Services,Completed,Phone Call,2026-03-17T10:10:36.000,2026-03-17T10:34:07.000,2111 W Lexington ST,Demo City,Illinois,60612,2111,W,Lexington,ST,,,28,28,7,K024,2,12,1225,46,10,3,3,1162234.4668753312,1896560.9616219066,41.87183400094,-87.679845000002,"{""latitude"":""41.87183400094"",""longitude"":""-87.679845000002"",""human_address"":""{\""address\"": \""\"", \""city\"": \""\"", \""state\"": \""\"", \""zip\"": \""\""}""}"
SR26-00476677,311 INFORMATION ONLY CALL,311IOC,311 City Services,311 City Services,Completed,Phone Call,2026-03-17T10:10:29.000,2026-03-17T10:32:11.000,2111 W Lexington ST,Demo City,Illinois,60612,2111,W,Lexington,ST,,,44,6,12,Q041,2,06,0623,2,10,3,3,1179313.0104399347,1852249.620060708,41.74986600094,-87.618496500002,"{""latitude"":""41.74986600094"",""longitude"":""-87.618496500002"",""human_address"":""{\""address\"": \""\"", \""city\"": \""\"", \""state\"": \""\"", \""zip\"": \""\""}""}"
SR26-00476675,Fly Dumping Complaint,SDR,311 City Services,Streets and Sanitation,Open,Phone Call,2026-03-17T10:10:00.000,2026-03-17T10:10:03.000,1922 W SUNNYSIDE AVE,Demo City,Illinois,60640,1922,W,SUNNYSIDE,AVE,,,4,47,2,L011,1,19,1912,10,10,3,3,1162739.7785988164,1929920.2570324033,41.963363610881,-87.677052555974,"{""latitude"":""41.963363610881"",""longitude"":""-87.677052555974"",""human_address"":""{\""address\"": \""\"", \""city\"": \""\"", \""state\"": \""\"", \""zip\"": \""\""}""}"
SR26-00476674,311 INFORMATION ONLY CALL,311IOC,311 City Services,311 City Services,Completed,Phone Call,2026-03-17T10:09:44.000,2026-03-17T10:32:34.000,2111 W Lexington ST,Demo City,Illinois,60612,2111,W,Lexington,ST,,,28,28,7,K024,2,12,1225,46,10,3,3,1162234.4668753312,1896560.9616219066,41.87183400094,-87.679845000002,"{""latitude"":""41.87183400094"",""longitude"":""-87.679845000002"",""human_address"":""{\""address\"": \""\"", \""city\"": \""\"", \""state\"": \""\"", \""zip\"": \""\""}""}"
SR26-00476672,311 INFORMATION ONLY CALL,311IOC,311 City Services,311 City Services,Completed,Phone Call,2026-03-17T10:09:32.000,2026-03-17T10:32:55.000,2111 W Lexington ST,Demo City,Illinois,60612,2111,W,Lexington,ST,,,28,28,7,K024,2,12,1225,46,10,3,3,1162234.4668753312,1896560.9616219066,41.87183400094,-87.679845000002,"{""latitude"":""41.87183400094"",""longitude"":""-87.679845000002"",""human_address"":""{\""address\"": \""\"", \""city\"": \""\"", \""state\"": \""\"", \""zip\"": \""\""}""}"
SR26-00476670,Sidewalk Inspection Request,PBS,311 City Services,CDOT - Department of Transportation,Open,Phone Call,2026-03-17T10:09:14.000,2026-03-17T10:09:16.000,7351 W BELMONT AVE,Demo City,Illinois,60634,7351,W,BELMONT,AVE,,,17,29,3,X115,1,25,2511,32,10,3,3,1126316.137443823,1920348.8606981295,41.937786000941,-87.811186500002,"{""latitude"":""41.937786000941"",""longitude"":""-87.811186500002"",""human_address"":""{\""address\"": \""\"", \""city\"": \""\"", \""state\"": \""\"", \""zip\"": \""\""}""}"
SR26-00476669,Aircraft Noise Complaint,AVN,,Aviation,Completed,Internet,2026-03-17T10:09:12.000,2026-03-17T10:32:34.000,10510 W ZEMKE RD,Demo City,Illinois,60666,10510,W,ZEMKE,RD,,,76,41,,,5,16,1654,27,10,3,3,1105376.7673561182,1941043.7883293368,41.994900000941,-87.887749500002,"{""latitude"":""41.994900000941"",""longitude"":""-87.887749500002"",""human_address"":""{\""address\"": \""\"", \""city\"": \""\"", \""state\"": \""\"", \""zip\"": \""\""}""}"
SR26-00476667,Traffic Signal Out Complaint,SFB,,CDOT - Department of Transportation,Completed,Mobile Device,2026-03-17T10:08:59.000,2026-03-17T10:10:36.000,2226 E 87TH ST,,,,2226,E,87TH,ST,,,45,8,15,V042,1,04,0412,50,10,3,3,1192656.2226491873,1847750.8212621189,41.737206296639,-87.569748282612,"{""latitude"":""41.737206296639"",""longitude"":""-87.569748282612"",""human_address"":""{\""address\"": \""\"", \""city\"": \""\"", \""state\"": \""\"", \""zip\"": \""\""}""}"
SR26-00476664,311 INFORMATION ONLY CALL,311IOC,311 City Services,311 City Services,Completed,Phone Call,2026-03-17T10:08:47.000,2026-03-17T10:32:55.000,2111 W Lexington ST,Demo City,Illinois,60612,2111,W,Lexington,ST,,,28,28,7,K024,2,12,1225,46,10,3,3,1162234.4668753312,1896560.9616219066,41.87183400094,-87.679845000002,"{""latitude"":""41.87183400094"",""longitude"":""-87.679845000002"",""human_address"":""{\""address\"": \""\"", \""city\"": \""\"", \""state\"": \""\"", \""zip\"": \""\""}""}"
SR26-00476663,311 INFORMATION ONLY CALL,311IOC,311 City Services,311 City Services,Completed,Phone Call,2026-03-17T10:08:46.000,2026-03-17T10:34:07.000,2111 W Lexington ST,Demo City,Illinois,60612,2111,W,Lexington,ST,,,28,28,7,K024,2,12,1225,46,10,3,3,1162234.4668753312,1896560.9616219066,41.87183400094,-87.679845000002,"{""latitude"":""41.87183400094"",""longitude"":""-87.679845000002"",""human_address"":""{\""address\"": \""\"", \""city\"": \""\"", \""state\"": \""\"", \""zip\"": \""\""}""}"
SR26-00476662,311 INFORMATION ONLY CALL,311IOC,311 City Services,311 City Services,Completed,Phone Call,2026-03-17T10:08:42.000,2026-03-17T10:32:11.000,2111 W Lexington ST,Demo City,Illinois,60612,2111,W,Lexington,ST,,,28,28,7,K024,2,12,1225,46,10,3,3,1162234.4668753312,1896560.9616219066,41.87183400094,-87.679845000002,"{""latitude"":""41.87183400094"",""longitude"":""-87.679845000002"",""human_address"":""{\""address\"": \""\"", \""city\"": \""\"", \""state\"": \""\"", \""zip\"": \""\""}""}"
SR26-00476658,311 INFORMATION ONLY CALL,311IOC,311 City Services,311 City Services,Completed,Phone Call,2026-03-17T10:08:37.000,2026-03-17T10:32:55.000,2111 W Lexington ST,Demo City,Illinois,60612,2111,W,Lexington,ST,,,28,28,7,K024,2,12,1225,46,10,3,3,1162234.4668753312,1896560.9616219066,41.87183400094,-87.679845000002,"{""latitude"":""41.87183400094"",""longitude"":""-87.679845000002"",""human_address"":""{\""address\"": \""\"", \""city\"": \""\"", \""state\"": \""\"", \""zip\"": \""\""}""}"
SR26-00476657,Tree Removal Inspection,SEE,Alderman,Streets and Sanitation,Open,Phone Call,2026-03-17T10:08:19.000,2026-03-17T10:08:21.000,7000 N OTTAWA AVE,Demo City,Illinois,60631,7000,N,OTTAWA,AVE,,,9,41,1,W105,1,16,1611,42,10,3,3,1124340.326478831,1945928.8084060522,42.008013000941,-87.817882500002,"{""latitude"":""42.008013000941"",""longitude"":""-87.817882500002"",""human_address"":""{\""address\"": \""\"", \""city\"": \""\"", \""state\"": \""\"", \""zip\"": \""\""}""}"
SR26-00476656,311 INFORMATION ONLY CALL,311IOC,311 City Services,311 City Services,Completed,Phone Call,2026-03-17T10:08:14.000,2026-03-17T10:33:43.000,2111 W Lexington ST,Demo City,Illinois,60612,2111,W,Lexington,ST,,,28,28,7,K024,2,12,1225,46,10,3,3,1162234.4668753312,1896560.9616219066,41.87183400094,-87.679845000002,"{""latitude"":""41.87183400094"",""longitude"":""-87.679845000002"",""human_address"":""{\""address\"": \""\"", \""city\"": \""\"", \""state\"": \""\"", \""zip\"": \""\""}""}"
SR26-00476655,311 INFORMATION ONLY CALL,311IOC,311 City Services,311 City Services,Completed,Phone Call,2026-03-17T10:08:11.000,2026-03-17T10:33:19.000,2111 W Lexington ST,Demo City,Illinois,60612,2111,W,Lexington,ST,,,28,28,7,K024,2,12,1225,46,10,3,3,1162234.4668753312,1896560.9616219066,41.87183400094,-87.679845000002,"{""latitude"":""41.87183400094"",""longitude"":""-87.679845000002"",""human_address"":""{\""address\"": \""\"", \""city\"": \""\"", \""state\"": \""\"", \""zip\"": \""\""}""}"
SR26-00476654,Aircraft Noise Complaint,AVN,,Aviation,Completed,Internet,2026-03-17T10:08:11.000,2026-03-17T10:33:43.000,10510 W ZEMKE RD,Demo City,Illinois,60666,10510,W,ZEMKE,RD,,,76,41,,,5,16,1654,27,10,3,3,1105376.7673561182,1941043.7883293368,41.994900000941,-87.887749500002,"{""latitude"":""41.994900000941"",""longitude"":""-87.887749500002"",""human_address"":""{\""address\"": \""\"", \""city\"": \""\"", \""state\"": \""\"", \""zip\"": \""\""}""}"
SR26-00476653,Sewer Cleaning Inspection Request,CHECKFOR,311 City Services,DWM - Department of Water Management,Open,Phone Call,2026-03-17T10:08:01.000,2026-03-17T10:08:05.000,6049 S OAK PARK AVE,Demo City,Illinois,60638,6049,S,OAK PARK,AVE,,,64,13,10,Z136,1,08,0812,18,10,3,3,1132211.1072561932,1863459.7388102398,41.78157300094,-87.790842000002,"{""latitude"":""41.78157300094"",""longitude"":""-87.790842000002"",""human_address"":""{\""address\"": \""\"", \""city\"": \""\"", \""state\"": \""\"", \""zip\"": \""\""}""}"
SR26-00476651,311 INFORMATION ONLY CALL,311IOC,311 City Services,311 City Services,Completed,Phone Call,2026-03-17T10:07:45.000,2026-03-17T10:33:43.000,2111 W Lexington ST,Demo City,Illinois,60612,2111,W,Lexington,ST,,,28,28,7,K024,2,12,1225,46,10,3,3,1162234.4668753312,1896560.9616219066,41.87183400094,-87.679845000002,"{""latitude"":""41.87183400094"",""longitude"":""-87.679845000002"",""human_address"":""{\""address\"": \""\"", \""city\"": \""\"", \""state\"": \""\"", \""zip\"": \""\""}""}"
SR26-00476650,311 INFORMATION ONLY CALL,311IOC,311 City Services,311 City Services,Completed,Phone Call,2026-03-17T10:07:43.000,2026-03-17T10:33:43.000,2111 W Lexington ST,Demo City,Illinois,60612,2111,W,Lexington,ST,,,28,28,7,K024,2,12,1225,46,10,3,3,1162234.4668753312,1896560.9616219066,41.87183400094,-87.679845000002,"{""latitude"":""41.87183400094"",""longitude"":""-87.679845000002"",""human_address"":""{\""address\"": \""\"", \""city\"": \""\"", \""state\"": \""\"", \""zip\"": \""\""}""}"
SR26-00476649,311 INFORMATION ONLY CALL,311IOC,311 City Services,311 City Services,Completed,Phone Call,2026-03-17T10:07:31.000,2026-03-17T10:33:43.000,2111 W Lexington ST,Demo City,Illinois,60612,2111,W,Lexington,ST,,,28,28,7,K024,2,12,1225,46,10,3,3,1162234.4668753312,1896560.9616219066,41.87183400094,-87.679845000002,"{""latitude"":""41.87183400094"",""longitude"":""-87.679845000002"",""human_address"":""{\""address\"": \""\"", \""city\"": \""\"", \""state\"": \""\"", \""zip\"": \""\""}""}"
SR26-00476647,Tree Removal Inspection,SEE,Alderman,Streets and Sanitation,Open,Phone Call,2026-03-17T10:07:28.000,2026-03-17T10:07:31.000,6958 N OTTAWA AVE,Demo City,Illinois,60631,6958,N,OTTAWA,AVE,,,9,41,1,W105,1,16,1611,42,10,3,3,1124333.4820515055,1945846.7729147326,42.007788000941,-87.817909500002,"{""latitude"":""42.007788000941"",""longitude"":""-87.817909500002"",""human_address"":""{\""address\"": \""\"", \""city\"": \""\"", \""state\"": \""\"", \""zip\"": \""\""}""}"
SR26-00476646,Garbage Cart Maintenance,SIE,311 City Services,Streets and Sanitation,Open,Phone Call,2026-03-17T10:07:12.000,2026-03-17T10:07:15.000,1908 W ERIE ST,Demo City,Illinois,60622,1908,W,ERIE,ST,,,24,36,5,L021,2,12,1221,39,10,3,3,1163501.5536992787,1904425.7237684755,41.893389000941,-87.674971500002,"{""latitude"":""41.893389000941"",""longitude"":""-87.674971500002"",""human_address"":""{\""address\"": \""\"", \""city\"": \""\"", \""state\"": \""\"", \""zip\"": \""\""}""}"
SR26-00476645,311 INFORMATION ONLY CALL,311IOC,311 City Services,311 City Services,Completed,Phone Call,2026-03-17T10:07:04.000,2026-03-17T10:33:43.000,2111 W Lexington ST,Demo City,Illinois,60612,2111,W,Lexington,ST,,,28,28,7,K024,2,12,1225,46,10,3,3,1162234.4668753312,1896560.9616219066,41.87183400094,-87.679845000002,"{""latitude"":""41.87183400094"",""longitude"":""-87.679845000002"",""human_address"":""{\""address\"": \""\"", \""city\"": \""\"", \""state\"": \""\"", \""zip\"": \""\""}""}"
SR26-00476644,Abandoned Vehicle Complaint,SKA,,Streets and Sanitation,Open,SPOTCSR,2026-03-17T10:06:46.000,2026-03-17T10:33:43.000,2509 E 109TH ST,CHICAGO,IL,60617,2509,E,109TH,ST,,,75,19,13,J048,1,22,2212,50,10,3,3,1161535.1074873654,1832200.9568961272,41.69523600094,-87.684196500002,"{""latitude"":""41.69523600094"",""longitude"":""-87.684196500002"",""human_address"":""{\""address\"": \""\"", \""city\"": \""\"", \""state\"": \""\"", \""zip\"": \""\""}""}"
SR26-00476642,Traffic Signal Out Complaint,SFB,311 City Services,CDOT - Department of Transportation,Open,Phone Call,2026-03-17T10:06:27.000,2026-03-17T10:17:51.000,4300 S WALLACE ST,Demo City,Illinois,60609,4300,S,WALLACE,ST,,,61,11,9,O032,2,09,0925,13,10,3,3,1172887.148466811,1876373.6159180396,41.816209045155,-87.641332083452,"{""latitude"":""41.816209045155"",""longitude"":""-87.641332083452"",""human_address"":""{\""address\"": \""\"", \""city\"": \""\"", \""state\"": \""\"", \""zip\"": \""\""}""}"
SR26-00476641,311 INFORMATION ONLY CALL,311IOC,311 City Services,311 City Services,Completed,Phone Call,2026-03-17T10:06:25.000,2026-03-17T10:33:43.000,2111 W Lexington ST,Demo City,Illinois,60612,2111,W,Lexington,ST,,,28,28,7,K024,2,12,1225,46,10,3,3,1162234.4668753312,1896560.9616219066,41.87183400094,-87.679845000002,"{""latitude"":""41.87183400094"",""longitude"":""-87.679845000002"",""human_address"":""{\""address\"": \""\"", \""city\"": \""\"", \""state\"": \""\"", \""zip\"": \""\""}""}"
SR26-00476638,Tree Removal Inspection,SEE,Alderman,Streets and Sanitation,Open,Phone Call,2026-03-17T10:06:21.000,2026-03-17T10:06:23.000,6960 N OTTAWA AVE,Demo City,Illinois,60631,6960,N,OTTAWA,AVE,,,9,41,1,W105,1,16,1611,42,10,3,3,1124333.2253661058,1945889.4083963218,42.007905000941,-87.817909500002,"{""latitude"":""42.007905000941"",""longitude"":""-87.817909500002"",""human_address"":""{\""address\"": \""\"", \""city\"": \""\"", \""state\"": \""\"", \""zip\"": \""\""}""}"
SR26-00476639,Buildings - Plumbing Violation,BBC,311 City Services,DOB - Buildings,Open,Phone Call,2026-03-17T10:06:21.000,2026-03-17T10:06:23.000,6358 S DR MARTIN LUTHER KING JR DR,Demo City,Illinois,60637,6358,S,DR MARTIN LUTHER KING JR,DR,,,69,20,12,Q037,1,03,0312,35,10,3,3,1179686.0728534744,1862600.3510464272,41.77826100094,-87.616813500002,"{""latitude"":""41.77826100094"",""longitude"":""-87.616813500002"",""human_address"":""{\""address\"": \""\"", \""city\"": \""\"", \""state\"": \""\"", \""zip\"": \""\""}""}"
SR26-00476637,Aircraft Noise Complaint,AVN,,Aviation,Completed,Internet,2026-03-17T10:06:20.000,2026-03-17T10:32:11.000,10510 W ZEMKE RD,Demo City,Illinois,60666,10510,W,ZEMKE,RD,,,76,41,,,5,16,1654,27,10,3,3,1105376.7673561182,1941043.7883293368,41.994900000941,-87.887749500002,"{""latitude"":""41.994900000941"",""longitude"":""-87.887749500002"",""human_address"":""{\""address\"": \""\"", \""city\"": \""\"", \""state\"": \""\"", \""zip\"": \""\""}""}"
SR26-00476636,Pothole in Street Complaint,PHF,,CDOT - Department of Transportation,Open,Mobile Device,2026-03-17T10:06:10.000,2026-03-17T10:06:12.000,5129 S ARCHER AVE,,,,5129,S,ARCHER,AVE,,,57,23,10,F034,1,08,0815,6,10,3,3,1148515.1800355888,1870383.4732163805,41.80027500094,-87.730888500002,"{""latitude"":""41.80027500094"",""longitude"":""-87.730888500002"",""human_address"":""{\""address\"": \""\"", \""city\"": \""\"", \""state\"": \""\"", \""zip\"": \""\""}""}"
SR26-00476635,311 INFORMATION ONLY CALL,311IOC,311 City Services,311 City Services,Completed,Phone Call,2026-03-17T10:06:09.000,2026-03-17T10:33:43.000,2111 W Lexington ST,Demo City,Illinois,60612,2111,W,Lexington,ST,,,28,28,7,K024,2,12,1225,46,10,3,3,1162234.4668753312,1896560.9616219066,41.87183400094,-87.679845000002,"{""latitude"":""41.87183400094"",""longitude"":""-87.679845000002"",""human_address"":""{\""address\"": \""\"", \""city\"": \""\"", \""state\"": \""\"", \""zip\"": \""\""}""}"
SR26-00476634,311 INFORMATION ONLY CALL,311IOC,311 City Services,311 City Services,Completed,Phone Call,2026-03-17T10:05:58.000,2026-03-17T10:33:43.000,2111 W Lexington ST,Demo City,Illinois,60612,2111,W,Lexington,ST,,,28,28,7,K024,2,12,1225,46,10,3,3,1162234.4668753312,1896560.9616219066,41.87183400094,-87.679845000002,"{""latitude"":""41.87183400094"",""longitude"":""-87.679845000002"",""human_address"":""{\""address\"": \""\"", \""city\"": \""\"", \""state\"": \""\"", \""zip\"": \""\""}""}"
SR26-00476633,311 INFORMATION ONLY CALL,311IOC,311 City Services,311 City Services,Completed,Phone Call,2026-03-17T10:05:57.000,2026-03-17T10:33:43.000,2111 W Lexington ST,Demo City,Illinois,60612,2111,W,Lexington,ST,,,28,28,7,K024,2,12,1225,46,10,3,3,1162234.4668753312,1896560.9616219066,41.87183400094,-87.679845000002,"{""latitude"":""41.87183400094"",""longitude"":""-87.679845000002"",""human_address"":""{\""address\"": \""\"", \""city\"": \""\"", \""state\"": \""\"", \""zip\"": \""\""}""}"
SR26-00476632,Blue Recycling Cart,SRRC,Alderman,Streets and Sanitation,Open,Alderman's Office,2026-03-17T10:05:46.000,2026-03-17T10:05:48.000,1850 N NASHVILLE AVE,Demo City,Illinois,60707,1850,N,NASHVILLE,AVE,,,25,29,6,Z118,1,25,2513,43,10,3,3,1132097.4531297686,1911806.1233156638,41.914245105666,-87.790137530804,"{""latitude"":""41.914245105666"",""longitude"":""-87.790137530804"",""human_address"":""{\""address\"": \""\"", \""city\"": \""\"", \""state\"": \""\"", \""zip\"": \""\""}""}"
SR26-00476630,311 INFORMATION ONLY CALL,311IOC,311 City Services,311 City Services,Completed,Phone Call,2026-03-17T10:05:42.000,2026-03-17T10:32:55.000,2111 W Lexington ST,Demo City,Illinois,60612,2111,W,Lexington,ST,,,28,28,7,K024,2,12,1225,46,10,3,3,1162234.4668753312,1896560.9616219066,41.87183400094,-87.679845000002,"{""latitude"":""41.87183400094"",""longitude"":""-87.679845000002"",""human_address"":""{\""address\"": \""\"", \""city\"": \""\"", \""state\"": \""\"", \""zip\"": \""\""}""}"
SR26-00476631,311 INFORMATION ONLY CALL,311IOC,311 City Services,311 City Services,Completed,Phone Call,2026-03-17T10:05:42.000,2026-03-17T10:33:43.000,2111 W Lexington ST,Demo City,Illinois,60612,2111,W,Lexington,ST,,,28,28,7,K024,2,12,1225,46,10,3,3,1162234.4668753312,1896560.9616219066,41.87183400094,-87.679845000002,"{""latitude"":""41.87183400094"",""longitude"":""-87.679845000002"",""human_address"":""{\""address\"": \""\"", \""city\"": \""\"", \""state\"": \""\"", \""zip\"": \""\""}""}"
SR26-00476628,311 INFORMATION ONLY CALL,311IOC,311 City Services,311 City Services,Completed,Phone Call,2026-03-17T10:05:34.000,2026-03-17T10:32:11.000,2111 W Lexington ST,Demo City,Illinois,60612,2111,W,Lexington,ST,,,28,28,7,K024,2,12,1225,46,10,3,3,1162234.4668753312,1896560.9616219066,41.87183400094,-87.679845000002,"{""latitude"":""41.87183400094"",""longitude"":""-87.679845000002"",""human_address"":""{\""address\"": \""\"", \""city\"": \""\"", \""state\"": \""\"", \""zip\"": \""\""}""}"
SR26-00476627,311 INFORMATION ONLY CALL,311IOC,311 City Services,311 City Services,Completed,Phone Call,2026-03-17T10:05:21.000,2026-03-17T10:33:43.000,2111 W Lexington ST,Demo City,Illinois,60612,2111,W,Lexington,ST,,,28,28,7,K024,2,12,1225,46,10,3,3,1162234.4668753312,1896560.9616219066,41.87183400094,-87.679845000002,"{""latitude"":""41.87183400094"",""longitude"":""-87.679845000002"",""human_address"":""{\""address\"": \""\"", \""city\"": \""\"", \""state\"": \""\"", \""zip\"": \""\""}""}"
SR26-00476626,Garbage Cart Maintenance,SIE,Streets and Sanitation,Streets and Sanitation,Open,Phone Call,2026-03-17T10:05:18.000,2026-03-17T10:05:19.000,1123 W 111TH PL,Demo City,Illinois,60643,1123,W,111TH,PL,,,75,21,13,N049,3,22,2234,32,10,3,3,1170711.4296410545,1830786.2030085113,41.69115900094,-87.650640000002,"{""latitude"":""41.69115900094"",""longitude"":""-87.650640000002"",""human_address"":""{\""address\"": \""\"", \""city\"": \""\"", \""state\"": \""\"", \""zip\"": \""\""}""}"
SR26-00476625,311 INFORMATION ONLY CALL,311IOC,311 City Services,311 City Services,Completed,Phone Call,2026-03-17T10:05:03.000,2026-03-17T10:33:43.000,2111 W Lexington ST,Demo City,Illinois,60612,2111,W,Lexington,ST,,,28,28,7,K024,2,12,1225,46,10,3,3,1162234.4668753312,1896560.9616219066,41.87183400094,-87.679845000002,"{""latitude"":""41.87183400094"",""longitude"":""-87.679845000002"",""human_address"":""{\""address\"": \""\"", \""city\"": \""\"", \""state\"": \""\"", \""zip\"": \""\""}""}"
SR26-00476623,311 INFORMATION ONLY CALL,311IOC,311 City Services,311 City Services,Completed,Phone Call,2026-03-17T10:04:47.000,2026-03-17T10:33:19.000,2111 W Lexington ST,Demo City,Illinois,60612,2111,W,Lexington,ST,,,28,28,7,K024,2,12,1225,46,10,3,3,1162234.4668753312,1896560.9616219066,41.87183400094,-87.679845000002,"{""latitude"":""41.87183400094"",""longitude"":""-87.679845000002"",""human_address"":""{\""address\"": \""\"", \""city\"": \""\"", \""state\"": \""\"", \""zip\"": \""\""}""}"
SR26-00476622,Clean and Green Program Request,NAA,Alderman,Streets and Sanitation,Open,Alderman's Office,2026-03-17T10:04:45.000,2026-03-17T10:04:48.000,3945 S PRAIRIE AVE,Demo City,Illinois,60653,3945,S,PRAIRIE,AVE,,,38,3,9,Q031,1,02,0213,20,10,3,3,1178827.4628772214,1878634.588513549,41.82228000094,-87.619473000002,"{""latitude"":""41.82228000094"",""longitude"":""-87.619473000002"",""human_address"":""{\""address\"": \""\"", \""city\"": \""\"", \""state\"": \""\"", \""zip\"": \""\""}""}"
SR26-00476621,311 INFORMATION ONLY CALL,311IOC,311 City Services,311 City Services,Completed,Phone Call,2026-03-17T10:04:42.000,2026-03-17T10:32:34.000,2111 W Lexington ST,Demo City,Illinois,60612,2111,W,Lexington,ST,,,28,28,7,K024,2,12,1225,46,10,3,3,1162234.4668753312,1896560.9616219066,41.87183400094,-87.679845000002,"{""latitude"":""41.87183400094"",""longitude"":""-87.679845000002"",""human_address"":""{\""address\"": \""\"", \""city\"": \""\"", \""state\"": \""\"", \""zip\"": \""\""}""}"
SR26-00476618,311 INFORMATION ONLY CALL,311IOC,311 City Services,311 City Services,Completed,Phone Call,2026-03-17T10:04:29.000,2026-03-17T10:33:43.000,2111 W Lexington ST,Demo City,Illinois,60612,2111,W,Lexington,ST,,,28,28,7,K024,2,12,1225,46,10,3,3,1162234.4668753312,1896560.9616219066,41.87183400094,-87.679845000002,"{""latitude"":""41.87183400094"",""longitude"":""-87.679845000002"",""human_address"":""{\""address\"": \""\"", \""city\"": \""\"", \""state\"": \""\"", \""zip\"": \""\""}""}"
SR26-00476617,311 INFORMATION ONLY CALL,311IOC,311 City Services,311 City Services,Completed,Phone Call,2026-03-17T10:04:23.000,2026-03-17T10:32:55.000,2111 W Lexington ST,Demo City,Illinois,60612,2111,W,Lexington,ST,,,28,28,7,K024,2,12,1225,46,10,3,3,1162234.4668753312,1896560.9616219066,41.87183400094,-87.679845000002,"{""latitude"":""41.87183400094"",""longitude"":""-87.679845000002"",""human_address"":""{\""address\"": \""\"", \""city\"": \""\"", \""state\"": \""\"", \""zip\"": \""\""}""}"
SR26-00476616,Aircraft Noise Complaint,AVN,,Aviation,Completed,Internet,2026-03-17T10:04:18.000,2026-03-17T10:33:43.000,10510 W ZEMKE RD,Demo City,Illinois,60666,10510,W,ZEMKE,RD,,,76,41,,,5,16,1654,27,10,3,3,1105376.7673561182,1941043.7883293368,41.994900000941,-87.887749500002,"{""latitude"":""41.994900000941"",""longitude"":""-87.887749500002"",""human_address"":""{\""address\"": \""\"", \""city\"": \""\"", \""state\"": \""\"", \""zip\"": \""\""}""}"
SR26-00476615,311 INFORMATION ONLY CALL,311IOC,311 City Services,311 City Services,Completed,Phone Call,2026-03-17T10:04:13.000,2026-03-17T10:33:43.000,2111 W Lexington ST,Demo City,Illinois,60612,2111,W,Lexington,ST,,,28,28,7,K024,2,12,1225,46,10,3,3,1162234.4668753312,1896560.9616219066,41.87183400094,-87.679845000002,"{""latitude"":""41.87183400094"",""longitude"":""-87.679845000002"",""human_address"":""{\""address\"": \""\"", \""city\"": \""\"", \""state\"": \""\"", \""zip\"": \""\""}""}"
SR26-00476614,Fly Dumping Complaint,SDR,,Streets and Sanitation,Open,Mobile Device,2026-03-17T10:04:06.000,2026-03-17T10:04:11.000,2142 S ALBANY AVE,,,,2142,S,ALBANY,AVE,,,30,24,7,I026,2,10,1022,39,10,3,3,1155951.5179444507,1889393.6279103262,41.85229500094,-87.703105500002,"{""latitude"":""41.85229500094"",""longitude"":""-87.703105500002"",""human_address"":""{\""address\"": \""\"", \""city\"": \""\"", \""state\"": \""\"", \""zip\"": \""\""}""}"
SR26-00476613,311 INFORMATION ONLY CALL,311IOC,311 City Services,311 City Services,Completed,Phone Call,2026-03-17T10:04:04.000,2026-03-17T10:33:43.000,2111 W Lexington ST,Demo City,Illinois,60612,2111,W,Lexington,ST,,,28,28,7,K024,2,12,1225,46,10,3,3,1162234.4668753312,1896560.9616219066,41.87183400094,-87.679845000002,"{""latitude"":""41.87183400094"",""longitude"":""-87.679845000002"",""human_address"":""{\""address\"": \""\"", \""city\"": \""\"", \""state\"": \""\"", \""zip\"": \""\""}""}"
SR26-00476612,Tree Planting Request,SED,,Streets and Sanitation,Open,Internet,2026-03-17T10:03:57.000,2026-03-17T10:03:59.000,1907 N WHIPPLE ST,Demo City,Illinois,60647,1907,N,WHIPPLE,ST,1,,22,26,5,I018,2,14,1421,20,10,3,3,1155639.1639228638,1912579.2809281305,41.915925000941,-87.703627500002,"{""latitude"":""41.915925000941"",""longitude"":""-87.703627500002"",""human_address"":""{\""address\"": \""\"", \""city\"": \""\"", \""state\"": \""\"", \""zip\"": \""\""}""}"
SR26-00476611,311 INFORMATION ONLY CALL,311IOC,311 City Services,311 City Services,Completed,Phone Call,2026-03-17T10:03:45.000,2026-03-17T10:33:43.000,2111 W Lexington ST,Demo City,Illinois,60612,2111,W,Lexington,ST,,,28,28,7,K024,2,12,1225,46,10,3,3,1162234.4668753312,1896560.9616219066,41.87183400094,-87.679845000002,"{""latitude"":""41.87183400094"",""longitude"":""-87.679845000002"",""human_address"":""{\""address\"": \""\"", \""city\"": \""\"", \""state\"": \""\"", \""zip\"": \""\""}""}"
SR26-00476610,Report an Injured Animal,EAQ,311 City Services,Animal Care and Control,Open,Phone Call,2026-03-17T10:03:31.000,2026-03-17T10:03:34.000,2121 W TAYLOR ST,Demo City,Illinois,60612,2121,W,TAYLOR,ST,,,28,27,7,K024,2,12,1225,10,10,3,3,1162407.6710669461,1895384.8421656743,41.86860300094,-87.679242000002,"{""latitude"":""41.86860300094"",""longitude"":""-87.679242000002"",""human_address"":""{\""address\"": \""\"", \""city\"": \""\"", \""state\"": \""\"", \""zip\"": \""\""}""}"
SR26-00476608,Water On Street Complaint,AAE,,DWM - Department of Water Management,Open,Internet,2026-03-17T10:03:24.000,2026-03-17T11:00:04.000,1400 N LASALLE DR,Demo City,Illinois,60610,1400,N,LASALLE,DR,,,8,2,5,P019,2,18,1821,37,10,3,3,1174851.38672729,1909754.1660116904,41.907763976787,-87.633128220932,"{""latitude"":""41.907763976787"",""longitude"":""-87.633128220932"",""human_address"":""{\""address\"": \""\"", \""city\"": \""\"", \""state\"": \""\"", \""zip\"": \""\""}""}"
SR26-00476607,311 INFORMATION ONLY CALL,311IOC,311 City Services,311 City Services,Completed,Phone Call,2026-03-17T10:03:22.000,2026-03-17T10:32:34.000,2111 W Lexington ST,Demo City,Illinois,60612,2111,W,Lexington,ST,,,28,28,7,K024,2,12,1225,46,10,3,3,1162234.4668753312,1896560.9616219066,41.87183400094,-87.679845000002,"{""latitude"":""41.87183400094"",""longitude"":""-87.679845000002"",""human_address"":""{\""address\"": \""\"", \""city\"": \""\"", \""state\"": \""\"", \""zip\"": \""\""}""}"
SR26-00476606,311 INFORMATION ONLY CALL,311IOC,311 City Services,311 City Services,Completed,Phone Call,2026-03-17T10:03:20.000,2026-03-17T10:33:43.000,2111 W Lexington ST,Demo City,Illinois,60612,2111,W,Lexington,ST,,,28,28,7,K024,2,12,1225,46,10,3,3,1162234.4668753312,1896560.9616219066,41.87183400094,-87.679845000002,"{""latitude"":""41.87183400094"",""longitude"":""-87.679845000002"",""human_address"":""{\""address\"": \""\"", \""city\"": \""\"", \""state\"": \""\"", \""zip\"": \""\""}""}"
SR26-00476605,311 INFORMATION ONLY CALL,311IOC,311 City Services,311 City Services,Completed,Phone Call,2026-03-17T10:03:06.000,2026-03-17T10:33:43.000,2111 W Lexington ST,Demo City,Illinois,60612,2111,W,Lexington,ST,,,28,28,7,K024,2,12,1225,46,10,3,3,1162234.4668753312,1896560.9616219066,41.87183400094,-87.679845000002,"{""latitude"":""41.87183400094"",""longitude"":""-87.679845000002"",""human_address"":""{\""address\"": \""\"", \""city\"": \""\"", \""state\"": \""\"", \""zip\"": \""\""}""}"
SR26-00476602,Abandoned Vehicle Complaint,SKA,,Streets and Sanitation,Open,SPOTCSR,2026-03-17T10:02:55.000,2026-03-17T10:33:43.000,186 E LA SALLE DR,CHICAGO,IL,60614,186,E,LA SALLE,DR,,,7,43,5,Q018,1,18,1814,32,10,3,3,1176860.433525241,1911975.709400126,41.913814745034,-87.625680810214,"{""latitude"":""41.913814745034"",""longitude"":""-87.625680810214"",""human_address"":""{\""address\"": \""\"", \""city\"": \""\"", \""state\"": \""\"", \""zip\"": \""\""}""}"
SR26-00476603,Garbage Cart Maintenance,SIE,,Streets and Sanitation,Open,Mobile Device,2026-03-17T10:02:55.000,2026-03-17T10:02:59.000,6425 N NATOMA AVE,,,,6425,N,NATOMA,AVE,,,10,41,1,Z106,1,16,1611,32,10,3,3,1131395.4798410207,1942358.0356846119,41.998095000941,-87.792007500002,"{""latitude"":""41.998095000941"",""longitude"":""-87.792007500002"",""human_address"":""{\""address\"": \""\"", \""city\"": \""\"", \""state\"": \""\"", \""zip\"": \""\""}""}"
SR26-00476601,Water On Street Complaint,AAE,311 City Services,DWM - Department of Water Management,Open,Phone Call,2026-03-17T10:02:54.000,2026-03-17T10:02:58.000,4940 S EAST  EAST END AVE,Demo City,Illinois,60615,4940,S,EAST  EAST END,AVE,,,39,5,9,U033,2,02,0222,22,10,3,3,1187952.3506794886,1872451.029886183,41.80509900094,-87.586195500002,"{""latitude"":""41.80509900094"",""longitude"":""-87.586195500002"",""human_address"":""{\""address\"": \""\"", \""city\"": \""\"", \""state\"": \""\"", \""zip\"": \""\""}""}"
SR26-00476599,311 INFORMATION ONLY CALL,311IOC,311 City Services,311 City Services,Completed,Phone Call,2026-03-17T10:02:52.000,2026-03-17T10:33:43.000,2111 W Lexington ST,Demo City,Illinois,60612,2111,W,Lexington,ST,,,28,28,7,K024,2,12,1225,46,10,3,3,1162234.4668753312,1896560.9616219066,41.87183400094,-87.679845000002,"{""latitude"":""41.87183400094"",""longitude"":""-87.679845000002"",""human_address"":""{\""address\"": \""\"", \""city\"": \""\"", \""state\"": \""\"", \""zip\"": \""\""}""}"
SR26-00476598,311 INFORMATION ONLY CALL,311IOC,311 City Services,311 City Services,Completed,Phone Call,2026-03-17T10:02:50.000,2026-03-17T10:32:55.000,2111 W Lexington ST,Demo City,Illinois,60612,2111,W,Lexington,ST,,,28,28,7,K024,2,12,1225,46,10,3,3,1162234.4668753312,1896560.9616219066,41.87183400094,-87.679845000002,"{""latitude"":""41.87183400094"",""longitude"":""-87.679845000002"",""human_address"":""{\""address\"": \""\"", \""city\"": \""\"", \""state\"": \""\"", \""zip\"": \""\""}""}"
SR26-00476597,311 INFORMATION ONLY CALL,311IOC,311 City Services,311 City Services,Completed,Phone Call,2026-03-17T10:02:48.000,2026-03-17T10:33:19.000,2111 W Lexington ST,Demo City,Illinois,60612,2111,W,Lexington,ST,,,28,28,7,K024,2,12,1225,46,10,3,3,1162234.4668753312,1896560.9616219066,41.87183400094,-87.679845000002,"{""latitude"":""41.87183400094"",""longitude"":""-87.679845000002"",""human_address"":""{\""address\"": \""\"", \""city\"": \""\"", \""state\"": \""\"", \""zip\"": \""\""}""}"
SR26-00476596,Blue Recycling Cart,SRRC,Alderman,Streets and Sanitation,Open,Phone Call,2026-03-17T10:02:45.000,2026-03-17T10:02:47.000,1848 N NASHVILLE AVE,Demo City,Illinois,60707,1848,N,NASHVILLE,AVE,,,25,29,6,Z118,1,25,2513,43,10,3,3,1132047.9621785802,1911778.4406584464,41.914170000941,-87.790320000002,"{""latitude"":""41.914170000941"",""longitude"":""-87.790320000002"",""human_address"":""{\""address\"": \""\"", \""city\"": \""\"", \""state\"": \""\"", \""zip\"": \""\""}""}"
SR26-00476594,Sewer Cleaning Inspection Request,CHECKFOR,,DWM - Department of Water Management,Open,Mobile Device,2026-03-17T10:02:43.000,2026-03-17T10:02:46.000,3859 W 55TH ST,,,,3859,W,55TH,ST,,,62,23,10,G035,2,08,0822,39,10,3,3,1151357.379683359,1867750.2839646405,41.79299400094,-87.720534000002,"{""latitude"":""41.79299400094"",""longitude"":""-87.720534000002"",""human_address"":""{\""address\"": \""\"", \""city\"": \""\"", \""state\"": \""\"", \""zip\"": \""\""}""}"
SR26-00476592,311 INFORMATION ONLY CALL,311IOC,311 City Services,311 City Services,Completed,Phone Call,2026-03-17T10:02:14.000,2026-03-17T10:32:11.000,2111 W Lexington ST,Demo City,Illinois,60612,2111,W,Lexington,ST,,,28,28,7,K024,2,12,1225,46,10,3,3,1162234.4668753312,1896560.9616219066,41.87183400094,-87.679845000002,"{""latitude"":""41.87183400094"",""longitude"":""-87.679845000002"",""human_address"":""{\""address\"": \""\"", \""city\"": \""\"", \""state\"": \""\"", \""zip\"": \""\""}""}"
SR26-00476590,311 INFORMATION ONLY CALL,311IOC,311 City Services,311 City Services,Completed,Phone Call,2026-03-17T10:02:12.000,2026-03-17T10:33:43.000,2111 W Lexington ST,Demo City,Illinois,60612,2111,W,Lexington,ST,,,28,28,7,K024,2,12,1225,46,10,3,3,1162234.4668753312,1896560.9616219066,41.87183400094,-87.679845000002,"{""latitude"":""41.87183400094"",""longitude"":""-87.679845000002"",""human_address"":""{\""address\"": \""\"", \""city\"": \""\"", \""state\"": \""\"", \""zip\"": \""\""}""}"
SR26-00476589,311 INFORMATION ONLY CALL,311IOC,311 City Services,311 City Services,Completed,Phone Call,2026-03-17T10:02:09.000,2026-03-17T10:32:34.000,2111 W Lexington ST,Demo City,Illinois,60612,2111,W,Lexington,ST,,,28,28,7,K024,2,12,1225,46,10,3,3,1162234.4668753312,1896560.9616219066,41.87183400094,-87.679845000002,"{""latitude"":""41.87183400094"",""longitude"":""-87.679845000002"",""human_address"":""{\""address\"": \""\"", \""city\"": \""\"", \""state\"": \""\"", \""zip\"": \""\""}""}"
SR26-00476587,311 INFORMATION ONLY CALL,311IOC,311 City Services,311 City Services,Completed,Phone Call,2026-03-17T10:01:50.000,2026-03-17T10:33:19.000,2111 W Lexington ST,Demo City,Illinois,60612,2111,W,Lexington,ST,,,28,28,7,K024,2,12,1225,46,10,3,3,1162234.4668753312,1896560.9616219066,41.87183400094,-87.679845000002,"{""latitude"":""41.87183400094"",""longitude"":""-87.679845000002"",""human_address"":""{\""address\"": \""\"", \""city\"": \""\"", \""state\"": \""\"", \""zip\"": \""\""}""}"
SR26-00476588,311 INFORMATION ONLY CALL,311IOC,311 City Services,311 City Services,Completed,Phone Call,2026-03-17T10:01:50.000,2026-03-17T10:32:11.000,2111 W Lexington ST,Demo City,Illinois,60612,2111,W,Lexington,ST,,,32,34,7,Q023,1,01,0112,42,10,3,3,1176808.8273030496,1900413.1745961104,41.882087760194,-87.626220508472,"{""latitude"":""41.882087760194"",""longitude"":""-87.626220508472"",""human_address"":""{\""address\"": \""\"", \""city\"": \""\"", \""state\"": \""\"", \""zip\"": \""\""}""}"
SR26-00476585,311 INFORMATION ONLY CALL,311IOC,311 City Services,311 City Services,Completed,Phone Call,2026-03-17T10:01:40.000,2026-03-17T10:33:43.000,2111 W Lexington ST,Demo City,Illinois,60612,2111,W,Lexington,ST,,,28,28,7,K024,2,12,1225,46,10,3,3,1162234.4668753312,1896560.9616219066,41.87183400094,-87.679845000002,"{""latitude"":""41.87183400094"",""longitude"":""-87.679845000002"",""human_address"":""{\""address\"": \""\"", \""city\"": \""\"", \""state\"": \""\"", \""zip\"": \""\""}""}"
SR26-00476582,Aircraft Noise Complaint,AVN,,Aviation,Completed,Internet,2026-03-17T10:01:08.000,2026-03-17T10:32:11.000,10510 W ZEMKE RD,Demo City,Illinois,60666,10510,W,ZEMKE,RD,,,76,41,,,5,16,1654,27,10,3,3,1105376.7673561182,1941043.7883293368,41.994900000941,-87.887749500002,"{""latitude"":""41.994900000941"",""longitude"":""-87.887749500002"",""human_address"":""{\""address\"": \""\"", \""city\"": \""\"", \""state\"": \""\"", \""zip\"": \""\""}""}"
SR26-00476577,311 INFORMATION ONLY CALL,311IOC,311 City Services,311 City Services,Completed,Phone Call,2026-03-17T10:00:59.000,2026-03-17T10:32:11.000,2111 W Lexington ST,Demo City,Illinois,60612,2111,W,Lexington,ST,,,28,28,7,K024,2,12,1225,46,10,3,3,1162234.4668753312,1896560.9616219066,41.87183400094,-87.679845000002,"{""latitude"":""41.87183400094"",""longitude"":""-87.679845000002"",""human_address"":""{\""address\"": \""\"", \""city\"": \""\"", \""state\"": \""\"", \""zip\"": \""\""}""}"
SR26-00476576,Tree Removal Inspection,SEE,,Streets and Sanitation,Open,Internet,2026-03-17T10:00:56.000,2026-03-17T11:13:22.000,12200 S RACINE AVE,Demo City,Illinois,60643,12200,S,RACINE,AVE,,,53,21,13,M051,2,05,0524,40,10,3,3,1170446.8953816558,1823827.8982805542,41.67207000094,-87.651810000002,"{""latitude"":""41.67207000094"",""longitude"":""-87.651810000002"",""human_address"":""{\""address\"": \""\"", \""city\"": \""\"", \""state\"": \""\"", \""zip\"": \""\""}""}"
SR26-00476575,Low Water Pressure Complaint,WBK,311 City Services,DWM - Department of Water Management,Open,Phone Call,2026-03-17T10:00:49.000,2026-03-17T10:07:13.000,6344 N LENOX AVE,Demo City,Illinois,60646,6344,N,LENOX,AVE,,,12,39,1,D007,2,16,1621,45,10,3,3,1142005.1578881075,1941938.8362754926,41.996754000941,-87.752988000002,"{""latitude"":""41.996754000941"",""longitude"":""-87.752988000002"",""human_address"":""{\""address\"": \""\"", \""city\"": \""\"", \""state\"": \""\"", \""zip\"": \""\""}""}"
SR26-00476573,311 INFORMATION ONLY CALL,311IOC,311 City Services,311 City Services,Completed,Phone Call,2026-03-17T10:00:48.000,2026-03-17T10:33:19.000,2111 W Lexington ST,Demo City,Illinois,60612,2111,W,Lexington,ST,,,28,28,7,K024,2,12,1225,46,10,3,3,1162234.4668753312,1896560.9616219066,41.87183400094,-87.679845000002,"{""latitude"":""41.87183400094"",""longitude"":""-87.679845000002"",""human_address"":""{\""address\"": \""\"", \""city\"": \""\"", \""state\"": \""\"", \""zip\"": \""\""}""}"
SR26-00476571,311 INFORMATION ONLY CALL,311IOC,311 City Services,311 City Services,Completed,Phone Call,2026-03-17T10:00:45.000,2026-03-17T10:32:34.000,2111 W Lexington ST,Demo City,Illinois,60612,2111,W,Lexington,ST,,,28,28,7,K024,2,12,1225,46,10,3,3,1162234.4668753312,1896560.9616219066,41.87183400094,-87.679845000002,"{""latitude"":""41.87183400094"",""longitude"":""-87.679845000002"",""human_address"":""{\""address\"": \""\"", \""city\"": \""\"", \""state\"": \""\"", \""zip\"": \""\""}""}"
SR26-00476570,Sign Repair Request - Stop Sign,PCB,,CDOT - Department of Transportation,Open,Mobile Device,2026-03-17T10:00:42.000,2026-03-17T10:00:46.000,6000 N AVONDALE AVE,,,,6000,N,AVONDALE,AVE,,,10,41,1,Y107,1,16,1612,26,10,3,3,1130004.0666989367,1939505.6869538105,41.990291919637,-87.797191830983,"{""latitude"":""41.990291919637"",""longitude"":""-87.797191830983"",""human_address"":""{\""address\"": \""\"", \""city\"": \""\"", \""state\"": \""\"", \""zip\"": \""\""}""}"
SR26-00476568,311 INFORMATION ONLY CALL,311IOC,311 City Services,311 City Services,Completed,Phone Call,2026-03-17T10:00:05.000,2026-03-17T10:32:34.000,2111 W Lexington ST,Demo City,Illinois,60612,2111,W,Lexington,ST,,,28,28,7,K024,2,12,1225,46,10,3,3,1162234.4668753312,1896560.9616219066,41.87183400094,-87.679845000002,"{""latitude"":""41.87183400094"",""longitude"":""-87.679845000002"",""human_address"":""{\""address\"": \""\"", \""city\"": \""\"", \""state\"": \""\"", \""zip\"": \""\""}""}"
SR26-00476567,Sewer Cleaning Inspection Request,CHECKFOR,311 City Services,DWM - Department of Water Management,Canceled,Phone Call,2026-03-17T10:00:03.000,2026-03-17T10:26:10.000,9047 S CORNELL AVE,Demo City,Illinois,60617,9047,S,CORNELL,AVE,,,48,8,15,U043,1,04,0413,3,10,3,3,1188909.7100469503,1845109.2666629865,41.73004800094,-87.583558500002,"{""latitude"":""41.73004800094"",""longitude"":""-87.583558500002"",""human_address"":""{\""address\"": \""\"", \""city\"": \""\"", \""state\"": \""\"", \""zip\"": \""\""}""}"
SR26-00476566,Vicious Animal Complaint,EAF,311 City Services,Animal Care and Control,Open,Phone Call,2026-03-17T09:59:55.000,2026-03-17T09:59:58.000,3000 S DR MARTIN LUTHER KING JR DR,Demo City,Illinois,60616,3000,S,DR MARTIN LUTHER KING JR,DR,,,35,4,9,Q028,3,01,0133,14,9,3,3,1179208.0500389575,1885075.9877358011,41.83994700094,-87.617880000002,"{""latitude"":""41.83994700094"",""longitude"":""-87.617880000002"",""human_address"":""{\""address\"": \""\"", \""city\"": \""\"", \""state\"": \""\"", \""zip\"": \""\""}""}"
SR26-00476564,311 INFORMATION ONLY CALL,311IOC,311 City Services,311 City Services,Completed,Phone Call,2026-03-17T09:59:51.000,2026-03-17T10:32:55.000,2111 W Lexington ST,Demo City,Illinois,60612,2111,W,Lexington,ST,,,28,28,7,K024,2,12,1225,46,9,3,3,1162234.4668753312,1896560.9616219066,41.87183400094,-87.679845000002,"{""latitude"":""41.87183400094"",""longitude"":""-87.679845000002"",""human_address"":""{\""address\"": \""\"", \""city\"": \""\"", \""state\"": \""\"", \""zip\"": \""\""}""}"
SR26-00476565,311 INFORMATION ONLY CALL,311IOC,311 City Services,311 City Services,Completed,Phone Call,2026-03-17T09:59:51.000,2026-03-17T10:32:11.000,2111 W Lexington ST,Demo City,Illinois,60612,2111,W,Lexington,ST,,,28,28,7,K024,2,12,1225,46,9,3,3,1162234.4668753312,1896560.9616219066,41.87183400094,-87.679845000002,"{""latitude"":""41.87183400094"",""longitude"":""-87.679845000002"",""human_address"":""{\""address\"": \""\"", \""city\"": \""\"", \""state\"": \""\"", \""zip\"": \""\""}""}"
SR26-00476562,Water in Basement Complaint,AAF,311 City Services,DWM - Department of Water Management,Open,Phone Call,2026-03-17T09:59:39.000,2026-03-17T10:21:54.000,9047 S CORNELL AVE,Demo City,Illinois,60617,9047,S,CORNELL,AVE,,,48,8,15,U043,1,04,0413,3,9,3,3,1188909.7100469503,1845109.2666629865,41.73004800094,-87.583558500002,"{""latitude"":""41.73004800094"",""longitude"":""-87.583558500002"",""human_address"":""{\""address\"": \""\"", \""city\"": \""\"", \""state\"": \""\"", \""zip\"": \""\""}""}"
SR26-00476561,311 INFORMATION ONLY CALL,311IOC,311 City Services,311 City Services,Completed,Phone Call,2026-03-17T09:59:33.000,2026-03-17T10:32:11.000,2111 W Lexington ST,Demo City,Illinois,60612,2111,W,Lexington,ST,,,28,28,7,K024,2,12,1225,46,9,3,3,1162234.4668753312,1896560.9616219066,41.87183400094,-87.679845000002,"{""latitude"":""41.87183400094"",""longitude"":""-87.679845000002"",""human_address"":""{\""address\"": \""\"", \""city\"": \""\"", \""state\"": \""\"", \""zip\"": \""\""}""}"
SR26-00476559,Tree Debris Clean-Up Request,SEL,,Streets and Sanitation,Open,Internet,2026-03-17T09:59:27.000,2026-03-17T10:00:09.000,3500 N RUTHERFORD AVE,Demo City,Illinois,60634,3500,N,RUTHERFORD,AVE,,,17,38,3,Z114,3,16,1632,8,9,3,3,1130708.8277629043,1922566.8985858154,41.943798000941,-87.794991000002,"{""latitude"":""41.943798000941"",""longitude"":""-87.794991000002"",""human_address"":""{\""address\"": \""\"", \""city\"": \""\"", \""state\"": \""\"", \""zip\"": \""\""}""}"
SR26-00476560,Snow – Uncleared Sidewalk Complaint,SWSNOREM,,CDOT - Department of Transportation,Open,Internet,2026-03-17T09:59:27.000,2026-03-17T09:59:29.000,856 W WELLINGTON AVE,Demo City,Illinois,60657,856,W,WELLINGTON,AVE,,,6,44,4,N015,3,19,1933,14,9,3,3,1169840.5362636757,1920147.005122753,41.936393229296,-87.651231599066,"{""latitude"":""41.936393229296"",""longitude"":""-87.651231599066"",""human_address"":""{\""address\"": \""\"", \""city\"": \""\"", \""state\"": \""\"", \""zip\"": \""\""}""}"
SR26-00476558,Water Lead Test Kit Request,WCA2,,DWM - Department of Water Management,Open,Internet,2026-03-17T09:59:16.000,2026-03-17T09:59:22.000,5901 N SHERIDAN RD,Demo City,Illinois,60660,5901,N,SHERIDAN,RD,,,77,48,2,N008,2,20,2022,8,9,3,3,1168723.0353023775,1939337.527904676,41.989077000941,-87.654780000002,"{""latitude"":""41.989077000941"",""longitude"":""-87.654780000002"",""human_address"":""{\""address\"": \""\"", \""city\"": \""\"", \""state\"": \""\"", \""zip\"": \""\""}""}"
SR26-00476555,311 INFORMATION ONLY CALL,311IOC,311 City Services,311 City Services,Completed,Phone Call,2026-03-17T09:58:59.000,2026-03-17T10:33:19.000,2111 W Lexington ST,Demo City,Illinois,60612,2111,W,Lexington,ST,,,28,28,7,K024,2,12,1225,46,9,3,3,1162234.4668753312,1896560.9616219066,41.87183400094,-87.679845000002,"{""latitude"":""41.87183400094"",""longitude"":""-87.679845000002"",""human_address"":""{\""address\"": \""\"", \""city\"": \""\"", \""state\"": \""\"", \""zip\"": \""\""}""}"
SR26-00476554,Snow – Uncleared Sidewalk Complaint,SWSNOREM,,CDOT - Department of Transportation,Open,Internet,2026-03-17T09:58:58.000,2026-03-17T09:58:59.000,338 W OAKDALE AVE,Demo City,Illinois,60657,338,W,OAKDALE,AVE,1,,6,44,4,P015,3,19,1934,4,9,3,3,1173296.6963371232,1919977.1576982806,41.935851000941,-87.638535000002,"{""latitude"":""41.935851000941"",""longitude"":""-87.638535000002"",""human_address"":""{\""address\"": \""\"", \""city\"": \""\"", \""state\"": \""\"", \""zip\"": \""\""}""}"
SR26-00476551,Recycling Pick Up,SRRP,311 City Services,Streets and Sanitation,Open,Phone Call,2026-03-17T09:58:26.000,2026-03-17T09:58:29.000,10822 S TROY ST,Demo City,Illinois,60655,10822,S,TROY,ST,,,74,19,13,I048,1,22,2211,29,9,3,3,1157194.9567306237,1832585.1650927155,41.69637900094,-87.700077000002,"{""latitude"":""41.69637900094"",""longitude"":""-87.700077000002"",""human_address"":""{\""address\"": \""\"", \""city\"": \""\"", \""state\"": \""\"", \""zip\"": \""\""}""}"
SR26-00476550,311 INFORMATION ONLY CALL,311IOC,311 City Services,311 City Services,Completed,Phone Call,2026-03-17T09:58:24.000,2026-03-17T10:33:43.000,2111 W Lexington ST,Demo City,Illinois,60612,2111,W,Lexington,ST,,,28,28,7,K024,2,12,1225,46,9,3,3,1162234.4668753312,1896560.9616219066,41.87183400094,-87.679845000002,"{""latitude"":""41.87183400094"",""longitude"":""-87.679845000002"",""human_address"":""{\""address\"": \""\"", \""city\"": \""\"", \""state\"": \""\"", \""zip\"": \""\""}""}"
SR26-00476549,Snow – Uncleared Sidewalk Complaint,SWSNOREM,,CDOT - Department of Transportation,Open,Internet,2026-03-17T09:58:18.000,2026-03-17T09:58:58.000,338 W OAKDALE AVE,Demo City,Illinois,60657,338,W,OAKDALE,AVE,,,6,44,4,P015,3,19,1934,4,9,3,3,1173296.6963371232,1919977.1576982806,41.935851000941,-87.638535000002,"{""latitude"":""41.935851000941"",""longitude"":""-87.638535000002"",""human_address"":""{\""address\"": \""\"", \""city\"": \""\"", \""state\"": \""\"", \""zip\"": \""\""}""}"
SR26-00476548,Aircraft Noise Complaint,AVN,,Aviation,Completed,Internet,2026-03-17T09:58:15.000,2026-03-17T10:33:43.000,10510 W ZEMKE RD,Demo City,Illinois,60666,10510,W,ZEMKE,RD,,,76,41,,,5,16,1654,27,9,3,3,1105376.7673561182,1941043.7883293368,41.994900000941,-87.887749500002,"{""latitude"":""41.994900000941"",""longitude"":""-87.887749500002"",""human_address"":""{\""address\"": \""\"", \""city\"": \""\"", \""state\"": \""\"", \""zip\"": \""\""}""}"
SR26-00476545,Pothole in Street Complaint,PHF,,CDOT - Department of Transportation,Open,Mobile Device,2026-03-17T09:57:58.000,2026-03-17T09:58:00.000,5314 S MARYLAND AVE,,,,5314,S,MARYLAND,AVE,,,41,20,12,S034,3,02,0233,15,9,3,3,1182745.104056971,1869834.9904637001,41.79804300094,-87.605374500002,"{""latitude"":""41.79804300094"",""longitude"":""-87.605374500002"",""human_address"":""{\""address\"": \""\"", \""city\"": \""\"", \""state\"": \""\"", \""zip\"": \""\""}""}"
SR26-00476544,311 INFORMATION ONLY CALL,311IOC,311 City Services,311 City Services,Completed,Phone Call,2026-03-17T09:57:55.000,2026-03-17T10:33:19.000,2111 W Lexington ST,Demo City,Illinois,60612,2111,W,Lexington,ST,,,28,28,7,K024,2,12,1225,46,9,3,3,1162234.4668753312,1896560.9616219066,41.87183400094,-87.679845000002,"{""latitude"":""41.87183400094"",""longitude"":""-87.679845000002"",""human_address"":""{\""address\"": \""\"", \""city\"": \""\"", \""state\"": \""\"", \""zip\"": \""\""}""}"
SR26-00476543,Snow – Uncleared Sidewalk Complaint,SWSNOREM,,CDOT - Department of Transportation,Open,Internet,2026-03-17T09:57:49.000,2026-03-17T09:57:50.000,424 W OAKDALE AVE,Demo City,Illinois,60657,424,W,OAKDALE,AVE,,,6,44,4,O015,3,19,1934,8,9,3,3,1172791.259931152,1919943.5483183842,41.935770000941,-87.640393500002,"{""latitude"":""41.935770000941"",""longitude"":""-87.640393500002"",""human_address"":""{\""address\"": \""\"", \""city\"": \""\"", \""state\"": \""\"", \""zip\"": \""\""}""}"
SR26-00476542,Dead Animal Pick-Up Request,SGQ,Animal Care and Control,Streets and Sanitation,Open,Phone Call,2026-03-17T09:57:38.000,2026-03-17T09:57:41.000,1213 W 79TH ST,Demo City,Illinois,60620,1213,W,79TH,ST,,,71,17,11,M041,1,06,0612,24,9,3,3,1169479.6816573406,1852317.5705135178,41.75027100094,-87.654528000002,"{""latitude"":""41.75027100094"",""longitude"":""-87.654528000002"",""human_address"":""{\""address\"": \""\"", \""city\"": \""\"", \""state\"": \""\"", \""zip\"": \""\""}""}"
SR26-00476540,Garbage Cart Maintenance,SIE,,Streets and Sanitation,Open,Mobile Device,2026-03-17T09:57:36.000,2026-03-17T09:57:41.000,10510 S ALBANY AVE,,,,10510,S,ALBANY,AVE,,,74,19,13,I047,1,22,2211,29,9,3,3,1157436.2825472932,1834695.7637887609,41.70216600094,-87.699136500002,"{""latitude"":""41.70216600094"",""longitude"":""-87.699136500002"",""human_address"":""{\""address\"": \""\"", \""city\"": \""\"", \""state\"": \""\"", \""zip\"": \""\""}""}"
SR26-00476539,311 INFORMATION ONLY CALL,311IOC,311 City Services,311 City Services,Completed,Phone Call,2026-03-17T09:57:24.000,2026-03-17T10:32:11.000,2111 W Lexington ST,Demo City,Illinois,60612,2111,W,Lexington,ST,,,28,28,7,K024,2,12,1225,46,9,3,3,1162234.4668753312,1896560.9616219066,41.87183400094,-87.679845000002,"{""latitude"":""41.87183400094"",""longitude"":""-87.679845000002"",""human_address"":""{\""address\"": \""\"", \""city\"": \""\"", \""state\"": \""\"", \""zip\"": \""\""}""}"
SR26-00476538,Finance Parking Code Enforcement Review,FPCE,,Finance,Completed,Mobile Device,2026-03-17T09:57:21.000,2026-03-17T09:57:24.000,2506 W ARGYLE ST,,,,2506,W,ARGYLE,ST,,,4,40,2,J010,3,20,2031,3,9,3,3,1158939.802815428,1933050.0723869686,41.972031000941,-87.690937500002,"{""latitude"":""41.972031000941"",""longitude"":""-87.690937500002"",""human_address"":""{\""address\"": \""\"", \""city\"": \""\"", \""state\"": \""\"", \""zip\"": \""\""}""}"
SR26-00476537,Water Lead Test Kit Request,WCA2,,DWM - Department of Water Management,Open,Mobile Device,2026-03-17T09:57:15.000,2026-03-17T09:57:19.000,4704 W BERENICE AVE,,,,4704,W,BERENICE,AVE,,,15,45,3,E013,3,17,1731,8,9,3,3,1144295.9916774037,1925250.493072028,41.950917000941,-87.744982500002,"{""latitude"":""41.950917000941"",""longitude"":""-87.744982500002"",""human_address"":""{\""address\"": \""\"", \""city\"": \""\"", \""state\"": \""\"", \""zip\"": \""\""}""}"
SR26-00476535,Snow – Uncleared Sidewalk Complaint,SWSNOREM,,CDOT - Department of Transportation,Open,Internet,2026-03-17T09:57:04.000,2026-03-17T09:57:05.000,719 W OAKDALE AVE,Demo City,Illinois,60657,719,W,OAKDALE,AVE,,,6,44,4,O015,3,19,1934,18,9,3,3,1170727.3252336907,1919845.2919006757,41.935545907827,-87.647981440028,"{""latitude"":""41.935545907827"",""longitude"":""-87.647981440028"",""human_address"":""{\""address\"": \""\"", \""city\"": \""\"", \""state\"": \""\"", \""zip\"": \""\""}""}"
SR26-00476533,Pothole in Street Complaint,PHF,,CDOT - Department of Transportation,Open,Mobile Device,2026-03-17T09:56:56.000,2026-03-17T09:57:00.000,1215 W CORNELIA AVE,,,,1215,W,CORNELIA,AVE,,,6,44,4,M014,2,19,1924,13,9,3,3,1167499.6334357702,1923302.5576423933,41.945103000941,-87.659743500002,"{""latitude"":""41.945103000941"",""longitude"":""-87.659743500002"",""human_address"":""{\""address\"": \""\"", \""city\"": \""\"", \""state\"": \""\"", \""zip\"": \""\""}""}"
SR26-00476531,311 INFORMATION ONLY CALL,311IOC,311 City Services,311 City Services,Completed,Phone Call,2026-03-17T09:56:37.000,2026-03-17T10:32:34.000,2111 W Lexington ST,Demo City,Illinois,60612,2111,W,Lexington,ST,,,28,28,7,K024,2,12,1225,46,9,3,3,1162234.4668753312,1896560.9616219066,41.87183400094,-87.679845000002,"{""latitude"":""41.87183400094"",""longitude"":""-87.679845000002"",""human_address"":""{\""address\"": \""\"", \""city\"": \""\"", \""state\"": \""\"", \""zip\"": \""\""}""}"
SR26-00476530,Tree Emergency,SEC,Alderman,Streets and Sanitation,Open,Phone Call,2026-03-17T09:56:23.000,2026-03-17T09:56:26.000,5699 W GOODMAN ST,Demo City,Illinois,60630,5699,W,GOODMAN,ST,,,11,45,1,B010,2,16,1622,20,9,3,3,1137450.8183633366,1932836.533483885,41.971860000941,-87.769962000002,"{""latitude"":""41.971860000941"",""longitude"":""-87.769962000002"",""human_address"":""{\""address\"": \""\"", \""city\"": \""\"", \""state\"": \""\"", \""zip\"": \""\""}""}"
SR26-00476529,Tree Removal Inspection,SEE,Streets and Sanitation,Streets and Sanitation,Open,Phone Call,2026-03-17T09:56:01.000,2026-03-17T09:56:03.000,4310 N MELVINA AVE,Demo City,Illinois,60634,4310,N,MELVINA,AVE,,,15,38,3,A012,2,16,1624,15,9,3,3,1134038.076753093,1928219.3893381294,41.959251000941,-87.782620500002,"{""latitude"":""41.959251000941"",""longitude"":""-87.782620500002"",""human_address"":""{\""address\"": \""\"", \""city\"": \""\"", \""state\"": \""\"", \""zip\"": \""\""}""}"
SR26-00476528,311 INFORMATION ONLY CALL,311IOC,311 City Services,311 City Services,Completed,Phone Call,2026-03-17T09:55:48.000,2026-03-17T10:33:19.000,2111 W Lexington ST,Demo City,Illinois,60612,2111,W,Lexington,ST,,,28,28,7,K024,2,12,1225,46,9,3,3,1162234.4668753312,1896560.9616219066,41.87183400094,-87.679845000002,"{""latitude"":""41.87183400094"",""longitude"":""-87.679845000002"",""human_address"":""{\""address\"": \""\"", \""city\"": \""\"", \""state\"": \""\"", \""zip\"": \""\""}""}"
SR26-00476527,Tree Emergency,SEC,311 City Services,Streets and Sanitation,Open,Phone Call,2026-03-17T09:55:45.000,2026-03-17T09:55:47.000,8506 S CARPENTER ST,Demo City,Illinois,60620,8506,S,CARPENTER,ST,,,71,17,13,N042,1,06,0613,17,9,3,3,1170780.7641646054,1848365.5490486666,41.739397851947,-87.649875272865,"{""latitude"":""41.739397851947"",""longitude"":""-87.649875272865"",""human_address"":""{\""address\"": \""\"", \""city\"": \""\"", \""state\"": \""\"", \""zip\"": \""\""}""}"
SR26-00476526,311 INFORMATION ONLY CALL,311IOC,311 City Services,311 City Services,Completed,Phone Call,2026-03-17T09:55:27.000,2026-03-17T10:33:19.000,2111 W Lexington ST,Demo City,Illinois,60612,2111,W,Lexington,ST,,,28,28,7,K024,2,12,1225,46,9,3,3,1162234.4668753312,1896560.9616219066,41.87183400094,-87.679845000002,"{""latitude"":""41.87183400094"",""longitude"":""-87.679845000002"",""human_address"":""{\""address\"": \""\"", \""city\"": \""\"", \""state\"": \""\"", \""zip\"": \""\""}""}"
SR26-00476525,311 INFORMATION ONLY CALL,311IOC,311 City Services,311 City Services,Completed,Phone Call,2026-03-17T09:55:18.000,2026-03-17T10:33:19.000,2111 W Lexington ST,Demo City,Illinois,60612,2111,W,Lexington,ST,,,28,28,7,K024,2,12,1225,46,9,3,3,1162234.4668753312,1896560.9616219066,41.87183400094,-87.679845000002,"{""latitude"":""41.87183400094"",""longitude"":""-87.679845000002"",""human_address"":""{\""address\"": \""\"", \""city\"": \""\"", \""state\"": \""\"", \""zip\"": \""\""}""}"
SR26-00476524,Finance Parking Code Enforcement Review,FPCE,,Finance,Completed,Mobile Device,2026-03-17T09:55:01.000,2026-03-17T09:55:04.000,2506 W ARGYLE ST,,,,2506,W,ARGYLE,ST,,,4,40,2,J010,3,20,2031,3,9,3,3,1158939.802815428,1933050.0723869686,41.972031000941,-87.690937500002,"{""latitude"":""41.972031000941"",""longitude"":""-87.690937500002"",""human_address"":""{\""address\"": \""\"", \""city\"": \""\"", \""state\"": \""\"", \""zip\"": \""\""}""}"
SR26-00476523,311 INFORMATION ONLY CALL,311IOC,311 City Services,311 City Services,Completed,Phone Call,2026-03-17T09:54:58.000,2026-03-17T10:33:43.000,2111 W Lexington ST,Demo City,Illinois,60612,2111,W,Lexington,ST,,,28,28,7,K024,2,12,1225,46,9,3,3,1162234.4668753312,1896560.9616219066,41.87183400094,-87.679845000002,"{""latitude"":""41.87183400094"",""longitude"":""-87.679845000002"",""human_address"":""{\""address\"": \""\"", \""city\"": \""\"", \""state\"": \""\"", \""zip\"": \""\""}""}"
SR26-00476521,311 INFORMATION ONLY CALL,311IOC,311 City Services,311 City Services,Completed,Phone Call,2026-03-17T09:54:50.000,2026-03-17T10:33:43.000,2111 W Lexington ST,Demo City,Illinois,60612,2111,W,Lexington,ST,,,28,28,7,K024,2,12,1225,46,9,3,3,1162234.4668753312,1896560.9616219066,41.87183400094,-87.679845000002,"{""latitude"":""41.87183400094"",""longitude"":""-87.679845000002"",""human_address"":""{\""address\"": \""\"", \""city\"": \""\"", \""state\"": \""\"", \""zip\"": \""\""}""}"
SR26-00476522,Building Violation,BBA,311 City Services,DOB - Buildings,Open,Phone Call,2026-03-17T09:54:50.000,2026-03-17T09:54:57.000,2951 W 25TH ST,Demo City,Illinois,60623,2951,W,25TH,ST,,,30,24,8,I027,3,10,1033,18,9,3,3,1156880.0112139434,1887183.350953459,41.84621100094,-87.699757500002,"{""latitude"":""41.84621100094"",""longitude"":""-87.699757500002"",""human_address"":""{\""address\"": \""\"", \""city\"": \""\"", \""state\"": \""\"", \""zip\"": \""\""}""}"
SR26-00476520,Aircraft Noise Complaint,AVN,,Aviation,Completed,Internet,2026-03-17T09:54:49.000,2026-03-17T10:32:55.000,10510 W ZEMKE RD,Demo City,Illinois,60666,10510,W,ZEMKE,RD,,,76,41,,,5,16,1654,27,9,3,3,1105376.7673561182,1941043.7883293368,41.994900000941,-87.887749500002,"{""latitude"":""41.994900000941"",""longitude"":""-87.887749500002"",""human_address"":""{\""address\"": \""\"", \""city\"": \""\"", \""state\"": \""\"", \""zip\"": \""\""}""}"
SR26-00476519,Pothole in Street Complaint,PHF,,CDOT - Department of Transportation,Open,Internet,2026-03-17T09:54:48.000,2026-03-17T09:54:51.000,4334 N BELL AVE,Demo City,Illinois,60618,4334,N,BELL,AVE,,,5,47,4,K012,1,19,1911,14,9,3,3,1160498.483400186,1928896.4348363706,41.960601000941,-87.685321500002,"{""latitude"":""41.960601000941"",""longitude"":""-87.685321500002"",""human_address"":""{\""address\"": \""\"", \""city\"": \""\"", \""state\"": \""\"", \""zip\"": \""\""}""}"
SR26-00476518,Recycling Pick Up,SRRP,311 City Services,Streets and Sanitation,Open,Phone Call,2026-03-17T09:54:28.000,2026-03-17T09:54:30.000,12225 S CARPENTER ST,Demo City,Illinois,60643,12225,S,CARPENTER,ST,,,53,21,13,N051,2,05,0524,40,9,3,3,1171615.3184010612,1823623.988866848,41.67148500094,-87.647539500002,"{""latitude"":""41.67148500094"",""longitude"":""-87.647539500002"",""human_address"":""{\""address\"": \""\"", \""city\"": \""\"", \""state\"": \""\"", \""zip\"": \""\""}""}"
SR26-00476517,311 INFORMATION ONLY CALL,311IOC,311 City Services,311 City Services,Completed,Phone Call,2026-03-17T09:54:24.000,2026-03-17T10:33:19.000,2111 W Lexington ST,Demo City,Illinois,60612,2111,W,Lexington,ST,,,28,28,7,K024,2,12,1225,46,9,3,3,1162234.4668753312,1896560.9616219066,41.87183400094,-87.679845000002,"{""latitude"":""41.87183400094"",""longitude"":""-87.679845000002"",""human_address"":""{\""address\"": \""\"", \""city\"": \""\"", \""state\"": \""\"", \""zip\"": \""\""}""}"
SR26-00476516,Graffiti Removal Request,GRAF,,Streets and Sanitation,Completed,Internet,2026-03-17T09:54:12.000,2026-03-17T10:36:49.000,2400 N BERNARD ST,Demo City,Illinois,60647,2400,N,BERNARD,ST,,,22,35,4,H016,1,14,1413,7,9,3,3,1152866.0878288322,1915806.0673277243,41.924835000941,-87.713730000002,"{""latitude"":""41.924835000941"",""longitude"":""-87.713730000002"",""human_address"":""{\""address\"": \""\"", \""city\"": \""\"", \""state\"": \""\"", \""zip\"": \""\""}""}"
SR26-00476514,Pothole in Street Complaint,PHF,,CDOT - Department of Transportation,Open,Mobile Device,2026-03-17T09:53:52.000,2026-03-17T09:53:54.000,839 E 53RD ST,,,60615,839,E,53RD,ST,,,41,20,12,S034,3,02,0233,15,9,3,3,1182807.9701603837,1870053.3649090242,41.798640777484,-87.605137177609,"{""latitude"":""41.798640777484"",""longitude"":""-87.605137177609"",""human_address"":""{\""address\"": \""\"", \""city\"": \""\"", \""state\"": \""\"", \""zip\"": \""\""}""}"
SR26-00476511,311 INFORMATION ONLY CALL,311IOC,311 City Services,311 City Services,Completed,Phone Call,2026-03-17T09:53:29.000,2026-03-17T10:33:19.000,2111 W Lexington ST,Demo City,Illinois,60612,2111,W,Lexington,ST,,,28,28,7,K024,2,12,1225,46,9,3,3,1162234.4668753312,1896560.9616219066,41.87183400094,-87.679845000002,"{""latitude"":""41.87183400094"",""longitude"":""-87.679845000002"",""human_address"":""{\""address\"": \""\"", \""city\"": \""\"", \""state\"": \""\"", \""zip\"": \""\""}""}"
SR26-00476510,Graffiti Removal Request,GRAF,,Streets and Sanitation,Completed,Internet,2026-03-17T09:53:13.000,2026-03-17T10:35:41.000,3434 W FULLERTON AVE,Demo City,Illinois,60647,3434,W,FULLERTON,AVE,,,22,35,4,H016,1,14,1413,7,9,3,3,1152925.4092736286,1915761.7801045266,41.924712296639,-87.713513201572,"{""latitude"":""41.924712296639"",""longitude"":""-87.713513201572"",""human_address"":""{\""address\"": \""\"", \""city\"": \""\"", \""state\"": \""\"", \""zip\"": \""\""}""}"
SR26-00476509,311 INFORMATION ONLY CALL,311IOC,311 City Services,311 City Services,Completed,Phone Call,2026-03-17T09:53:07.000,2026-03-17T10:32:55.000,2111 W Lexington ST,Demo City,Illinois,60612,2111,W,Lexington,ST,,,28,28,7,K024,2,12,1225,46,9,3,3,1162234.4668753312,1896560.9616219066,41.87183400094,-87.679845000002,"{""latitude"":""41.87183400094"",""longitude"":""-87.679845000002"",""human_address"":""{\""address\"": \""\"", \""city\"": \""\"", \""state\"": \""\"", \""zip\"": \""\""}""}"
SR26-00476508,311 INFORMATION ONLY CALL,311IOC,311 City Services,311 City Services,Completed,Phone Call,2026-03-17T09:53:05.000,2026-03-17T10:33:19.000,2111 W Lexington ST,Demo City,Illinois,60612,2111,W,Lexington,ST,,,28,28,7,K024,2,12,1225,46,9,3,3,1162234.4668753312,1896560.9616219066,41.87183400094,-87.679845000002,"{""latitude"":""41.87183400094"",""longitude"":""-87.679845000002"",""human_address"":""{\""address\"": \""\"", \""city\"": \""\"", \""state\"": \""\"", \""zip\"": \""\""}""}"
SR26-00476507,311 INFORMATION ONLY CALL,311IOC,311 City Services,311 City Services,Completed,Phone Call,2026-03-17T09:52:52.000,2026-03-17T10:33:19.000,2111 W Lexington ST,Demo City,Illinois,60612,2111,W,Lexington,ST,,,8,2,5,P019,2,18,1821,28,9,3,3,1174590.0681794141,1909124.8676335015,41.906043000941,-87.634107000002,"{""latitude"":""41.906043000941"",""longitude"":""-87.634107000002"",""human_address"":""{\""address\"": \""\"", \""city\"": \""\"", \""state\"": \""\"", \""zip\"": \""\""}""}"
SR26-00476506,Tree Removal Inspection,SEE,,Streets and Sanitation,Open,Mobile Device,2026-03-17T09:52:35.000,2026-03-17T09:52:38.000,3004 N KENMORE AVE,,,,3004,N,KENMORE,AVE,,,6,44,4,N015,3,19,1933,27,9,3,3,1168711.8169057947,1920189.7169606292,41.936535000941,-87.655378500002,"{""latitude"":""41.936535000941"",""longitude"":""-87.655378500002"",""human_address"":""{\""address\"": \""\"", \""city\"": \""\"", \""state\"": \""\"", \""zip\"": \""\""}""}"
SR26-00476505,Finance Parking Code Enforcement Review,FPCE,,Finance,Completed,Mobile Device,2026-03-17T09:52:31.000,2026-03-17T09:52:33.000,4919 N LINCOLN AVE,,,,4919,N,LINCOLN,AVE,,,4,40,2,J010,3,20,2031,12,9,3,3,1159186.242232888,1932825.6137027887,41.971410000941,-87.690037500002,"{""latitude"":""41.971410000941"",""longitude"":""-87.690037500002"",""human_address"":""{\""address\"": \""\"", \""city\"": \""\"", \""state\"": \""\"", \""zip\"": \""\""}""}"
SR26-00476503,Sidewalk Inspection Request,PBS,,CDOT - Department of Transportation,Open,Mobile Device,2026-03-17T09:52:18.000,2026-03-17T09:52:23.000,8047 S HERMITAGE AVE,,,,8047,S,HERMITAGE,AVE,,,71,17,11,L041,1,06,0611,15,9,3,3,1166168.1804007508,1851150.3385608848,41.74713900094,-87.666696000002,"{""latitude"":""41.74713900094"",""longitude"":""-87.666696000002"",""human_address"":""{\""address\"": \""\"", \""city\"": \""\"", \""state\"": \""\"", \""zip\"": \""\""}""}"
SR26-00476501,311 INFORMATION ONLY CALL,311IOC,311 City Services,311 City Services,Completed,Phone Call,2026-03-17T09:52:11.000,2026-03-17T10:32:11.000,2111 W Lexington ST,Demo City,Illinois,60612,2111,W,Lexington,ST,,,28,28,7,K024,2,12,1225,46,9,3,3,1162234.4668753312,1896560.9616219066,41.87183400094,-87.679845000002,"{""latitude"":""41.87183400094"",""longitude"":""-87.679845000002"",""human_address"":""{\""address\"": \""\"", \""city\"": \""\"", \""state\"": \""\"", \""zip\"": \""\""}""}"
SR26-00476500,311 INFORMATION ONLY CALL,311IOC,311 City Services,311 City Services,Completed,Phone Call,2026-03-17T09:51:59.000,2026-03-17T10:33:19.000,2111 W Lexington ST,Demo City,Illinois,60612,2111,W,Lexington,ST,,,28,28,7,K024,2,12,1225,46,9,3,3,1162234.4668753312,1896560.9616219066,41.87183400094,-87.679845000002,"{""latitude"":""41.87183400094"",""longitude"":""-87.679845000002"",""human_address"":""{\""address\"": \""\"", \""city\"": \""\"", \""state\"": \""\"", \""zip\"": \""\""}""}"
SR26-00476498,311 INFORMATION ONLY CALL,311IOC,311 City Services,311 City Services,Completed,Phone Call,2026-03-17T09:51:47.000,2026-03-17T10:33:19.000,2111 W Lexington ST,Demo City,Illinois,60612,2111,W,Lexington,ST,,,28,28,7,K024,2,12,1225,46,9,3,3,1162234.4668753312,1896560.9616219066,41.87183400094,-87.679845000002,"{""latitude"":""41.87183400094"",""longitude"":""-87.679845000002"",""human_address"":""{\""address\"": \""\"", \""city\"": \""\"", \""state\"": \""\"", \""zip\"": \""\""}""}"
SR26-00476496,311 INFORMATION ONLY CALL,311IOC,311 City Services,311 City Services,Completed,Phone Call,2026-03-17T09:51:35.000,2026-03-17T10:32:34.000,2111 W Lexington ST,Demo City,Illinois,60612,2111,W,Lexington,ST,,,28,28,7,K024,2,12,1225,46,9,3,3,1162234.4668753312,1896560.9616219066,41.87183400094,-87.679845000002,"{""latitude"":""41.87183400094"",""longitude"":""-87.679845000002"",""human_address"":""{\""address\"": \""\"", \""city\"": \""\"", \""state\"": \""\"", \""zip\"": \""\""}""}"
SR26-00476495,311 INFORMATION ONLY CALL,311IOC,311 City Services,311 City Services,Completed,Phone Call,2026-03-17T09:51:25.000,2026-03-17T10:32:34.000,2111 W Lexington ST,Demo City,Illinois,60612,2111,W,Lexington,ST,,,28,28,7,K024,2,12,1225,46,9,3,3,1162234.4668753312,1896560.9616219066,41.87183400094,-87.679845000002,"{""latitude"":""41.87183400094"",""longitude"":""-87.679845000002"",""human_address"":""{\""address\"": \""\"", \""city\"": \""\"", \""state\"": \""\"", \""zip\"": \""\""}""}"
SR26-00476493,311 INFORMATION ONLY CALL,311IOC,311 City Services,311 City Services,Completed,Phone Call,2026-03-17T09:51:19.000,2026-03-17T10:33:19.000,2111 W Lexington ST,Demo City,Illinois,60612,2111,W,Lexington,ST,,,28,28,7,K024,2,12,1225,46,9,3,3,1162234.4668753312,1896560.9616219066,41.87183400094,-87.679845000002,"{""latitude"":""41.87183400094"",""longitude"":""-87.679845000002"",""human_address"":""{\""address\"": \""\"", \""city\"": \""\"", \""state\"": \""\"", \""zip\"": \""\""}""}"
SR26-00476492,Abandoned Vehicle Complaint,SKA,311 City Services,Streets and Sanitation,Open,Phone Call,2026-03-17T09:51:19.000,2026-03-17T09:51:23.000,10208 S PEORIA ST,Demo City,Illinois,60643,10208,S,PEORIA,ST,,,73,21,13,N046,3,22,2232,45,9,3,3,1172036.7083276135,1837064.2474565136,41.70835800094,-87.645604500002,"{""latitude"":""41.70835800094"",""longitude"":""-87.645604500002"",""human_address"":""{\""address\"": \""\"", \""city\"": \""\"", \""state\"": \""\"", \""zip\"": \""\""}""}"
SR26-00476494,Abandoned Vehicle Complaint,SKA,,Streets and Sanitation,Open,Internet,2026-03-17T09:51:19.000,2026-03-17T10:00:08.000,2724 W ARMITAGE AVE,Demo City,Illinois,60647,2724,W,ARMITAGE,AVE,,,22,1,5,J017,3,14,1431,34,9,3,3,1157759.3199606142,1913244.342455227,41.917707000941,-87.695820000002,"{""latitude"":""41.917707000941"",""longitude"":""-87.695820000002"",""human_address"":""{\""address\"": \""\"", \""city\"": \""\"", \""state\"": \""\"", \""zip\"": \""\""}""}"
SR26-00476491,Aircraft Noise Complaint,AVN,,Aviation,Completed,Internet,2026-03-17T09:51:13.000,2026-03-17T10:32:55.000,10510 W ZEMKE RD,Demo City,Illinois,60666,10510,W,ZEMKE,RD,,,76,41,,,5,16,1654,27,9,3,3,1105376.7673561182,1941043.7883293368,41.994900000941,-87.887749500002,"{""latitude"":""41.994900000941"",""longitude"":""-87.887749500002"",""human_address"":""{\""address\"": \""\"", \""city\"": \""\"", \""state\"": \""\"", \""zip\"": \""\""}""}"
SR26-00476489,Pothole in Street Complaint,PHF,Alderman,CDOT - Department of Transportation,Open,Phone Call,2026-03-17T09:51:01.000,2026-03-17T09:52:28.000,4711 N KENTON AVE,Demo City,Illinois,60630,4711,N,KENTON,AVE,1,,16,39,1,E011,2,17,1722,14,9,3,3,1144923.5359572966,1930997.7127921914,41.966676000941,-87.742530000002,"{""latitude"":""41.966676000941"",""longitude"":""-87.742530000002"",""human_address"":""{\""address\"": \""\"", \""city\"": \""\"", \""state\"": \""\"", \""zip\"": \""\""}""}"
SR26-00476488,Pothole in Street Complaint,PHF,CDOT - Department of Transportation,CDOT - Department of Transportation,Open,Phone Call,2026-03-17T09:51:00.000,2026-03-17T09:51:02.000,1917 W 23RD ST,Demo City,Illinois,60608,1917,W,23RD,ST,,,31,25,8,L027,3,10,1034,15,9,3,3,1163847.8327072274,1888692.0085505194,41.85020700094,-87.674143500002,"{""latitude"":""41.85020700094"",""longitude"":""-87.674143500002"",""human_address"":""{\""address\"": \""\"", \""city\"": \""\"", \""state\"": \""\"", \""zip\"": \""\""}""}"
SR26-00476487,311 INFORMATION ONLY CALL,311IOC,311 City Services,311 City Services,Completed,Phone Call,2026-03-17T09:50:43.000,2026-03-17T10:32:11.000,2111 W Lexington ST,Demo City,Illinois,60612,2111,W,Lexington,ST,,,28,28,7,K024,2,12,1225,46,9,3,3,1162234.4668753312,1896560.9616219066,41.87183400094,-87.679845000002,"{""latitude"":""41.87183400094"",""longitude"":""-87.679845000002"",""human_address"":""{\""address\"": \""\"", \""city\"": \""\"", \""state\"": \""\"", \""zip\"": \""\""}""}"
SR26-00476483,311 INFORMATION ONLY CALL,311IOC,311 City Services,311 City Services,Completed,Phone Call,2026-03-17T09:50:27.000,2026-03-17T10:32:34.000,2111 W Lexington ST,Demo City,Illinois,60612,2111,W,Lexington,ST,,,28,28,7,K024,2,12,1225,46,9,3,3,1162234.4668753312,1896560.9616219066,41.87183400094,-87.679845000002,"{""latitude"":""41.87183400094"",""longitude"":""-87.679845000002"",""human_address"":""{\""address\"": \""\"", \""city\"": \""\"", \""state\"": \""\"", \""zip\"": \""\""}""}"
SR26-00476482,311 INFORMATION ONLY CALL,311IOC,311 City Services,311 City Services,Completed,Phone Call,2026-03-17T09:50:26.000,2026-03-17T10:32:55.000,2111 W Lexington ST,Demo City,Illinois,60612,2111,W,Lexington,ST,,,28,28,7,K024,2,12,1225,46,9,3,3,1162234.4668753312,1896560.9616219066,41.87183400094,-87.679845000002,"{""latitude"":""41.87183400094"",""longitude"":""-87.679845000002"",""human_address"":""{\""address\"": \""\"", \""city\"": \""\"", \""state\"": \""\"", \""zip\"": \""\""}""}"
SR26-00476481,Garbage Cart Maintenance,SIE,,Streets and Sanitation,Open,Mobile Device,2026-03-17T09:50:23.000,2026-03-17T09:50:28.000,10526 S ALBANY AVE,,,,10526,S,ALBANY,AVE,,,74,19,13,I047,1,22,2211,29,9,3,3,1157442.405482775,1834531.8256597044,41.70171600094,-87.699118500002,"{""latitude"":""41.70171600094"",""longitude"":""-87.699118500002"",""human_address"":""{\""address\"": \""\"", \""city\"": \""\"", \""state\"": \""\"", \""zip\"": \""\""}""}"
SR26-00476480,Garbage Cart Maintenance,SIE,Streets and Sanitation,Streets and Sanitation,Open,Phone Call,2026-03-17T09:50:20.000,2026-03-17T09:50:23.000,3331 W VAN BUREN ST,Demo City,Illinois,60624,3331,W,VAN BUREN,ST,,,27,28,7,H023,3,11,1134,36,9,3,3,1154100.701640343,1897759.8795867264,41.87529000094,-87.709675500002,"{""latitude"":""41.87529000094"",""longitude"":""-87.709675500002"",""human_address"":""{\""address\"": \""\"", \""city\"": \""\"", \""state\"": \""\"", \""zip\"": \""\""}""}"
SR26-00476479,Fly Dumping Complaint,SDR,311 City Services,Streets and Sanitation,Open,Phone Call,2026-03-17T09:50:17.000,2026-03-17T09:50:19.000,7914 S FRANCISCO AVE,Demo City,Illinois,60652,7914,S,FRANCISCO,AVE,,,70,18,11,I041,3,08,0835,22,9,3,3,1158347.32417577,1851884.7351823924,41.74931700094,-87.695334000002,"{""latitude"":""41.74931700094"",""longitude"":""-87.695334000002"",""human_address"":""{\""address\"": \""\"", \""city\"": \""\"", \""state\"": \""\"", \""zip\"": \""\""}""}"
SR26-00476478,Buildings - Plumbing Violation,BBC,,DOB - Buildings,Open,Mobile Device,2026-03-17T09:50:16.000,2026-03-17T09:50:20.000,3400 W 83RD ST,,,,3400,W,83RD,ST,,,70,18,10,H041,3,08,0834,21,9,3,3,1155108.4453048608,1849433.9760582375,41.74265700094,-87.707268000002,"{""latitude"":""41.74265700094"",""longitude"":""-87.707268000002"",""human_address"":""{\""address\"": \""\"", \""city\"": \""\"", \""state\"": \""\"", \""zip\"": \""\""}""}"
SR26-00476477,Blue Recycling Cart,SRRC,,Streets and Sanitation,Open,Internet,2026-03-17T09:50:12.000,2026-03-17T09:50:16.000,3331 N OSAGE AVE,Demo City,Illinois,60634,3331,N,OSAGE,AVE,,,17,38,3,W114,3,16,1631,30,9,3,3,1122625.0553127327,1921300.7507794485,41.940459000941,-87.824731500002,"{""latitude"":""41.940459000941"",""longitude"":""-87.824731500002"",""human_address"":""{\""address\"": \""\"", \""city\"": \""\"", \""state\"": \""\"", \""zip\"": \""\""}""}"
SR26-00476476,311 INFORMATION ONLY CALL,311IOC,311 City Services,311 City Services,Completed,Phone Call,2026-03-17T09:50:10.000,2026-03-17T10:33:19.000,2111 W Lexington ST,Demo City,Illinois,60612,2111,W,Lexington,ST,,,28,28,7,K024,2,12,1225,46,9,3,3,1162234.4668753312,1896560.9616219066,41.87183400094,-87.679845000002,"{""latitude"":""41.87183400094"",""longitude"":""-87.679845000002"",""human_address"":""{\""address\"": \""\"", \""city\"": \""\"", \""state\"": \""\"", \""zip\"": \""\""}""}"
SR26-00476475,Graffiti Removal Request,GRAF,,Streets and Sanitation,Open,Internet,2026-03-17T09:50:06.000,2026-03-17T09:50:08.000,2505 N ST LOUIS AVE,Demo City,Illinois,60647,2505,N,ST LOUIS,AVE,,,22,35,4,H016,1,14,1413,2,9,3,3,1152700.8349587703,1916473.9495760396,41.926671000941,-87.714319500002,"{""latitude"":""41.926671000941"",""longitude"":""-87.714319500002"",""human_address"":""{\""address\"": \""\"", \""city\"": \""\"", \""state\"": \""\"", \""zip\"": \""\""}""}"
SR26-00476473,311 INFORMATION ONLY CALL,311IOC,311 City Services,311 City Services,Completed,Phone Call,2026-03-17T09:49:57.000,2026-03-17T10:32:34.000,2111 W Lexington ST,Demo City,Illinois,60612,2111,W,Lexington,ST,,,28,28,7,K024,2,12,1225,46,9,3,3,1162234.4668753312,1896560.9616219066,41.87183400094,-87.679845000002,"{""latitude"":""41.87183400094"",""longitude"":""-87.679845000002"",""human_address"":""{\""address\"": \""\"", \""city\"": \""\"", \""state\"": \""\"", \""zip\"": \""\""}""}"
SR26-00476472,311 INFORMATION ONLY CALL,311IOC,311 City Services,311 City Services,Completed,Phone Call,2026-03-17T09:49:53.000,2026-03-17T10:32:34.000,2111 W Lexington ST,Demo City,Illinois,60612,2111,W,Lexington,ST,,,28,28,7,K024,2,12,1225,46,9,3,3,1162234.4668753312,1896560.9616219066,41.87183400094,-87.679845000002,"{""latitude"":""41.87183400094"",""longitude"":""-87.679845000002"",""human_address"":""{\""address\"": \""\"", \""city\"": \""\"", \""state\"": \""\"", \""zip\"": \""\""}""}"
SR26-00476471,311 INFORMATION ONLY CALL,311IOC,311 City Services,311 City Services,Completed,Phone Call,2026-03-17T09:49:45.000,2026-03-17T10:33:19.000,2111 W Lexington ST,Demo City,Illinois,60612,2111,W,Lexington,ST,,,28,28,7,K024,2,12,1225,46,9,3,3,1162234.4668753312,1896560.9616219066,41.87183400094,-87.679845000002,"{""latitude"":""41.87183400094"",""longitude"":""-87.679845000002"",""human_address"":""{\""address\"": \""\"", \""city\"": \""\"", \""state\"": \""\"", \""zip\"": \""\""}""}"
SR26-00476470,311 INFORMATION ONLY CALL,311IOC,311 City Services,311 City Services,Completed,Phone Call,2026-03-17T09:49:45.000,2026-03-17T10:33:19.000,2111 W Lexington ST,Demo City,Illinois,60612,2111,W,Lexington,ST,,,48,7,15,V044,1,04,0413,36,9,3,3,1192362.3672708152,1844326.2131211811,41.72781600094,-87.570936000002,"{""latitude"":""41.72781600094"",""longitude"":""-87.570936000002"",""human_address"":""{\""address\"": \""\"", \""city\"": \""\"", \""state\"": \""\"", \""zip\"": \""\""}""}"
SR26-00476469,Pothole in Street Complaint,PHF,311 City Services,CDOT - Department of Transportation,Open,Phone Call,2026-03-17T09:49:43.000,2026-03-17T09:49:46.000,7600 S EGGLESTON AVE,Demo City,Illinois,60620,7600,S,EGGLESTON,AVE,,,69,17,11,O040,2,06,0621,15,9,3,3,1174533.813558802,1854486.5369898614,41.75611200094,-87.635943000002,"{""latitude"":""41.75611200094"",""longitude"":""-87.635943000002"",""human_address"":""{\""address\"": \""\"", \""city\"": \""\"", \""state\"": \""\"", \""zip\"": \""\""}""}"
SR26-00476468,Pothole in Street Complaint,PHF,Alderman,CDOT - Department of Transportation,Open,Phone Call,2026-03-17T09:49:38.000,2026-03-17T09:52:14.000,4720 N KENTON AVE,Demo City,Illinois,60630,4720,N,KENTON,AVE,1,,16,39,1,E011,2,17,1722,14,9,3,3,1144767.5030814132,1931085.1916983607,41.966919000941,-87.743101500002,"{""latitude"":""41.966919000941"",""longitude"":""-87.743101500002"",""human_address"":""{\""address\"": \""\"", \""city\"": \""\"", \""state\"": \""\"", \""zip\"": \""\""}""}"
SR26-00476467,311 INFORMATION ONLY CALL,311IOC,311 City Services,311 City Services,Completed,Phone Call,2026-03-17T09:49:32.000,2026-03-17T10:33:19.000,2111 W Lexington ST,Demo City,Illinois,60612,2111,W,Lexington,ST,,,28,28,7,K024,2,12,1225,46,9,3,3,1162234.4668753312,1896560.9616219066,41.87183400094,-87.679845000002,"{""latitude"":""41.87183400094"",""longitude"":""-87.679845000002"",""human_address"":""{\""address\"": \""\"", \""city\"": \""\"", \""state\"": \""\"", \""zip\"": \""\""}""}"
SR26-00476464,Blue Recycling Cart,SRRC,,Streets and Sanitation,Open,Internet,2026-03-17T09:48:49.000,2026-03-17T09:48:52.000,3343 N OSAGE AVE,Demo City,Illinois,60634,3343,N,OSAGE,AVE,,,17,38,3,W114,3,16,1631,30,9,3,3,1122562.09078255,1921388.9299814592,41.940702000941,-87.824961000002,"{""latitude"":""41.940702000941"",""longitude"":""-87.824961000002"",""human_address"":""{\""address\"": \""\"", \""city\"": \""\"", \""state\"": \""\"", \""zip\"": \""\""}""}"
SR26-00476462,Aircraft Noise Complaint,AVN,,Aviation,Completed,Internet,2026-03-17T09:48:41.000,2026-03-17T10:32:34.000,10510 W ZEMKE RD,Demo City,Illinois,60666,10510,W,ZEMKE,RD,,,76,41,,,5,16,1654,27,9,3,3,1105376.7673561182,1941043.7883293368,41.994900000941,-87.887749500002,"{""latitude"":""41.994900000941"",""longitude"":""-87.887749500002"",""human_address"":""{\""address\"": \""\"", \""city\"": \""\"", \""state\"": \""\"", \""zip\"": \""\""}""}"
SR26-00476460,Tree Emergency,SEC,Alderman,Streets and Sanitation,Completed,Phone Call,2026-03-17T09:48:30.000,2026-03-17T10:58:49.000,5825 N SACRAMENTO AVE,Demo City,Illinois,60659,5825,N,SACRAMENTO,AVE,,,2,50,2,I008,1,20,2011,29,9,3,3,1155379.0108251015,1938661.6554629726,41.987502000941,-87.703879500002,"{""latitude"":""41.987502000941"",""longitude"":""-87.703879500002"",""human_address"":""{\""address\"": \""\"", \""city\"": \""\"", \""state\"": \""\"", \""zip\"": \""\""}""}"
SR26-00476457,Pothole in Street Complaint,PHF,Alderman,CDOT - Department of Transportation,Open,Phone Call,2026-03-17T09:48:15.000,2026-03-17T09:52:47.000,4733 N KENTON AVE,Demo City,Illinois,60630,4733,N,KENTON,AVE,,,16,39,1,E011,2,17,1722,14,9,3,3,1144917.1256013284,1931217.4144938372,41.967279000941,-87.742548000002,"{""latitude"":""41.967279000941"",""longitude"":""-87.742548000002"",""human_address"":""{\""address\"": \""\"", \""city\"": \""\"", \""state\"": \""\"", \""zip\"": \""\""}""}"
SR26-00476456,Garbage Cart Maintenance,SIE,Alderman,Streets and Sanitation,Open,Phone Call,2026-03-17T09:47:43.000,2026-03-17T09:47:44.000,6155 W EDDY ST,Demo City,Illinois,60634,6155,W,EDDY,ST,,,17,30,3,A014,3,16,1633,18,9,3,3,1134504.5360449841,1922882.9441323795,41.944599000941,-87.781032000002,"{""latitude"":""41.944599000941"",""longitude"":""-87.781032000002"",""human_address"":""{\""address\"": \""\"", \""city\"": \""\"", \""state\"": \""\"", \""zip\"": \""\""}""}"
SR26-00476455,Rodent Baiting/Rat Complaint,SGA,311 City Services,Streets and Sanitation,Open,Phone Call,2026-03-17T09:47:42.000,2026-03-17T09:47:44.000,1325 E 52ND ST,Demo City,Illinois,60615,1325,E,52ND,ST,,,41,4,12,T034,3,02,0234,1,9,3,3,1185855.5217607776,1870871.713871511,41.80081500094,-87.593935500002,"{""latitude"":""41.80081500094"",""longitude"":""-87.593935500002"",""human_address"":""{\""address\"": \""\"", \""city\"": \""\"", \""state\"": \""\"", \""zip\"": \""\""}""}"
SR26-00476454,Buildings - Plumbing Violation,BBC,311 City Services,DOB - Buildings,Open,Phone Call,2026-03-17T09:47:33.000,2026-03-17T09:47:35.000,10 S MASON AVE,Demo City,Illinois,60644,10,S,MASON,AVE,,,25,29,6,B023,1,15,1513,19,9,3,3,1136738.9482305024,1899237.3998323472,41.87967300094,-87.773386500002,"{""latitude"":""41.87967300094"",""longitude"":""-87.773386500002"",""human_address"":""{\""address\"": \""\"", \""city\"": \""\"", \""state\"": \""\"", \""zip\"": \""\""}""}"
SR26-00476453,311 INFORMATION ONLY CALL,311IOC,311 City Services,311 City Services,Completed,Phone Call,2026-03-17T09:47:32.000,2026-03-17T10:32:55.000,2111 W Lexington ST,Demo City,Illinois,60612,2111,W,Lexington,ST,,,28,28,7,K024,2,12,1225,46,9,3,3,1162234.4668753312,1896560.9616219066,41.87183400094,-87.679845000002,"{""latitude"":""41.87183400094"",""longitude"":""-87.679845000002"",""human_address"":""{\""address\"": \""\"", \""city\"": \""\"", \""state\"": \""\"", \""zip\"": \""\""}""}"
SR26-00476452,311 INFORMATION ONLY CALL,311IOC,311 City Services,311 City Services,Completed,Phone Call,2026-03-17T09:47:29.000,2026-03-17T10:33:19.000,2111 W Lexington ST,Demo City,Illinois,60612,2111,W,Lexington,ST,,,28,28,7,K024,2,12,1225,46,9,3,3,1162234.4668753312,1896560.9616219066,41.87183400094,-87.679845000002,"{""latitude"":""41.87183400094"",""longitude"":""-87.679845000002"",""human_address"":""{\""address\"": \""\"", \""city\"": \""\"", \""state\"": \""\"", \""zip\"": \""\""}""}"
SR26-00476451,Tree Removal Inspection,SEE,,Streets and Sanitation,Open,Internet,2026-03-17T09:47:22.000,2026-03-17T09:47:25.000,4924 W POLK ST,Demo City,Illinois,60644,4924,W,POLK,ST,,,25,24,6,D024,3,15,1533,6,9,3,3,1143674.7682518312,1895915.3937891785,41.87043000094,-87.748002000002,"{""latitude"":""41.87043000094"",""longitude"":""-87.748002000002"",""human_address"":""{\""address\"": \""\"", \""city\"": \""\"", \""state\"": \""\"", \""zip\"": \""\""}""}"
SR26-00476450,311 INFORMATION ONLY CALL,311IOC,311 City Services,311 City Services,Completed,Phone Call,2026-03-17T09:47:17.000,2026-03-17T10:32:11.000,2111 W Lexington ST,Demo City,Illinois,60612,2111,W,Lexington,ST,,,28,28,7,K024,2,12,1225,46,9,3,3,1162234.4668753312,1896560.9616219066,41.87183400094,-87.679845000002,"{""latitude"":""41.87183400094"",""longitude"":""-87.679845000002"",""human_address"":""{\""address\"": \""\"", \""city\"": \""\"", \""state\"": \""\"", \""zip\"": \""\""}""}"
SR26-00476448,Abandoned Vehicle Complaint,SKA,311 City Services,Streets and Sanitation,Open,Phone Call,2026-03-17T09:46:58.000,2026-03-17T09:47:04.000,5491 N AUSTIN AVE,Demo City,Illinois,60630,5491,N,AUSTIN,AVE,,,11,45,1,B009,2,16,1622,40,9,3,3,1135303.318899226,1936203.9584289247,41.981139000941,-87.777778500002,"{""latitude"":""41.981139000941"",""longitude"":""-87.777778500002"",""human_address"":""{\""address\"": \""\"", \""city\"": \""\"", \""state\"": \""\"", \""zip\"": \""\""}""}"
SR26-00476447,311 INFORMATION ONLY CALL,311IOC,311 City Services,311 City Services,Completed,Phone Call,2026-03-17T09:46:52.000,2026-03-17T10:32:34.000,2111 W Lexington ST,Demo City,Illinois,60612,2111,W,Lexington,ST,,,28,28,7,K024,2,12,1225,46,9,3,3,1162234.4668753312,1896560.9616219066,41.87183400094,-87.679845000002,"{""latitude"":""41.87183400094"",""longitude"":""-87.679845000002"",""human_address"":""{\""address\"": \""\"", \""city\"": \""\"", \""state\"": \""\"", \""zip\"": \""\""}""}"
SR26-00476446,Abandoned Vehicle Complaint,SKA,,Streets and Sanitation,Open,SPOTCSR,2026-03-17T09:46:50.000,2026-03-17T10:32:11.000,9253 S MANISTEE AVE,CHICAGO,IL,60617,9253,S,MANISTEE,AVE,,,48,7,15,W044,2,04,0423,35,9,3,3,1196272.4018691233,1843918.5339398854,41.726601368703,-87.556626627421,"{""latitude"":""41.726601368703"",""longitude"":""-87.556626627421"",""human_address"":""{\""address\"": \""\"", \""city\"": \""\"", \""state\"": \""\"", \""zip\"": \""\""}""}"
SR26-00476445,Graffiti Removal Request,GRAF,,Streets and Sanitation,Completed,Mobile Device,2026-03-17T09:46:45.000,2026-03-17T09:53:29.000,2500 W 21ST ST,,,,2500,W,21ST,ST,,,30,28,7,J026,2,10,1023,19,9,3,3,1159947.0199382477,1889423.293430543,41.85229500094,-87.688440000002,"{""latitude"":""41.85229500094"",""longitude"":""-87.688440000002"",""human_address"":""{\""address\"": \""\"", \""city\"": \""\"", \""state\"": \""\"", \""zip\"": \""\""}""}"
SR26-00476443,311 INFORMATION ONLY CALL,311IOC,311 City Services,311 City Services,Completed,Phone Call,2026-03-17T09:46:22.000,2026-03-17T10:32:11.000,2111 W Lexington ST,Demo City,Illinois,60612,2111,W,Lexington,ST,,,28,28,7,K024,2,12,1225,46,9,3,3,1162234.4668753312,1896560.9616219066,41.87183400094,-87.679845000002,"{""latitude"":""41.87183400094"",""longitude"":""-87.679845000002"",""human_address"":""{\""address\"": \""\"", \""city\"": \""\"", \""state\"": \""\"", \""zip\"": \""\""}""}"
SR26-00476442,Rodent Baiting/Rat Complaint,SGA,Streets and Sanitation,Streets and Sanitation,Open,Phone Call,2026-03-17T09:45:56.000,2026-03-17T10:33:19.000,3757 W 34TH ST,Demo City,IL,,3757,W,34TH,ST,,,30,22,8,G029,3,10,1031,10,9,3,3,1151794.105454219,1881495.4071365315,41.83070400094,-87.718572000002,"{""latitude"":""41.83070400094"",""longitude"":""-87.718572000002"",""human_address"":""{\""address\"": \""\"", \""city\"": \""\"", \""state\"": \""\"", \""zip\"": \""\""}""}"
SR26-00476441,Recycling Pick Up,SRRP,311 City Services,Streets and Sanitation,Open,Phone Call,2026-03-17T09:45:56.000,2026-03-17T09:45:58.000,12225 S CARPENTER ST,Demo City,Illinois,60643,12225,S,CARPENTER,ST,,,53,21,13,N051,2,05,0524,40,9,3,3,1171615.3184010612,1823623.988866848,41.67148500094,-87.647539500002,"{""latitude"":""41.67148500094"",""longitude"":""-87.647539500002"",""human_address"":""{\""address\"": \""\"", \""city\"": \""\"", \""state\"": \""\"", \""zip\"": \""\""}""}"
SR26-00476436,Tree Debris Clean-Up Request,SEL,,Streets and Sanitation,Open,Mobile Device,2026-03-17T09:45:50.000,2026-03-17T09:45:52.000,10101 S COTTAGE GROVE AVE,,,,10101,S,COTTAGE GROVE,AVE,,,50,8,14,R046,1,05,0511,32,9,3,3,1183027.8712548576,1838013.8878939534,41.71071600094,-87.605325000002,"{""latitude"":""41.71071600094"",""longitude"":""-87.605325000002"",""human_address"":""{\""address\"": \""\"", \""city\"": \""\"", \""state\"": \""\"", \""zip\"": \""\""}""}"
SR26-00476435,311 INFORMATION ONLY CALL,311IOC,311 City Services,311 City Services,Completed,Phone Call,2026-03-17T09:45:44.000,2026-03-17T10:33:19.000,2111 W Lexington ST,Demo City,Illinois,60612,2111,W,Lexington,ST,,,28,28,7,K024,2,12,1225,46,9,3,3,1162234.4668753312,1896560.9616219066,41.87183400094,-87.679845000002,"{""latitude"":""41.87183400094"",""longitude"":""-87.679845000002"",""human_address"":""{\""address\"": \""\"", \""city\"": \""\"", \""state\"": \""\"", \""zip\"": \""\""}""}"
SR26-00476434,Sewer Cleaning Inspection Request,CHECKFOR,Alderman,DWM - Department of Water Management,Open,Phone Call,2026-03-17T09:45:26.000,2026-03-17T10:44:40.000,3649 N WAYNE AVE,Demo City,Illinois,60613,3649,N,WAYNE,AVE,,,6,44,4,M013,2,19,1923,11,9,3,3,1166665.4161854235,1924558.645728084,41.948567712642,-87.662773623637,"{""latitude"":""41.948567712642"",""longitude"":""-87.662773623637"",""human_address"":""{\""address\"": \""\"", \""city\"": \""\"", \""state\"": \""\"", \""zip\"": \""\""}""}"
SR26-00476433,311 INFORMATION ONLY CALL,311IOC,311 City Services,311 City Services,Completed,Phone Call,2026-03-17T09:45:08.000,2026-03-17T10:32:34.000,2111 W Lexington ST,Demo City,Illinois,60612,2111,W,Lexington,ST,,,28,28,7,K024,2,12,1225,46,9,3,3,1162234.4668753312,1896560.9616219066,41.87183400094,-87.679845000002,"{""latitude"":""41.87183400094"",""longitude"":""-87.679845000002"",""human_address"":""{\""address\"": \""\"", \""city\"": \""\"", \""state\"": \""\"", \""zip\"": \""\""}""}"
SR26-00476432,311 INFORMATION ONLY CALL,311IOC,311 City Services,311 City Services,Completed,Phone Call,2026-03-17T09:45:01.000,2026-03-17T10:33:19.000,2111 W Lexington ST,Demo City,Illinois,60612,2111,W,Lexington,ST,,,28,28,7,K024,2,12,1225,46,9,3,3,1162234.4668753312,1896560.9616219066,41.87183400094,-87.679845000002,"{""latitude"":""41.87183400094"",""longitude"":""-87.679845000002"",""human_address"":""{\""address\"": \""\"", \""city\"": \""\"", \""state\"": \""\"", \""zip\"": \""\""}""}"
SR26-00476431,Aircraft Noise Complaint,AVN,,Aviation,Completed,Internet,2026-03-17T09:44:57.000,2026-03-17T10:32:34.000,10510 W ZEMKE RD,Demo City,Illinois,60666,10510,W,ZEMKE,RD,,,76,41,,,5,16,1654,27,9,3,3,1105376.7673561182,1941043.7883293368,41.994900000941,-87.887749500002,"{""latitude"":""41.994900000941"",""longitude"":""-87.887749500002"",""human_address"":""{\""address\"": \""\"", \""city\"": \""\"", \""state\"": \""\"", \""zip\"": \""\""}""}"
SR26-00476430,311 INFORMATION ONLY CALL,311IOC,311 City Services,311 City Services,Completed,Phone Call,2026-03-17T09:44:53.000,2026-03-17T10:32:34.000,2111 W Lexington ST,Demo City,Illinois,60612,2111,W,Lexington,ST,,,28,28,7,K024,2,12,1225,46,9,3,3,1162234.4668753312,1896560.9616219066,41.87183400094,-87.679845000002,"{""latitude"":""41.87183400094"",""longitude"":""-87.679845000002"",""human_address"":""{\""address\"": \""\"", \""city\"": \""\"", \""state\"": \""\"", \""zip\"": \""\""}""}"
SR26-00476429,311 INFORMATION ONLY CALL,311IOC,311 City Services,311 City Services,Completed,Phone Call,2026-03-17T09:44:49.000,2026-03-17T10:32:34.000,2111 W Lexington ST,Demo City,Illinois,60612,2111,W,Lexington,ST,,,28,28,7,K024,2,12,1225,46,9,3,3,1162234.4668753312,1896560.9616219066,41.87183400094,-87.679845000002,"{""latitude"":""41.87183400094"",""longitude"":""-87.679845000002"",""human_address"":""{\""address\"": \""\"", \""city\"": \""\"", \""state\"": \""\"", \""zip\"": \""\""}""}"
SR26-00476428,311 INFORMATION ONLY CALL,311IOC,311 City Services,311 City Services,Completed,Phone Call,2026-03-17T09:44:45.000,2026-03-17T10:33:19.000,2111 W Lexington ST,Demo City,Illinois,60612,2111,W,Lexington,ST,,,28,28,7,K024,2,12,1225,46,9,3,3,1162234.4668753312,1896560.9616219066,41.87183400094,-87.679845000002,"{""latitude"":""41.87183400094"",""longitude"":""-87.679845000002"",""human_address"":""{\""address\"": \""\"", \""city\"": \""\"", \""state\"": \""\"", \""zip\"": \""\""}""}"
SR26-00476426,Pothole in Street Complaint,PHF,Alderman,CDOT - Department of Transportation,Open,Phone Call,2026-03-17T09:44:04.000,2026-03-17T09:44:06.000,4112 S MONTGOMERY AVE,Demo City,Illinois,60632,4112,S,MONTGOMERY,AVE,,,58,12,8,J031,2,09,0921,13,9,3,3,1159100.070479309,1877239.2524374232,41.81887800094,-87.691882500002,"{""latitude"":""41.81887800094"",""longitude"":""-87.691882500002"",""human_address"":""{\""address\"": \""\"", \""city\"": \""\"", \""state\"": \""\"", \""zip\"": \""\""}""}"
SR26-00476425,Tree Emergency,SEC,,Streets and Sanitation,Open,Internet,2026-03-17T09:44:01.000,2026-03-17T09:44:06.000,2933 N AVERS AVE,Demo City,Illinois,60618,2933,N,AVERS,AVE,,,21,31,3,G015,2,25,2523,18,9,3,3,1150286.1471677797,1919359.2481853957,41.934636000941,-87.723117000002,"{""latitude"":""41.934636000941"",""longitude"":""-87.723117000002"",""human_address"":""{\""address\"": \""\"", \""city\"": \""\"", \""state\"": \""\"", \""zip\"": \""\""}""}"
SR26-00476424,311 INFORMATION ONLY CALL,311IOC,311 City Services,311 City Services,Completed,Phone Call,2026-03-17T09:43:47.000,2026-03-17T10:32:55.000,2111 W Lexington ST,Demo City,Illinois,60612,2111,W,Lexington,ST,,,28,28,7,K024,2,12,1225,46,9,3,3,1162234.4668753312,1896560.9616219066,41.87183400094,-87.679845000002,"{""latitude"":""41.87183400094"",""longitude"":""-87.679845000002"",""human_address"":""{\""address\"": \""\"", \""city\"": \""\"", \""state\"": \""\"", \""zip\"": \""\""}""}"
SR26-00476423,Aircraft Noise Complaint,AVN,,Aviation,Completed,Internet,2026-03-17T09:43:40.000,2026-03-17T10:33:19.000,10510 W ZEMKE RD,Demo City,Illinois,60666,10510,W,ZEMKE,RD,,,76,41,,,5,16,1654,27,9,3,3,1105376.7673561182,1941043.7883293368,41.994900000941,-87.887749500002,"{""latitude"":""41.994900000941"",""longitude"":""-87.887749500002"",""human_address"":""{\""address\"": \""\"", \""city\"": \""\"", \""state\"": \""\"", \""zip\"": \""\""}""}"
SR26-00476422,311 INFORMATION ONLY CALL,311IOC,311 City Services,311 City Services,Completed,Phone Call,2026-03-17T09:43:39.000,2026-03-17T10:32:11.000,2111 W Lexington ST,Demo City,Illinois,60612,2111,W,Lexington,ST,,,51,7,15,V046,3,04,0431,43,9,3,3,1193981.644761656,1839214.3317089414,41.71374900094,-87.565171500002,"{""latitude"":""41.71374900094"",""longitude"":""-87.565171500002"",""human_address"":""{\""address\"": \""\"", \""city\"": \""\"", \""state\"": \""\"", \""zip\"": \""\""}""}"
SR26-00476420,311 INFORMATION ONLY CALL,311IOC,311 City Services,311 City Services,Completed,Phone Call,2026-03-17T09:43:30.000,2026-03-17T10:32:55.000,2111 W Lexington ST,Demo City,Illinois,60612,2111,W,Lexington,ST,,,28,28,7,K024,2,12,1225,46,9,3,3,1162234.4668753312,1896560.9616219066,41.87183400094,-87.679845000002,"{""latitude"":""41.87183400094"",""longitude"":""-87.679845000002"",""human_address"":""{\""address\"": \""\"", \""city\"": \""\"", \""state\"": \""\"", \""zip\"": \""\""}""}"
SR26-00476419,311 INFORMATION ONLY CALL,311IOC,311 City Services,311 City Services,Completed,Phone Call,2026-03-17T09:43:11.000,2026-03-17T10:32:11.000,2111 W Lexington ST,Demo City,Illinois,60612,2111,W,Lexington,ST,,,28,28,7,K024,2,12,1225,46,9,3,3,1162234.4668753312,1896560.9616219066,41.87183400094,-87.679845000002,"{""latitude"":""41.87183400094"",""longitude"":""-87.679845000002"",""human_address"":""{\""address\"": \""\"", \""city\"": \""\"", \""state\"": \""\"", \""zip\"": \""\""}""}"
SR26-00476418,Tree Debris Clean-Up Request,SEL,Alderman,Streets and Sanitation,Open,Phone Call,2026-03-17T09:42:59.000,2026-03-17T09:43:01.000,5123 W MEDILL AVE,Demo City,Illinois,60639,5123,W,MEDILL,AVE,,,19,31,3,D017,2,25,2522,9,9,3,3,1141737.7161821995,1915062.5189937039,41.923008000941,-87.754639500002,"{""latitude"":""41.923008000941"",""longitude"":""-87.754639500002"",""human_address"":""{\""address\"": \""\"", \""city\"": \""\"", \""state\"": \""\"", \""zip\"": \""\""}""}"
SR26-00476414,311 INFORMATION ONLY CALL,311IOC,311 City Services,311 City Services,Completed,Phone Call,2026-03-17T09:42:33.000,2026-03-17T10:33:19.000,2111 W Lexington ST,Demo City,Illinois,60612,2111,W,Lexington,ST,,,28,28,7,K024,2,12,1225,46,9,3,3,1162234.4668753312,1896560.9616219066,41.87183400094,-87.679845000002,"{""latitude"":""41.87183400094"",""longitude"":""-87.679845000002"",""human_address"":""{\""address\"": \""\"", \""city\"": \""\"", \""state\"": \""\"", \""zip\"": \""\""}""}"
SR26-00476413,Tree Emergency,SEC,Streets and Sanitation,Streets and Sanitation,Completed,Salesforce Mobile App,2026-03-17T09:42:29.000,2026-03-17T11:14:44.000,2204 N SAWYER,Demo City,Illinois,60647,2204,N,SAWYER,,,,22,35,5,H017,1,14,1413,12,9,3,3,1154127.8677058008,1914497.8217324275,41.921219954694,-87.709128625791,"{""latitude"":""41.921219954694"",""longitude"":""-87.709128625791"",""human_address"":""{\""address\"": \""\"", \""city\"": \""\"", \""state\"": \""\"", \""zip\"": \""\""}""}"
SR26-00476410,311 INFORMATION ONLY CALL,311IOC,311 City Services,311 City Services,Completed,Phone Call,2026-03-17T09:41:52.000,2026-03-17T10:33:19.000,2111 W Lexington ST,Demo City,Illinois,60612,2111,W,Lexington,ST,,,28,28,7,K024,2,12,1225,46,9,3,3,1162234.4668753312,1896560.9616219066,41.87183400094,-87.679845000002,"{""latitude"":""41.87183400094"",""longitude"":""-87.679845000002"",""human_address"":""{\""address\"": \""\"", \""city\"": \""\"", \""state\"": \""\"", \""zip\"": \""\""}""}"
SR26-00476409,311 INFORMATION ONLY CALL,311IOC,311 City Services,311 City Services,Completed,Phone Call,2026-03-17T09:41:37.000,2026-03-17T10:32:11.000,2111 W Lexington ST,Demo City,Illinois,60612,2111,W,Lexington,ST,,,28,28,7,K024,2,12,1225,46,9,3,3,1162234.4668753312,1896560.9616219066,41.87183400094,-87.679845000002,"{""latitude"":""41.87183400094"",""longitude"":""-87.679845000002"",""human_address"":""{\""address\"": \""\"", \""city\"": \""\"", \""state\"": \""\"", \""zip\"": \""\""}""}"
SR26-00476408,311 INFORMATION ONLY CALL,311IOC,311 City Services,311 City Services,Completed,Phone Call,2026-03-17T09:41:24.000,2026-03-17T10:32:34.000,2111 W Lexington ST,Demo City,Illinois,60612,2111,W,Lexington,ST,,,28,28,7,K024,2,12,1225,46,9,3,3,1162234.4668753312,1896560.9616219066,41.87183400094,-87.679845000002,"{""latitude"":""41.87183400094"",""longitude"":""-87.679845000002"",""human_address"":""{\""address\"": \""\"", \""city\"": \""\"", \""state\"": \""\"", \""zip\"": \""\""}""}"
SR26-00476406,311 INFORMATION ONLY CALL,311IOC,311 City Services,311 City Services,Completed,Phone Call,2026-03-17T09:41:12.000,2026-03-17T10:32:11.000,2111 W Lexington ST,Demo City,Illinois,60612,2111,W,Lexington,ST,,,28,28,7,K024,2,12,1225,46,9,3,3,1162234.4668753312,1896560.9616219066,41.87183400094,-87.679845000002,"{""latitude"":""41.87183400094"",""longitude"":""-87.679845000002"",""human_address"":""{\""address\"": \""\"", \""city\"": \""\"", \""state\"": \""\"", \""zip\"": \""\""}""}"
SR26-00476405,Pothole in Street Complaint,PHF,CDOT - Department of Transportation,CDOT - Department of Transportation,Completed,Generated In House,2026-03-17T09:41:03.000,2026-03-17T09:42:02.000,4902 W DIVERSEY AVE,Demo City,Illinois,60639,4902,W,DIVERSEY,AVE,,,19,31,3,D015,2,25,2521,27,9,3,3,1143158.7169280725,1918246.9622433046,41.931720000941,-87.749338500002,"{""latitude"":""41.931720000941"",""longitude"":""-87.749338500002"",""human_address"":""{\""address\"": \""\"", \""city\"": \""\"", \""state\"": \""\"", \""zip\"": \""\""}""}"
SR26-00476404,311 INFORMATION ONLY CALL,311IOC,311 City Services,311 City Services,Completed,Phone Call,2026-03-17T09:40:56.000,2026-03-17T10:32:34.000,2111 W Lexington ST,Demo City,Illinois,60612,2111,W,Lexington,ST,,,28,28,7,K024,2,12,1225,46,9,3,3,1162234.4668753312,1896560.9616219066,41.87183400094,-87.679845000002,"{""latitude"":""41.87183400094"",""longitude"":""-87.679845000002"",""human_address"":""{\""address\"": \""\"", \""city\"": \""\"", \""state\"": \""\"", \""zip\"": \""\""}""}"
SR26-00476403,311 INFORMATION ONLY CALL,311IOC,311 City Services,311 City Services,Completed,Phone Call,2026-03-17T09:40:55.000,2026-03-17T10:32:11.000,2111 W Lexington ST,Demo City,Illinois,60612,2111,W,Lexington,ST,,,28,28,7,K024,2,12,1225,46,9,3,3,1162234.4668753312,1896560.9616219066,41.87183400094,-87.679845000002,"{""latitude"":""41.87183400094"",""longitude"":""-87.679845000002"",""human_address"":""{\""address\"": \""\"", \""city\"": \""\"", \""state\"": \""\"", \""zip\"": \""\""}""}"
SR26-00476402,Aircraft Noise Complaint,AVN,,Aviation,Completed,Internet,2026-03-17T09:40:53.000,2026-03-17T10:32:55.000,10510 W ZEMKE RD,Demo City,Illinois,60666,10510,W,ZEMKE,RD,,,76,41,,,5,16,1654,27,9,3,3,1105376.7673561182,1941043.7883293368,41.994900000941,-87.887749500002,"{""latitude"":""41.994900000941"",""longitude"":""-87.887749500002"",""human_address"":""{\""address\"": \""\"", \""city\"": \""\"", \""state\"": \""\"", \""zip\"": \""\""}""}"
SR26-00476401,311 INFORMATION ONLY CALL,311IOC,311 City Services,311 City Services,Completed,Phone Call,2026-03-17T09:40:49.000,2026-03-17T10:32:55.000,2111 W Lexington ST,Demo City,Illinois,60612,2111,W,Lexington,ST,,,28,28,7,K024,2,12,1225,46,9,3,3,1162234.4668753312,1896560.9616219066,41.87183400094,-87.679845000002,"{""latitude"":""41.87183400094"",""longitude"":""-87.679845000002"",""human_address"":""{\""address\"": \""\"", \""city\"": \""\"", \""state\"": \""\"", \""zip\"": \""\""}""}"
SR26-00476400,311 INFORMATION ONLY CALL,311IOC,311 City Services,311 City Services,Completed,Phone Call,2026-03-17T09:40:48.000,2026-03-17T10:32:55.000,2111 W Lexington ST,Demo City,Illinois,60612,2111,W,Lexington,ST,,,28,28,7,K024,2,12,1225,46,9,3,3,1162234.4668753312,1896560.9616219066,41.87183400094,-87.679845000002,"{""latitude"":""41.87183400094"",""longitude"":""-87.679845000002"",""human_address"":""{\""address\"": \""\"", \""city\"": \""\"", \""state\"": \""\"", \""zip\"": \""\""}""}"
SR26-00476399,Sewer Cleaning Inspection Request,CHECKFOR,311 City Services,DWM - Department of Water Management,Open,Phone Call,2026-03-17T09:40:44.000,2026-03-17T09:53:05.000,8843 S ABERDEEN ST,Demo City,Illinois,60620,8843,S,ABERDEEN,ST,,,71,21,13,N043,2,22,2222,6,9,3,3,1170558.5482875912,1846010.6212922311,41.732940440083,-87.65075786345,"{""latitude"":""41.732940440083"",""longitude"":""-87.65075786345"",""human_address"":""{\""address\"": \""\"", \""city\"": \""\"", \""state\"": \""\"", \""zip\"": \""\""}""}"
SR26-00476396,311 INFORMATION ONLY CALL,311IOC,311 City Services,311 City Services,Completed,Phone Call,2026-03-17T09:40:26.000,2026-03-17T10:32:11.000,2111 W Lexington ST,Demo City,Illinois,60612,2111,W,Lexington,ST,,,28,28,7,K024,2,12,1225,46,9,3,3,1162234.4668753312,1896560.9616219066,41.87183400094,-87.679845000002,"{""latitude"":""41.87183400094"",""longitude"":""-87.679845000002"",""human_address"":""{\""address\"": \""\"", \""city\"": \""\"", \""state\"": \""\"", \""zip\"": \""\""}""}"
SR26-00476395,311 INFORMATION ONLY CALL,311IOC,311 City Services,311 City Services,Completed,Phone Call,2026-03-17T09:40:24.000,2026-03-17T10:32:34.000,2111 W Lexington ST,Demo City,Illinois,60612,2111,W,Lexington,ST,,,28,28,7,K024,2,12,1225,46,9,3,3,1162234.4668753312,1896560.9616219066,41.87183400094,-87.679845000002,"{""latitude"":""41.87183400094"",""longitude"":""-87.679845000002"",""human_address"":""{\""address\"": \""\"", \""city\"": \""\"", \""state\"": \""\"", \""zip\"": \""\""}""}"
SR26-00476394,311 INFORMATION ONLY CALL,311IOC,311 City Services,311 City Services,Completed,Phone Call,2026-03-17T09:40:16.000,2026-03-17T10:32:34.000,2111 W Lexington ST,Demo City,Illinois,60612,2111,W,Lexington,ST,,,28,28,7,K024,2,12,1225,46,9,3,3,1162234.4668753312,1896560.9616219066,41.87183400094,-87.679845000002,"{""latitude"":""41.87183400094"",""longitude"":""-87.679845000002"",""human_address"":""{\""address\"": \""\"", \""city\"": \""\"", \""state\"": \""\"", \""zip\"": \""\""}""}"
SR26-00476393,311 INFORMATION ONLY CALL,311IOC,311 City Services,311 City Services,Completed,Phone Call,2026-03-17T09:40:10.000,2026-03-17T10:32:55.000,2111 W Lexington ST,Demo City,Illinois,60612,2111,W,Lexington,ST,,,28,28,7,K024,2,12,1225,46,9,3,3,1162234.4668753312,1896560.9616219066,41.87183400094,-87.679845000002,"{""latitude"":""41.87183400094"",""longitude"":""-87.679845000002"",""human_address"":""{\""address\"": \""\"", \""city\"": \""\"", \""state\"": \""\"", \""zip\"": \""\""}""}"
SR26-00476391,Traffic Signal Out Complaint,SFB,Streets and Sanitation,CDOT - Department of Transportation,Completed,Phone Call,2026-03-17T09:40:06.000,2026-03-17T09:41:35.000,6700 S STONY ISLAND AVE,Demo City,Illinois,60649,6700,S,STONY ISLAND,AVE,,,43,5,12,T038,3,03,0332,5,9,3,3,1187914.960161529,1860791.0438209802,41.77310400094,-87.586704000002,"{""latitude"":""41.77310400094"",""longitude"":""-87.586704000002"",""human_address"":""{\""address\"": \""\"", \""city\"": \""\"", \""state\"": \""\"", \""zip\"": \""\""}""}"
SR26-00476390,311 INFORMATION ONLY CALL,311IOC,311 City Services,311 City Services,Completed,Phone Call,2026-03-17T09:40:03.000,2026-03-17T10:32:55.000,2111 W Lexington ST,Demo City,Illinois,60612,2111,W,Lexington,ST,,,28,28,7,K024,2,12,1225,46,9,3,3,1162234.4668753312,1896560.9616219066,41.87183400094,-87.679845000002,"{""latitude"":""41.87183400094"",""longitude"":""-87.679845000002"",""human_address"":""{\""address\"": \""\"", \""city\"": \""\"", \""state\"": \""\"", \""zip\"": \""\""}""}"
SR26-00476388,311 INFORMATION ONLY CALL,311IOC,311 City Services,311 City Services,Completed,Phone Call,2026-03-17T09:39:58.000,2026-03-17T10:32:55.000,2111 W Lexington ST,Demo City,Illinois,60612,2111,W,Lexington,ST,,,28,28,7,K024,2,12,1225,46,9,3,3,1162234.4668753312,1896560.9616219066,41.87183400094,-87.679845000002,"{""latitude"":""41.87183400094"",""longitude"":""-87.679845000002"",""human_address"":""{\""address\"": \""\"", \""city\"": \""\"", \""state\"": \""\"", \""zip\"": \""\""}""}"
SR26-00476387,311 INFORMATION ONLY CALL,311IOC,311 City Services,311 City Services,Completed,Phone Call,2026-03-17T09:39:39.000,2026-03-17T10:32:11.000,2111 W Lexington ST,Demo City,Illinois,60612,2111,W,Lexington,ST,,,28,28,7,K024,2,12,1225,46,9,3,3,1162234.4668753312,1896560.9616219066,41.87183400094,-87.679845000002,"{""latitude"":""41.87183400094"",""longitude"":""-87.679845000002"",""human_address"":""{\""address\"": \""\"", \""city\"": \""\"", \""state\"": \""\"", \""zip\"": \""\""}""}"
SR26-00476386,Blue Recycling Cart,SRRC,,Streets and Sanitation,Open,Mobile Device,2026-03-17T09:39:35.000,2026-03-17T09:39:38.000,6018 N MELVINA AVE,,,,6018,N,MELVINA,AVE,,,10,39,1,A007,1,16,1611,21,9,3,3,1133848.9324797534,1939753.1292995166,41.990904000941,-87.783043500002,"{""latitude"":""41.990904000941"",""longitude"":""-87.783043500002"",""human_address"":""{\""address\"": \""\"", \""city\"": \""\"", \""state\"": \""\"", \""zip\"": \""\""}""}"
SR26-00476385,311 INFORMATION ONLY CALL,311IOC,311 City Services,311 City Services,Completed,Phone Call,2026-03-17T09:39:31.000,2026-03-17T10:32:11.000,2111 W Lexington ST,Demo City,Illinois,60612,2111,W,Lexington,ST,,,28,28,7,K024,2,12,1225,46,9,3,3,1162234.4668753312,1896560.9616219066,41.87183400094,-87.679845000002,"{""latitude"":""41.87183400094"",""longitude"":""-87.679845000002"",""human_address"":""{\""address\"": \""\"", \""city\"": \""\"", \""state\"": \""\"", \""zip\"": \""\""}""}"
SR26-00476377,311 INFORMATION ONLY CALL,311IOC,311 City Services,311 City Services,Completed,Phone Call,2026-03-17T09:39:26.000,2026-03-17T10:32:55.000,2111 W Lexington ST,Demo City,Illinois,60612,2111,W,Lexington,ST,,,28,28,7,K024,2,12,1225,46,9,3,3,1162234.4668753312,1896560.9616219066,41.87183400094,-87.679845000002,"{""latitude"":""41.87183400094"",""longitude"":""-87.679845000002"",""human_address"":""{\""address\"": \""\"", \""city\"": \""\"", \""state\"": \""\"", \""zip\"": \""\""}""}"
SR26-00476376,311 INFORMATION ONLY CALL,311IOC,311 City Services,311 City Services,Completed,Phone Call,2026-03-17T09:39:22.000,2026-03-17T10:32:34.000,2111 W Lexington ST,Demo City,Illinois,60612,2111,W,Lexington,ST,,,28,28,7,K024,2,12,1225,46,9,3,3,1162234.4668753312,1896560.9616219066,41.87183400094,-87.679845000002,"{""latitude"":""41.87183400094"",""longitude"":""-87.679845000002"",""human_address"":""{\""address\"": \""\"", \""city\"": \""\"", \""state\"": \""\"", \""zip\"": \""\""}""}"
SR26-00476375,311 INFORMATION ONLY CALL,311IOC,311 City Services,311 City Services,Completed,Phone Call,2026-03-17T09:39:05.000,2026-03-17T10:32:55.000,2111 W Lexington ST,Demo City,Illinois,60612,2111,W,Lexington,ST,,,28,28,7,K024,2,12,1225,46,9,3,3,1162234.4668753312,1896560.9616219066,41.87183400094,-87.679845000002,"{""latitude"":""41.87183400094"",""longitude"":""-87.679845000002"",""human_address"":""{\""address\"": \""\"", \""city\"": \""\"", \""state\"": \""\"", \""zip\"": \""\""}""}"
SR26-00476373,311 INFORMATION ONLY CALL,311IOC,311 City Services,311 City Services,Completed,Phone Call,2026-03-17T09:38:54.000,2026-03-17T10:32:34.000,2111 W Lexington ST,Demo City,Illinois,60612,2111,W,Lexington,ST,,,28,28,7,K024,2,12,1225,46,9,3,3,1162234.4668753312,1896560.9616219066,41.87183400094,-87.679845000002,"{""latitude"":""41.87183400094"",""longitude"":""-87.679845000002"",""human_address"":""{\""address\"": \""\"", \""city\"": \""\"", \""state\"": \""\"", \""zip\"": \""\""}""}"
SR26-00476372,311 INFORMATION ONLY CALL,311IOC,311 City Services,311 City Services,Completed,Phone Call,2026-03-17T09:38:49.000,2026-03-17T10:32:55.000,2111 W Lexington ST,Demo City,Illinois,60612,2111,W,Lexington,ST,,,49,9,14,P048,1,05,0513,39,9,3,3,1177204.4304874495,1833558.6292214778,41.698623272005,-87.626785347054,"{""latitude"":""41.698623272005"",""longitude"":""-87.626785347054"",""human_address"":""{\""address\"": \""\"", \""city\"": \""\"", \""state\"": \""\"", \""zip\"": \""\""}""}"
SR26-00476371,311 INFORMATION ONLY CALL,311IOC,311 City Services,311 City Services,Completed,Phone Call,2026-03-17T09:38:44.000,2026-03-17T10:32:34.000,2111 W Lexington ST,Demo City,Illinois,60612,2111,W,Lexington,ST,,,28,28,7,K024,2,12,1225,46,9,3,3,1162234.4668753312,1896560.9616219066,41.87183400094,-87.679845000002,"{""latitude"":""41.87183400094"",""longitude"":""-87.679845000002"",""human_address"":""{\""address\"": \""\"", \""city\"": \""\"", \""state\"": \""\"", \""zip\"": \""\""}""}"
SR26-00476370,311 INFORMATION ONLY CALL,311IOC,311 City Services,311 City Services,Completed,Phone Call,2026-03-17T09:38:43.000,2026-03-17T10:32:11.000,2111 W Lexington ST,Demo City,Illinois,60612,2111,W,Lexington,ST,,,28,28,7,K024,2,12,1225,46,9,3,3,1162234.4668753312,1896560.9616219066,41.87183400094,-87.679845000002,"{""latitude"":""41.87183400094"",""longitude"":""-87.679845000002"",""human_address"":""{\""address\"": \""\"", \""city\"": \""\"", \""state\"": \""\"", \""zip\"": \""\""}""}"
SR26-00476369,311 INFORMATION ONLY CALL,311IOC,311 City Services,311 City Services,Completed,Phone Call,2026-03-17T09:38:42.000,2026-03-17T10:32:55.000,2111 W Lexington ST,Demo City,Illinois,60612,2111,W,Lexington,ST,,,28,28,7,K024,2,12,1225,46,9,3,3,1162234.4668753312,1896560.9616219066,41.87183400094,-87.679845000002,"{""latitude"":""41.87183400094"",""longitude"":""-87.679845000002"",""human_address"":""{\""address\"": \""\"", \""city\"": \""\"", \""state\"": \""\"", \""zip\"": \""\""}""}"
SR26-00476367,Pothole in Street Complaint,PHF,CDOT - Department of Transportation,CDOT - Department of Transportation,Completed,Generated In House,2026-03-17T09:38:30.000,2026-03-17T09:39:33.000,4852 W DIVERSEY AVE,Demo City,Illinois,60639,4852,W,DIVERSEY,AVE,,,19,31,3,D015,2,25,2521,27,9,3,3,1143331.3225865266,1918254.6980995801,41.931738000941,-87.748704000002,"{""latitude"":""41.931738000941"",""longitude"":""-87.748704000002"",""human_address"":""{\""address\"": \""\"", \""city\"": \""\"", \""state\"": \""\"", \""zip\"": \""\""}""}"
SR26-00476365,311 INFORMATION ONLY CALL,311IOC,311 City Services,311 City Services,Completed,Phone Call,2026-03-17T09:38:23.000,2026-03-17T10:32:34.000,2111 W Lexington ST,Demo City,Illinois,60612,2111,W,Lexington,ST,,,28,28,7,K024,2,12,1225,46,9,3,3,1162234.4668753312,1896560.9616219066,41.87183400094,-87.679845000002,"{""latitude"":""41.87183400094"",""longitude"":""-87.679845000002"",""human_address"":""{\""address\"": \""\"", \""city\"": \""\"", \""state\"": \""\"", \""zip\"": \""\""}""}"
SR26-00476359,311 INFORMATION ONLY CALL,311IOC,311 City Services,311 City Services,Completed,Phone Call,2026-03-17T09:37:58.000,2026-03-17T10:32:34.000,2111 W Lexington ST,Demo City,Illinois,60612,2111,W,Lexington,ST,,,28,28,7,K024,2,12,1225,46,9,3,3,1162234.4668753312,1896560.9616219066,41.87183400094,-87.679845000002,"{""latitude"":""41.87183400094"",""longitude"":""-87.679845000002"",""human_address"":""{\""address\"": \""\"", \""city\"": \""\"", \""state\"": \""\"", \""zip\"": \""\""}""}"
SR26-00476360,311 INFORMATION ONLY CALL,311IOC,311 City Services,311 City Services,Completed,Phone Call,2026-03-17T09:37:58.000,2026-03-17T10:32:55.000,2111 W Lexington ST,Demo City,Illinois,60612,2111,W,Lexington,ST,,,28,28,7,K024,2,12,1225,46,9,3,3,1162234.4668753312,1896560.9616219066,41.87183400094,-87.679845000002,"{""latitude"":""41.87183400094"",""longitude"":""-87.679845000002"",""human_address"":""{\""address\"": \""\"", \""city\"": \""\"", \""state\"": \""\"", \""zip\"": \""\""}""}"
SR26-00476357,311 INFORMATION ONLY CALL,311IOC,311 City Services,311 City Services,Completed,Phone Call,2026-03-17T09:37:53.000,2026-03-17T10:32:11.000,2111 W Lexington ST,Demo City,Illinois,60612,2111,W,Lexington,ST,,,28,28,7,K024,2,12,1225,46,9,3,3,1162234.4668753312,1896560.9616219066,41.87183400094,-87.679845000002,"{""latitude"":""41.87183400094"",""longitude"":""-87.679845000002"",""human_address"":""{\""address\"": \""\"", \""city\"": \""\"", \""state\"": \""\"", \""zip\"": \""\""}""}"
SR26-00476356,Aircraft Noise Complaint,AVN,,Aviation,Completed,Internet,2026-03-17T09:37:19.000,2026-03-17T10:32:34.000,10510 W ZEMKE RD,Demo City,Illinois,60666,10510,W,ZEMKE,RD,,,76,41,,,5,16,1654,27,9,3,3,1105376.7673561182,1941043.7883293368,41.994900000941,-87.887749500002,"{""latitude"":""41.994900000941"",""longitude"":""-87.887749500002"",""human_address"":""{\""address\"": \""\"", \""city\"": \""\"", \""state\"": \""\"", \""zip\"": \""\""}""}"
SR26-00476355,Water Lead Test Kit Request,WCA2,,DWM - Department of Water Management,Open,Internet,2026-03-17T09:37:16.000,2026-03-17T09:37:20.000,3508 W WRIGHTWOOD AVE,Demo City,Illinois,60647,3508,W,WRIGHTWOOD,AVE,,,22,35,4,H016,1,14,1412,2,9,3,3,1152487.8106784006,1917144.7683377136,41.928516000941,-87.715084500002,"{""latitude"":""41.928516000941"",""longitude"":""-87.715084500002"",""human_address"":""{\""address\"": \""\"", \""city\"": \""\"", \""state\"": \""\"", \""zip\"": \""\""}""}"
SR26-00476353,311 INFORMATION ONLY CALL,311IOC,311 City Services,311 City Services,Completed,Phone Call,2026-03-17T09:37:07.000,2026-03-17T10:32:55.000,2111 W Lexington ST,Demo City,Illinois,60612,2111,W,Lexington,ST,,,28,28,7,K024,2,12,1225,46,9,3,3,1162234.4668753312,1896560.9616219066,41.87183400094,-87.679845000002,"{""latitude"":""41.87183400094"",""longitude"":""-87.679845000002"",""human_address"":""{\""address\"": \""\"", \""city\"": \""\"", \""state\"": \""\"", \""zip\"": \""\""}""}"
SR26-00476352,311 INFORMATION ONLY CALL,311IOC,311 City Services,311 City Services,Completed,Phone Call,2026-03-17T09:37:05.000,2026-03-17T10:32:55.000,2111 W Lexington ST,Demo City,Illinois,60612,2111,W,Lexington,ST,,,28,28,7,K024,2,12,1225,46,9,3,3,1162234.4668753312,1896560.9616219066,41.87183400094,-87.679845000002,"{""latitude"":""41.87183400094"",""longitude"":""-87.679845000002"",""human_address"":""{\""address\"": \""\"", \""city\"": \""\"", \""state\"": \""\"", \""zip\"": \""\""}""}"
SR26-00476350,311 INFORMATION ONLY CALL,311IOC,311 City Services,311 City Services,Completed,Phone Call,2026-03-17T09:36:54.000,2026-03-17T10:32:34.000,2111 W Lexington ST,Demo City,Illinois,60612,2111,W,Lexington,ST,,,28,28,7,K024,2,12,1225,46,9,3,3,1162234.4668753312,1896560.9616219066,41.87183400094,-87.679845000002,"{""latitude"":""41.87183400094"",""longitude"":""-87.679845000002"",""human_address"":""{\""address\"": \""\"", \""city\"": \""\"", \""state\"": \""\"", \""zip\"": \""\""}""}"
SR26-00476348,311 INFORMATION ONLY CALL,311IOC,311 City Services,311 City Services,Completed,Phone Call,2026-03-17T09:36:33.000,2026-03-17T10:32:11.000,2111 W Lexington ST,Demo City,Illinois,60612,2111,W,Lexington,ST,,,28,28,7,K024,2,12,1225,46,9,3,3,1162234.4668753312,1896560.9616219066,41.87183400094,-87.679845000002,"{""latitude"":""41.87183400094"",""longitude"":""-87.679845000002"",""human_address"":""{\""address\"": \""\"", \""city\"": \""\"", \""state\"": \""\"", \""zip\"": \""\""}""}"
SR26-00476347,311 INFORMATION ONLY CALL,311IOC,311 City Services,311 City Services,Completed,Phone Call,2026-03-17T09:36:19.000,2026-03-17T10:32:34.000,2111 W Lexington ST,Demo City,Illinois,60612,2111,W,Lexington,ST,,,28,28,7,K024,2,12,1225,46,9,3,3,1162234.4668753312,1896560.9616219066,41.87183400094,-87.679845000002,"{""latitude"":""41.87183400094"",""longitude"":""-87.679845000002"",""human_address"":""{\""address\"": \""\"", \""city\"": \""\"", \""state\"": \""\"", \""zip\"": \""\""}""}"
SR26-00476346,311 INFORMATION ONLY CALL,311IOC,311 City Services,311 City Services,Completed,Phone Call,2026-03-17T09:36:18.000,2026-03-17T10:32:11.000,2111 W Lexington ST,Demo City,Illinois,60612,2111,W,Lexington,ST,,,28,28,7,K024,2,12,1225,46,9,3,3,1162234.4668753312,1896560.9616219066,41.87183400094,-87.679845000002,"{""latitude"":""41.87183400094"",""longitude"":""-87.679845000002"",""human_address"":""{\""address\"": \""\"", \""city\"": \""\"", \""state\"": \""\"", \""zip\"": \""\""}""}"
SR26-00476345,311 INFORMATION ONLY CALL,311IOC,311 City Services,311 City Services,Completed,Phone Call,2026-03-17T09:35:53.000,2026-03-17T10:32:55.000,2111 W Lexington ST,Demo City,Illinois,60612,2111,W,Lexington,ST,,,28,28,7,K024,2,12,1225,46,9,3,3,1162234.4668753312,1896560.9616219066,41.87183400094,-87.679845000002,"{""latitude"":""41.87183400094"",""longitude"":""-87.679845000002"",""human_address"":""{\""address\"": \""\"", \""city\"": \""\"", \""state\"": \""\"", \""zip\"": \""\""}""}"
SR26-00476344,Coyote Interaction Complaint,CIAC,311 City Services,Animal Care and Control,Completed,Phone Call,2026-03-17T09:35:44.000,2026-03-17T10:35:22.000,4205 N AVERS AVE,Demo City,Illinois,60618,4205,N,AVERS,AVE,,,16,39,3,G012,2,17,1723,28,9,3,3,1150047.9080578575,1927721.0152793294,41.957586000941,-87.723774000002,"{""latitude"":""41.957586000941"",""longitude"":""-87.723774000002"",""human_address"":""{\""address\"": \""\"", \""city\"": \""\"", \""state\"": \""\"", \""zip\"": \""\""}""}"
SR26-00476343,Pothole in Street Complaint,PHF,,CDOT - Department of Transportation,Open,Internet,2026-03-17T09:35:39.000,2026-03-17T10:57:22.000,8236 S VINCENNES AVE,Demo City,Illinois,,8236,S,VINCENNES,AVE,1,,71,6,14,O042,2,06,0622,2,9,3,3,1174419.8931045427,1849893.077473776,41.743509505622,-87.636496828654,"{""latitude"":""41.743509505622"",""longitude"":""-87.636496828654"",""human_address"":""{\""address\"": \""\"", \""city\"": \""\"", \""state\"": \""\"", \""zip\"": \""\""}""}"
SR26-00476342,Aircraft Noise Complaint,AVN,,Aviation,Completed,Internet,2026-03-17T09:35:37.000,2026-03-17T10:32:34.000,10510 W ZEMKE RD,Demo City,Illinois,60666,10510,W,ZEMKE,RD,,,76,41,,,5,16,1654,27,9,3,3,1105376.7673561182,1941043.7883293368,41.994900000941,-87.887749500002,"{""latitude"":""41.994900000941"",""longitude"":""-87.887749500002"",""human_address"":""{\""address\"": \""\"", \""city\"": \""\"", \""state\"": \""\"", \""zip\"": \""\""}""}"
SR26-00476340,311 INFORMATION ONLY CALL,311IOC,311 City Services,311 City Services,Completed,Phone Call,2026-03-17T09:35:06.000,2026-03-17T10:32:55.000,2111 W Lexington ST,Demo City,Illinois,60612,2111,W,Lexington,ST,,,28,28,7,K024,2,12,1225,46,9,3,3,1162234.4668753312,1896560.9616219066,41.87183400094,-87.679845000002,"{""latitude"":""41.87183400094"",""longitude"":""-87.679845000002"",""human_address"":""{\""address\"": \""\"", \""city\"": \""\"", \""state\"": \""\"", \""zip\"": \""\""}""}"
SR26-00476339,311 INFORMATION ONLY CALL,311IOC,311 City Services,311 City Services,Completed,Phone Call,2026-03-17T09:35:01.000,2026-03-17T10:32:34.000,2111 W Lexington ST,Demo City,Illinois,60612,2111,W,Lexington,ST,,,28,28,7,K024,2,12,1225,46,9,3,3,1162234.4668753312,1896560.9616219066,41.87183400094,-87.679845000002,"{""latitude"":""41.87183400094"",""longitude"":""-87.679845000002"",""human_address"":""{\""address\"": \""\"", \""city\"": \""\"", \""state\"": \""\"", \""zip\"": \""\""}""}"
SR26-00476338,Aircraft Noise Complaint,AVN,,Aviation,Completed,Internet,2026-03-17T09:34:57.000,2026-03-17T10:32:55.000,10510 W ZEMKE RD,Demo City,Illinois,60666,10510,W,ZEMKE,RD,,,76,41,,,5,16,1654,27,9,3,3,1105376.7673561182,1941043.7883293368,41.994900000941,-87.887749500002,"{""latitude"":""41.994900000941"",""longitude"":""-87.887749500002"",""human_address"":""{\""address\"": \""\"", \""city\"": \""\"", \""state\"": \""\"", \""zip\"": \""\""}""}"
SR26-00476337,Buildings - Plumbing Violation,BBC,,DOB - Buildings,Open,Mobile Device,2026-03-17T09:34:55.000,2026-03-17T09:34:57.000,10513 S HALE AVE,,,,10513,S,HALE,AVE,,,72,19,13,L047,1,22,2212,36,9,3,3,1165743.877393069,1834846.9591869449,41.70240900094,-87.668712000002,"{""latitude"":""41.70240900094"",""longitude"":""-87.668712000002"",""human_address"":""{\""address\"": \""\"", \""city\"": \""\"", \""state\"": \""\"", \""zip\"": \""\""}""}"
SR26-00476335,311 INFORMATION ONLY CALL,311IOC,311 City Services,311 City Services,Completed,Phone Call,2026-03-17T09:34:34.000,2026-03-17T10:32:11.000,2111 W Lexington ST,Demo City,Illinois,60612,2111,W,Lexington,ST,,,28,28,7,K024,2,12,1225,46,9,3,3,1162234.4668753312,1896560.9616219066,41.87183400094,-87.679845000002,"{""latitude"":""41.87183400094"",""longitude"":""-87.679845000002"",""human_address"":""{\""address\"": \""\"", \""city\"": \""\"", \""state\"": \""\"", \""zip\"": \""\""}""}"
SR26-00476334,Sewer Cleaning Inspection Request,CHECKFOR,Alderman,DWM - Department of Water Management,Open,Phone Call,2026-03-17T09:34:27.000,2026-03-17T09:34:28.000,5128 W NELSON ST,Demo City,Illinois,60641,5128,W,NELSON,ST,1,,19,31,3,D015,2,25,2521,17,9,3,3,1141519.1596863603,1919869.1742482772,41.936202000941,-87.755323500002,"{""latitude"":""41.936202000941"",""longitude"":""-87.755323500002"",""human_address"":""{\""address\"": \""\"", \""city\"": \""\"", \""state\"": \""\"", \""zip\"": \""\""}""}"
SR26-00476333,Nuisance Animal Complaint,EAB,311 City Services,Animal Care and Control,Open,Phone Call,2026-03-17T09:34:19.000,2026-03-17T09:34:21.000,8745 S LUELLA AVE,Demo City,Illinois,60617,8745,S,LUELLA,AVE,,,48,8,15,V043,1,04,0412,17,9,3,3,1192771.2144086948,1847258.6745440613,41.73585300094,-87.569343000002,"{""latitude"":""41.73585300094"",""longitude"":""-87.569343000002"",""human_address"":""{\""address\"": \""\"", \""city\"": \""\"", \""state\"": \""\"", \""zip\"": \""\""}""}"
SR26-00476332,Tree Removal Inspection,SEE,,Streets and Sanitation,Open,Internet,2026-03-17T09:34:09.000,2026-03-17T09:34:11.000,5219 W WAVELAND AVE,Demo City,Illinois,60641,5219,W,WAVELAND,AVE,,,15,30,3,C013,3,16,1634,4,9,3,3,1140819.0073623636,1924029.7674157156,41.947632000941,-87.757794000002,"{""latitude"":""41.947632000941"",""longitude"":""-87.757794000002"",""human_address"":""{\""address\"": \""\"", \""city\"": \""\"", \""state\"": \""\"", \""zip\"": \""\""}""}"
SR26-00476331,311 INFORMATION ONLY CALL,311IOC,311 City Services,311 City Services,Completed,Phone Call,2026-03-17T09:34:03.000,2026-03-17T10:32:11.000,2111 W Lexington ST,Demo City,Illinois,60612,2111,W,Lexington,ST,,,28,28,7,K024,2,12,1225,46,9,3,3,1162234.4668753312,1896560.9616219066,41.87183400094,-87.679845000002,"{""latitude"":""41.87183400094"",""longitude"":""-87.679845000002"",""human_address"":""{\""address\"": \""\"", \""city\"": \""\"", \""state\"": \""\"", \""zip\"": \""\""}""}"
SR26-00476330,Restaurant Complaint,HFB,311 City Services,Health,Open,Phone Call,2026-03-17T09:33:56.000,2026-03-17T09:33:57.000,2139 S STATE ST,Demo City,Illinois,60616,2139,S,STATE,ST,,,33,3,7,Q026,3,01,0131,3,9,3,3,1176678.4034618186,1889832.818269914,41.853057540857,-87.627019078341,"{""latitude"":""41.853057540857"",""longitude"":""-87.627019078341"",""human_address"":""{\""address\"": \""\"", \""city\"": \""\"", \""state\"": \""\"", \""zip\"": \""\""}""}"
SR26-00476328,Sewer Cave-In Inspection Request,AAD,Alderman,DWM - Department of Water Management,Open,Phone Call,2026-03-17T09:33:54.000,2026-03-17T09:40:34.000,10713 S SAWYER AVE,Demo City,Illinois,60655,10713,S,SAWYER,AVE,,,74,19,13,H048,1,22,2211,8,9,3,3,1156668.443505818,1833322.503119671,41.69841300094,-87.701985000002,"{""latitude"":""41.69841300094"",""longitude"":""-87.701985000002"",""human_address"":""{\""address\"": \""\"", \""city\"": \""\"", \""state\"": \""\"", \""zip\"": \""\""}""}"
SR26-00476327,Tree Debris Clean-Up Request,SEL,311 City Services,Streets and Sanitation,Open,Phone Call,2026-03-17T09:33:32.000,2026-03-17T09:33:35.000,2710 W 52ND ST,Demo City,Illinois,60632,2710,W,52ND,ST,,,63,14,11,J034,2,09,0923,14,9,3,3,1159110.1266255325,1870091.423733176,41.799263237604,-87.692041268631,"{""latitude"":""41.799263237604"",""longitude"":""-87.692041268631"",""human_address"":""{\""address\"": \""\"", \""city\"": \""\"", \""state\"": \""\"", \""zip\"": \""\""}""}"
SR26-00476326,Aircraft Noise Complaint,AVN,,Aviation,Completed,Internet,2026-03-17T09:33:31.000,2026-03-17T10:32:34.000,10510 W ZEMKE RD,Demo City,Illinois,60666,10510,W,ZEMKE,RD,,,76,41,,,5,16,1654,27,9,3,3,1105376.7673561182,1941043.7883293368,41.994900000941,-87.887749500002,"{""latitude"":""41.994900000941"",""longitude"":""-87.887749500002"",""human_address"":""{\""address\"": \""\"", \""city\"": \""\"", \""state\"": \""\"", \""zip\"": \""\""}""}"
SR26-00476325,Traffic Signal Out Complaint,SFB,CDOT - Department of Transportation,CDOT - Department of Transportation,Completed,Phone Call,2026-03-17T09:33:29.000,2026-03-17T10:52:14.000,2027 S HALSTED ST,Demo City,Illinois,,2027,S,HALSTED,ST,,,31,25,7,N026,3,12,1235,3,9,3,3,1171350.0035750505,1890401.6746060296,41.854737134726,-87.646559221546,"{""latitude"":""41.854737134726"",""longitude"":""-87.646559221546"",""human_address"":""{\""address\"": \""\"", \""city\"": \""\"", \""state\"": \""\"", \""zip\"": \""\""}""}"
SR26-00476320,Sign Repair Request - One Way Sign,PCC,Streets and Sanitation,CDOT - Department of Transportation,Open,Salesforce Mobile App,2026-03-17T09:32:59.000,2026-03-17T09:33:02.000,2237 N HAMLIN,Demo City,Illinois,60647,2237,N,HAMLIN,,,,22,35,3,G017,2,25,2525,21,9,3,3,1150717.991499183,1914780.4731374558,41.922063000941,-87.721650000002,"{""latitude"":""41.922063000941"",""longitude"":""-87.721650000002"",""human_address"":""{\""address\"": \""\"", \""city\"": \""\"", \""state\"": \""\"", \""zip\"": \""\""}""}"
SR26-00476310,Pothole in Street Complaint,PHF,CDOT - Department of Transportation,CDOT - Department of Transportation,Completed,Generated In House,2026-03-17T09:32:53.000,2026-03-17T09:33:55.000,7829 S WABASH AVE,Demo City,Illinois,60619,7829,S,WABASH,AVE,,,69,6,12,Q040,2,06,0623,8,9,3,3,1178163.4536944164,1853007.5576236506,41.75197200094,-87.622686000002,"{""latitude"":""41.75197200094"",""longitude"":""-87.622686000002"",""human_address"":""{\""address\"": \""\"", \""city\"": \""\"", \""state\"": \""\"", \""zip\"": \""\""}""}"
SR26-00476308,Building Violation,BBA,311 City Services,DOB - Buildings,Open,Phone Call,2026-03-17T09:32:41.000,2026-03-17T09:32:45.000,3939 W WABANSIA AVE,Demo City,Illinois,60647,3939,W,WABANSIA,AVE,,,23,26,6,G018,3,25,2535,47,9,3,3,1149682.257246138,1910985.2106042833,41.911668654115,-87.725554439734,"{""latitude"":""41.911668654115"",""longitude"":""-87.725554439734"",""human_address"":""{\""address\"": \""\"", \""city\"": \""\"", \""state\"": \""\"", \""zip\"": \""\""}""}"
SR26-00476307,311 INFORMATION ONLY CALL,311IOC,311 City Services,311 City Services,Completed,Phone Call,2026-03-17T09:32:30.000,2026-03-17T10:32:11.000,2111 W Lexington ST,Demo City,Illinois,60612,2111,W,Lexington,ST,,,28,28,7,K024,2,12,1225,46,9,3,3,1162234.4668753312,1896560.9616219066,41.87183400094,-87.679845000002,"{""latitude"":""41.87183400094"",""longitude"":""-87.679845000002"",""human_address"":""{\""address\"": \""\"", \""city\"": \""\"", \""state\"": \""\"", \""zip\"": \""\""}""}"
SR26-00476306,Building Violation,BBA,,DOB - Buildings,Open,Internet,2026-03-17T09:32:27.000,2026-03-17T09:32:29.000,843 W ADAMS ST,Demo City,Illinois,60607,843,W,ADAMS,ST,1,,28,34,7,N023,3,12,1232,3,9,3,3,1170638.6514857975,1899224.0535966663,41.87896200094,-87.648912000002,"{""latitude"":""41.87896200094"",""longitude"":""-87.648912000002"",""human_address"":""{\""address\"": \""\"", \""city\"": \""\"", \""state\"": \""\"", \""zip\"": \""\""}""}"
SR26-00476305,Pothole in Street Complaint,PHF,CDOT - Department of Transportation,CDOT - Department of Transportation,Completed,Generated In House,2026-03-17T09:32:21.000,2026-03-17T09:34:43.000,3808 W DIVERSEY AVE,Demo City,Illinois,60647,3808,W,DIVERSEY,AVE,,,21,31,3,G015,2,25,2523,18,9,3,3,1150461.741856158,1918367.9256363837,41.931912296639,-87.722497639505,"{""latitude"":""41.931912296639"",""longitude"":""-87.722497639505"",""human_address"":""{\""address\"": \""\"", \""city\"": \""\"", \""state\"": \""\"", \""zip\"": \""\""}""}"
SR26-00476304,Yard Waste Pick-Up Request,SCQ,311 City Services,Streets and Sanitation,Open,Phone Call,2026-03-17T09:32:16.000,2026-03-17T09:32:17.000,2107 W 52ND ST,Demo City,Illinois,60609,2107,W,52ND,ST,,,61,16,11,K034,3,09,0932,7,9,3,3,1163157.3671089234,1869929.8346074454,41.79873600094,-87.677203500002,"{""latitude"":""41.79873600094"",""longitude"":""-87.677203500002"",""human_address"":""{\""address\"": \""\"", \""city\"": \""\"", \""state\"": \""\"", \""zip\"": \""\""}""}"
SR26-00476303,311 INFORMATION ONLY CALL,311IOC,311 City Services,311 City Services,Completed,Phone Call,2026-03-17T09:32:08.000,2026-03-17T10:32:34.000,2111 W Lexington ST,Demo City,Illinois,60612,2111,W,Lexington,ST,,,28,28,7,K024,2,12,1225,46,9,3,3,1162234.4668753312,1896560.9616219066,41.87183400094,-87.679845000002,"{""latitude"":""41.87183400094"",""longitude"":""-87.679845000002"",""human_address"":""{\""address\"": \""\"", \""city\"": \""\"", \""state\"": \""\"", \""zip\"": \""\""}""}"
SR26-00476302,Aircraft Noise Complaint,AVN,,Aviation,Completed,Internet,2026-03-17T09:31:59.000,2026-03-17T10:32:11.000,10510 W ZEMKE RD,Demo City,Illinois,60666,10510,W,ZEMKE,RD,,,76,41,,,5,16,1654,27,9,3,3,1105376.7673561182,1941043.7883293368,41.994900000941,-87.887749500002,"{""latitude"":""41.994900000941"",""longitude"":""-87.887749500002"",""human_address"":""{\""address\"": \""\"", \""city\"": \""\"", \""state\"": \""\"", \""zip\"": \""\""}""}"
SR26-00476301,Pothole in Street Complaint,PHF,CDOT - Department of Transportation,CDOT - Department of Transportation,Completed,Generated In House,2026-03-17T09:31:35.000,2026-03-17T09:32:27.000,7845 S EVANS AVE,Demo City,Illinois,60619,7845,S,EVANS,AVE,,,69,6,12,R040,2,06,0624,46,9,3,3,1182611.2649423834,1852960.6912268938,41.751741425717,-87.606388379718,"{""latitude"":""41.751741425717"",""longitude"":""-87.606388379718"",""human_address"":""{\""address\"": \""\"", \""city\"": \""\"", \""state\"": \""\"", \""zip\"": \""\""}""}"
SR26-00476300,Abandoned Vehicle Complaint,SKA,311 City Services,Streets and Sanitation,Open,Phone Call,2026-03-17T09:31:12.000,2026-03-17T09:31:20.000,7103 N ORIOLE AVE,Demo City,Illinois,60631,7103,N,ORIOLE,AVE,,,9,41,1,X105,1,16,1611,4,9,3,3,1124808.405703665,1946594.1454372196,42.009831000941,-87.816145500002,"{""latitude"":""42.009831000941"",""longitude"":""-87.816145500002"",""human_address"":""{\""address\"": \""\"", \""city\"": \""\"", \""state\"": \""\"", \""zip\"": \""\""}""}"
SR26-00476299,Rodent Baiting/Rat Complaint,SGA,,Streets and Sanitation,Open,Internet,2026-03-17T09:31:09.000,2026-03-17T09:31:12.000,5129 S HARPER AVE,Demo City,Illinois,60615,5129,S,HARPER,AVE,,,41,4,12,T034,3,02,0234,27,9,3,3,1187252.2005658627,1871123.195154504,41.80147200094,-87.588805500002,"{""latitude"":""41.80147200094"",""longitude"":""-87.588805500002"",""human_address"":""{\""address\"": \""\"", \""city\"": \""\"", \""state\"": \""\"", \""zip\"": \""\""}""}"
SR26-00476298,Fly Dumping Complaint,SDR,311 City Services,Streets and Sanitation,Completed,Phone Call,2026-03-17T09:31:09.000,2026-03-17T10:25:19.000,3800 W NORTH AVE,Demo City,Illinois,,3800,W,NORTH,AVE,1,,23,26,6,G019,3,25,2535,43,9,3,3,1150804.149981803,1910366.0470787762,41.909947721738,-87.721449148711,"{""latitude"":""41.909947721738"",""longitude"":""-87.721449148711"",""human_address"":""{\""address\"": \""\"", \""city\"": \""\"", \""state\"": \""\"", \""zip\"": \""\""}""}"
SR26-00476297,311 INFORMATION ONLY CALL,311IOC,311 City Services,311 City Services,Completed,Phone Call,2026-03-17T09:31:05.000,2026-03-17T10:32:11.000,2111 W Lexington ST,Demo City,Illinois,60612,2111,W,Lexington,ST,,,28,28,7,K024,2,12,1225,46,9,3,3,1162234.4668753312,1896560.9616219066,41.87183400094,-87.679845000002,"{""latitude"":""41.87183400094"",""longitude"":""-87.679845000002"",""human_address"":""{\""address\"": \""\"", \""city\"": \""\"", \""state\"": \""\"", \""zip\"": \""\""}""}"
SR26-00476296,311 INFORMATION ONLY CALL,311IOC,311 City Services,311 City Services,Completed,Phone Call,2026-03-17T09:31:02.000,2026-03-17T10:32:11.000,2111 W Lexington ST,Demo City,Illinois,60612,2111,W,Lexington,ST,,,28,28,7,K024,2,12,1225,46,9,3,3,1162234.4668753312,1896560.9616219066,41.87183400094,-87.679845000002,"{""latitude"":""41.87183400094"",""longitude"":""-87.679845000002"",""human_address"":""{\""address\"": \""\"", \""city\"": \""\"", \""state\"": \""\"", \""zip\"": \""\""}""}"
SR26-00476294,311 INFORMATION ONLY CALL,311IOC,311 City Services,311 City Services,Completed,Phone Call,2026-03-17T09:30:46.000,2026-03-17T10:32:11.000,2111 W Lexington ST,Demo City,Illinois,60612,2111,W,Lexington,ST,,,28,28,7,K024,2,12,1225,46,9,3,3,1162234.4668753312,1896560.9616219066,41.87183400094,-87.679845000002,"{""latitude"":""41.87183400094"",""longitude"":""-87.679845000002"",""human_address"":""{\""address\"": \""\"", \""city\"": \""\"", \""state\"": \""\"", \""zip\"": \""\""}""}"
SR26-00476293,Tree Emergency,SEC,Streets and Sanitation,Streets and Sanitation,Completed,Salesforce Mobile App,2026-03-17T09:30:41.000,2026-03-17T09:49:18.000,1624 N BURLING,Demo City,Illinois,60614,1624,N,BURLING,,,,7,2,5,O018,1,18,1813,12,9,3,3,1170955.0784349062,1911151.9654570606,41.911686000941,-87.647400000002,"{""latitude"":""41.911686000941"",""longitude"":""-87.647400000002"",""human_address"":""{\""address\"": \""\"", \""city\"": \""\"", \""state\"": \""\"", \""zip\"": \""\""}""}"
SR26-00476290,Pothole in Street Complaint,PHF,CDOT - Department of Transportation,CDOT - Department of Transportation,Completed,Generated In House,2026-03-17T09:30:16.000,2026-03-17T09:31:07.000,3731 W DIVERSEY AVE,Demo City,Illinois,60647,3731,W,DIVERSEY,AVE,,,22,35,3,G016,2,25,2524,7,9,3,3,1150886.5117025732,1918335.2283349931,41.931814257515,-87.720937520068,"{""latitude"":""41.931814257515"",""longitude"":""-87.720937520068"",""human_address"":""{\""address\"": \""\"", \""city\"": \""\"", \""state\"": \""\"", \""zip\"": \""\""}""}"
SR26-00476289,Pothole in Street Complaint,PHF,CDOT - Department of Transportation,CDOT - Department of Transportation,Completed,Generated In House,2026-03-17T09:30:15.000,2026-03-17T09:31:02.000,7100 S RHODES AVE,Demo City,Illinois,60619,7100,S,RHODES,AVE,,,69,6,12,R039,2,03,0323,7,9,3,3,1181043.1736122377,1857977.3920777135,41.76554400094,-87.611980500002,"{""latitude"":""41.76554400094"",""longitude"":""-87.611980500002"",""human_address"":""{\""address\"": \""\"", \""city\"": \""\"", \""state\"": \""\"", \""zip\"": \""\""}""}"
SR26-00476288,Traffic Signal Out Complaint,SFB,CDOT - Department of Transportation,CDOT - Department of Transportation,Open,Phone Call,2026-03-17T09:30:06.000,2026-03-17T09:30:22.000,837 W NORTH AVE,Demo City,Illinois,,837,W,NORTH,AVE,,,8,2,5,N019,2,18,1822,20,9,3,3,1170383.802095386,1910864.0070408576,41.910908344639,-87.649507112367,"{""latitude"":""41.910908344639"",""longitude"":""-87.649507112367"",""human_address"":""{\""address\"": \""\"", \""city\"": \""\"", \""state\"": \""\"", \""zip\"": \""\""}""}"
SR26-00476287,Pothole in Street Complaint,PHF,311 City Services,CDOT - Department of Transportation,Open,Phone Call,2026-03-17T09:30:05.000,2026-03-17T09:30:07.000,7210 S MOZART ST,Demo City,Illinois,60629,7210,S,MOZART,ST,,,66,18,11,I039,3,08,0831,27,9,3,3,1158538.0792147883,1856625.3141866254,41.76232200094,-87.694506000002,"{""latitude"":""41.76232200094"",""longitude"":""-87.694506000002"",""human_address"":""{\""address\"": \""\"", \""city\"": \""\"", \""state\"": \""\"", \""zip\"": \""\""}""}"
SR26-00476286,Consumer Fraud Complaint,CSF,311 City Services,BACP - Business Affairs and Consumer Protection,Open,Phone Call,2026-03-17T09:29:54.000,2026-03-17T09:29:58.000,1401 W ROOSEVELT RD,Demo City,Illinois,,1401,W,ROOSEVELT,RD,,,28,28,7,M025,3,12,1233,10,9,3,3,1167224.0354490532,1894810.2884922044,41.866924310995,-87.661576614166,"{""latitude"":""41.866924310995"",""longitude"":""-87.661576614166"",""human_address"":""{\""address\"": \""\"", \""city\"": \""\"", \""state\"": \""\"", \""zip\"": \""\""}""}"
SR26-00476285,Sign Repair Request - Stop Sign,PCB,311 City Services,CDOT - Department of Transportation,Open,Phone Call,2026-03-17T09:29:51.000,2026-03-17T09:29:53.000,4801 N MAJOR AVE,Demo City,Illinois,,4801,N,MAJOR,AVE,,,15,45,1,B011,2,16,1622,18,9,3,3,1137468.2101183056,1931342.0599166874,41.967758716624,-87.769934185416,"{""latitude"":""41.967758716624"",""longitude"":""-87.769934185416"",""human_address"":""{\""address\"": \""\"", \""city\"": \""\"", \""state\"": \""\"", \""zip\"": \""\""}""}"
SR26-00476282,Garbage Cart Maintenance,SIE,311 City Services,Streets and Sanitation,Open,Phone Call,2026-03-17T09:29:28.000,2026-03-17T09:29:30.000,4231 W 21ST ST,Demo City,Illinois,60623,4231,W,21ST,ST,,,29,24,6,F026,1,10,1012,1,9,3,3,1148359.0465685485,1889676.9486935106,41.85322200094,-87.730965000002,"{""latitude"":""41.85322200094"",""longitude"":""-87.730965000002"",""human_address"":""{\""address\"": \""\"", \""city\"": \""\"", \""state\"": \""\"", \""zip\"": \""\""}""}"
SR26-00476281,Aircraft Noise Complaint,AVN,,Aviation,Completed,Internet,2026-03-17T09:29:28.000,2026-03-17T09:32:26.000,10510 W ZEMKE RD,Demo City,Illinois,60666,10510,W,ZEMKE,RD,,,76,41,,,5,16,1654,27,9,3,3,1105376.7673561182,1941043.7883293368,41.994900000941,-87.887749500002,"{""latitude"":""41.994900000941"",""longitude"":""-87.887749500002"",""human_address"":""{\""address\"": \""\"", \""city\"": \""\"", \""state\"": \""\"", \""zip\"": \""\""}""}"
SR26-00476280,Pothole in Street Complaint,PHF,CDOT - Department of Transportation,CDOT - Department of Transportation,Completed,Generated In House,2026-03-17T09:28:59.000,2026-03-17T09:29:47.000,590 E 70TH ST,Demo City,Illinois,60637,590,E,70TH,ST,,,69,6,12,R038,2,03,0322,7,9,3,3,1181249.3061572863,1858750.042106205,41.767659485415,-87.611201188559,"{""latitude"":""41.767659485415"",""longitude"":""-87.611201188559"",""human_address"":""{\""address\"": \""\"", \""city\"": \""\"", \""state\"": \""\"", \""zip\"": \""\""}""}"
SR26-00476279,Abandoned Vehicle Complaint,SKA,,Streets and Sanitation,Open,SPOTCSR,2026-03-17T09:28:55.000,2026-03-17T09:33:13.000,2453 W 116TH ST,CHICAGO,IL,60655,2453,W,116TH,ST,,,75,19,13,J050,1,22,2212,47,9,3,3,1161891.1883886294,1827616.7623136838,41.682648770734,-87.6830194708,"{""latitude"":""41.682648770734"",""longitude"":""-87.6830194708"",""human_address"":""{\""address\"": \""\"", \""city\"": \""\"", \""state\"": \""\"", \""zip\"": \""\""}""}"
SR26-00476278,311 INFORMATION ONLY CALL,311IOC,311 City Services,311 City Services,Completed,Phone Call,2026-03-17T09:28:52.000,2026-03-17T09:33:13.000,2111 W Lexington ST,Demo City,Illinois,60612,2111,W,Lexington,ST,,,28,28,7,K024,2,12,1225,46,9,3,3,1162234.4668753312,1896560.9616219066,41.87183400094,-87.679845000002,"{""latitude"":""41.87183400094"",""longitude"":""-87.679845000002"",""human_address"":""{\""address\"": \""\"", \""city\"": \""\"", \""state\"": \""\"", \""zip\"": \""\""}""}"
SR26-00476277,Rodent Baiting/Rat Complaint,SGA,,Streets and Sanitation,Open,Internet,2026-03-17T09:28:21.000,2026-03-17T09:28:23.000,2217 W ROSCOE ST,Demo City,Illinois,60618,2217,W,ROSCOE,ST,,,5,32,4,K014,2,19,1921,25,9,3,3,1160884.0056719296,1922438.1135684396,41.942871000941,-87.684084000002,"{""latitude"":""41.942871000941"",""longitude"":""-87.684084000002"",""human_address"":""{\""address\"": \""\"", \""city\"": \""\"", \""state\"": \""\"", \""zip\"": \""\""}""}"
SR26-00476276,Sewer Cleaning Inspection Request,CHECKFOR,Alderman,DWM - Department of Water Management,Open,Alderman's Office,2026-03-17T09:28:01.000,2026-03-17T10:03:09.000,1220 S PLYMOUTH CT,Demo City,Illinois,60605,1220,S,PLYMOUTH,CT,,,33,3,7,P025,3,01,0131,26,9,3,3,1176211.9493112026,1894793.951901757,41.866681744899,-87.628581634765,"{""latitude"":""41.866681744899"",""longitude"":""-87.628581634765"",""human_address"":""{\""address\"": \""\"", \""city\"": \""\"", \""state\"": \""\"", \""zip\"": \""\""}""}"
SR26-00476275,Garbage Cart Maintenance,SIE,311 City Services,Streets and Sanitation,Open,Phone Call,2026-03-17T09:27:52.000,2026-03-17T09:27:54.000,7348 S RHODES AVE,Demo City,Illinois,60619,7348,S,RHODES,AVE,,,69,6,12,R039,2,03,0323,40,9,3,3,1181107.1344277365,1856206.8588749948,41.76068400094,-87.611800500002,"{""latitude"":""41.76068400094"",""longitude"":""-87.611800500002"",""human_address"":""{\""address\"": \""\"", \""city\"": \""\"", \""state\"": \""\"", \""zip\"": \""\""}""}"
SR26-00476274,311 INFORMATION ONLY CALL,311IOC,311 City Services,311 City Services,Completed,Phone Call,2026-03-17T09:27:49.000,2026-03-17T09:33:13.000,2111 W Lexington ST,Demo City,Illinois,60612,2111,W,Lexington,ST,,,7,43,4,N016,3,19,1932,16,9,3,3,1169211.8858040534,1916481.9616841942,41.926349875511,-87.653648722394,"{""latitude"":""41.926349875511"",""longitude"":""-87.653648722394"",""human_address"":""{\""address\"": \""\"", \""city\"": \""\"", \""state\"": \""\"", \""zip\"": \""\""}""}"
SR26-00476273,311 INFORMATION ONLY CALL,311IOC,311 City Services,311 City Services,Completed,Phone Call,2026-03-17T09:27:47.000,2026-03-17T09:32:26.000,2111 W Lexington ST,Demo City,Illinois,60612,2111,W,Lexington,ST,,,28,28,7,K024,2,12,1225,46,9,3,3,1162234.4668753312,1896560.9616219066,41.87183400094,-87.679845000002,"{""latitude"":""41.87183400094"",""longitude"":""-87.679845000002"",""human_address"":""{\""address\"": \""\"", \""city\"": \""\"", \""state\"": \""\"", \""zip\"": \""\""}""}"
SR26-00476270,Pothole in Street Complaint,PHF,CDOT - Department of Transportation,CDOT - Department of Transportation,Completed,Generated In House,2026-03-17T09:27:44.000,2026-03-17T09:28:33.000,430 E 70TH ST,Demo City,Illinois,60637,430,E,70TH,ST,,,69,6,12,R038,2,03,0322,7,9,3,3,1180436.4774866556,1858724.5777161294,41.767608296639,-87.614181318987,"{""latitude"":""41.767608296639"",""longitude"":""-87.614181318987"",""human_address"":""{\""address\"": \""\"", \""city\"": \""\"", \""state\"": \""\"", \""zip\"": \""\""}""}"
SR26-00476269,Water On Street Complaint,AAE,311 City Services,DWM - Department of Water Management,Open,Phone Call,2026-03-17T09:27:33.000,2026-03-17T09:39:17.000,11721 S MORGAN ST,Demo City,Illinois,60643,11721,S,MORGAN,ST,,,53,21,13,N050,2,05,0524,15,9,3,3,1171840.5372047622,1826990.7383539618,41.68071900094,-87.646617000002,"{""latitude"":""41.68071900094"",""longitude"":""-87.646617000002"",""human_address"":""{\""address\"": \""\"", \""city\"": \""\"", \""state\"": \""\"", \""zip\"": \""\""}""}"
SR26-00476268,Sewer Cleaning Inspection Request,CHECKFOR,311 City Services,DWM - Department of Water Management,Open,Phone Call,2026-03-17T09:27:29.000,2026-03-17T09:36:26.000,5128 W NELSON ST,Demo City,Illinois,60641,5128,W,NELSON,ST,,,19,31,3,D015,2,25,2521,17,9,3,3,1141519.1596863603,1919869.1742482772,41.936202000941,-87.755323500002,"{""latitude"":""41.936202000941"",""longitude"":""-87.755323500002"",""human_address"":""{\""address\"": \""\"", \""city\"": \""\"", \""state\"": \""\"", \""zip\"": \""\""}""}"
SR26-00476266,Tree Emergency,SEC,311 City Services,Streets and Sanitation,Open,Phone Call,2026-03-17T09:27:04.000,2026-03-17T09:27:06.000,5026 W OAKDALE AVE,Demo City,Illinois,60641,5026,W,OAKDALE,AVE,,,19,31,3,D015,2,25,2521,35,9,3,3,1142210.4368213895,1919224.4516464463,41.934420000941,-87.752799000002,"{""latitude"":""41.934420000941"",""longitude"":""-87.752799000002"",""human_address"":""{\""address\"": \""\"", \""city\"": \""\"", \""state\"": \""\"", \""zip\"": \""\""}""}"
SR26-00476265,Check for Leak,WM3,DWM - Department of Water Management,DWM - Department of Water Management,Open,Phone Call,2026-03-17T09:27:02.000,2026-03-17T11:09:00.000,7000 W ROSCOE ST,Demo City,Illinois,60634,7000,W,ROSCOE,ST,,,17,38,3,Y114,3,16,1632,4,9,3,3,1128925.5491206602,1921893.259104417,41.941980000941,-87.801561000002,"{""latitude"":""41.941980000941"",""longitude"":""-87.801561000002"",""human_address"":""{\""address\"": \""\"", \""city\"": \""\"", \""state\"": \""\"", \""zip\"": \""\""}""}"
SR26-00476264,Water On Street Complaint,AAE,Alderman,DWM - Department of Water Management,Open,Alderman's Office,2026-03-17T09:26:57.000,2026-03-17T09:33:29.000,1220 S PLYMOUTH CT,Demo City,Illinois,60605,1220,S,PLYMOUTH,CT,1,,33,3,7,P025,3,01,0131,26,9,3,3,1176211.9493112026,1894793.951901757,41.866681744899,-87.628581634765,"{""latitude"":""41.866681744899"",""longitude"":""-87.628581634765"",""human_address"":""{\""address\"": \""\"", \""city\"": \""\"", \""state\"": \""\"", \""zip\"": \""\""}""}"
SR26-00476263,Abandoned Vehicle Complaint,SKA,,Streets and Sanitation,Open,SPOTCSR,2026-03-17T09:26:49.000,2026-03-17T09:33:13.000,9257 S CLYDE AVE,CHICAGO,IL,60617,9257,S,CLYDE,AVE,,,48,7,15,V044,1,04,0413,36,9,3,3,1191818.9333147125,1843757.3592605926,41.726268201293,-87.572945065723,"{""latitude"":""41.726268201293"",""longitude"":""-87.572945065723"",""human_address"":""{\""address\"": \""\"", \""city\"": \""\"", \""state\"": \""\"", \""zip\"": \""\""}""}"
SR26-00476261,311 INFORMATION ONLY CALL,311IOC,311 City Services,311 City Services,Completed,Phone Call,2026-03-17T09:26:45.000,2026-03-17T09:33:07.000,2111 W Lexington ST,Demo City,Illinois,60612,2111,W,Lexington,ST,,,28,28,7,K024,2,12,1225,46,9,3,3,1162234.4668753312,1896560.9616219066,41.87183400094,-87.679845000002,"{""latitude"":""41.87183400094"",""longitude"":""-87.679845000002"",""human_address"":""{\""address\"": \""\"", \""city\"": \""\"", \""state\"": \""\"", \""zip\"": \""\""}""}"
SR26-00476260,Sewer Cleaning Inspection Request,CHECKFOR,Alderman,DWM - Department of Water Management,Open,Alderman's Office,2026-03-17T09:26:21.000,2026-03-17T09:35:27.000,2050 N NATCHEZ AVE,Demo City,Illinois,60707,2050,N,NATCHEZ,AVE,,,19,29,3,Z117,1,25,2512,30,9,3,3,1132690.3043583904,1913045.2140931706,41.917635000941,-87.787930500002,"{""latitude"":""41.917635000941"",""longitude"":""-87.787930500002"",""human_address"":""{\""address\"": \""\"", \""city\"": \""\"", \""state\"": \""\"", \""zip\"": \""\""}""}"
SR26-00476258,311 INFORMATION ONLY CALL,311IOC,311 City Services,311 City Services,Completed,Phone Call,2026-03-17T09:26:02.000,2026-03-17T09:33:13.000,2111 W Lexington ST,Demo City,Illinois,60612,2111,W,Lexington,ST,,,28,28,7,K024,2,12,1225,46,9,3,3,1162234.4668753312,1896560.9616219066,41.87183400094,-87.679845000002,"{""latitude"":""41.87183400094"",""longitude"":""-87.679845000002"",""human_address"":""{\""address\"": \""\"", \""city\"": \""\"", \""state\"": \""\"", \""zip\"": \""\""}""}"
SR26-00476257,Aircraft Noise Complaint,AVN,,Aviation,Completed,Internet,2026-03-17T09:25:53.000,2026-03-17T09:33:07.000,10510 W ZEMKE RD,Demo City,Illinois,60666,10510,W,ZEMKE,RD,,,76,41,,,5,16,1654,27,9,3,3,1105376.7673561182,1941043.7883293368,41.994900000941,-87.887749500002,"{""latitude"":""41.994900000941"",""longitude"":""-87.887749500002"",""human_address"":""{\""address\"": \""\"", \""city\"": \""\"", \""state\"": \""\"", \""zip\"": \""\""}""}"
SR26-00476256,311 INFORMATION ONLY CALL,311IOC,311 City Services,311 City Services,Completed,Phone Call,2026-03-17T09:25:42.000,2026-03-17T09:32:26.000,2111 W Lexington ST,Demo City,Illinois,60612,2111,W,Lexington,ST,,,28,28,7,K024,2,12,1225,46,9,3,3,1162234.4668753312,1896560.9616219066,41.87183400094,-87.679845000002,"{""latitude"":""41.87183400094"",""longitude"":""-87.679845000002"",""human_address"":""{\""address\"": \""\"", \""city\"": \""\"", \""state\"": \""\"", \""zip\"": \""\""}""}"
SR26-00476253,311 INFORMATION ONLY CALL,311IOC,311 City Services,311 City Services,Completed,Phone Call,2026-03-17T09:25:19.000,2026-03-17T09:32:26.000,2111 W Lexington ST,Demo City,Illinois,60612,2111,W,Lexington,ST,,,28,28,7,K024,2,12,1225,46,9,3,3,1162234.4668753312,1896560.9616219066,41.87183400094,-87.679845000002,"{""latitude"":""41.87183400094"",""longitude"":""-87.679845000002"",""human_address"":""{\""address\"": \""\"", \""city\"": \""\"", \""state\"": \""\"", \""zip\"": \""\""}""}"
SR26-00476252,Vicious Animal Complaint,EAF,311 City Services,Animal Care and Control,Completed,Phone Call,2026-03-17T09:25:18.000,2026-03-17T11:01:11.000,7839 S ELLIS AVE,Demo City,Illinois,60619,7839,S,ELLIS,AVE,,,69,8,12,S040,2,06,0624,16,9,3,3,1184332.3453224194,1853072.4407833174,41.75200800094,-87.600078000002,"{""latitude"":""41.75200800094"",""longitude"":""-87.600078000002"",""human_address"":""{\""address\"": \""\"", \""city\"": \""\"", \""state\"": \""\"", \""zip\"": \""\""}""}"
SR26-00476250,311 INFORMATION ONLY CALL,311IOC,311 City Services,311 City Services,Completed,Phone Call,2026-03-17T09:25:01.000,2026-03-17T09:32:03.000,2111 W Lexington ST,Demo City,Illinois,60612,2111,W,Lexington,ST,,,28,28,7,K024,2,12,1225,46,9,3,3,1162234.4668753312,1896560.9616219066,41.87183400094,-87.679845000002,"{""latitude"":""41.87183400094"",""longitude"":""-87.679845000002"",""human_address"":""{\""address\"": \""\"", \""city\"": \""\"", \""state\"": \""\"", \""zip\"": \""\""}""}"
SR26-00476249,311 INFORMATION ONLY CALL,311IOC,311 City Services,311 City Services,Completed,Phone Call,2026-03-17T09:25:00.000,2026-03-17T09:33:13.000,2111 W Lexington ST,Demo City,Illinois,60612,2111,W,Lexington,ST,,,28,28,7,K024,2,12,1225,46,9,3,3,1162234.4668753312,1896560.9616219066,41.87183400094,-87.679845000002,"{""latitude"":""41.87183400094"",""longitude"":""-87.679845000002"",""human_address"":""{\""address\"": \""\"", \""city\"": \""\"", \""state\"": \""\"", \""zip\"": \""\""}""}"
SR26-00476248,Abandoned Vehicle Complaint,SKA,,Streets and Sanitation,Open,SPOTCSR,2026-03-17T09:24:54.000,2026-03-17T09:32:03.000,9259 S CLYDE AVE,CHICAGO,IL,60617,9259,S,CLYDE,AVE,,,48,7,15,V044,1,04,0413,36,9,3,3,1191819.4458250236,1843735.8427262537,41.726209145393,-87.572943884605,"{""latitude"":""41.726209145393"",""longitude"":""-87.572943884605"",""human_address"":""{\""address\"": \""\"", \""city\"": \""\"", \""state\"": \""\"", \""zip\"": \""\""}""}"
SR26-00476247,311 INFORMATION ONLY CALL,311IOC,311 City Services,311 City Services,Completed,Phone Call,2026-03-17T09:24:44.000,2026-03-17T09:33:07.000,2111 W Lexington ST,Demo City,Illinois,60612,2111,W,Lexington,ST,,,28,28,7,K024,2,12,1225,46,9,3,3,1162234.4668753312,1896560.9616219066,41.87183400094,-87.679845000002,"{""latitude"":""41.87183400094"",""longitude"":""-87.679845000002"",""human_address"":""{\""address\"": \""\"", \""city\"": \""\"", \""state\"": \""\"", \""zip\"": \""\""}""}"
SR26-00476245,Coyote Interaction Complaint,CIAC,,Animal Care and Control,Open,Mobile Device,2026-03-17T09:24:29.000,2026-03-17T10:33:56.000,4205 N AVERS AVE,,,,4205,N,AVERS,AVE,,,16,39,3,G012,2,17,1723,28,9,3,3,1150047.9080578575,1927721.0152793294,41.957586000941,-87.723774000002,"{""latitude"":""41.957586000941"",""longitude"":""-87.723774000002"",""human_address"":""{\""address\"": \""\"", \""city\"": \""\"", \""state\"": \""\"", \""zip\"": \""\""}""}"
SR26-00476241,311 INFORMATION ONLY CALL,311IOC,311 City Services,311 City Services,Completed,Phone Call,2026-03-17T09:24:07.000,2026-03-17T09:32:26.000,2111 W Lexington ST,Demo City,Illinois,60612,2111,W,Lexington,ST,,,28,28,7,K024,2,12,1225,46,9,3,3,1162234.4668753312,1896560.9616219066,41.87183400094,-87.679845000002,"{""latitude"":""41.87183400094"",""longitude"":""-87.679845000002"",""human_address"":""{\""address\"": \""\"", \""city\"": \""\"", \""state\"": \""\"", \""zip\"": \""\""}""}"
SR26-00476240,Pet Wellness Check Request,PET,,Animal Care and Control,Open,Internet,2026-03-17T09:24:01.000,2026-03-17T09:24:04.000,7700 S EGGLESTON AVE,Demo City,Illinois,60620,7700,S,EGGLESTON,AVE,,,69,17,11,O040,2,06,0621,15,9,3,3,1174549.0064924324,1853824.1532750863,41.75429400094,-87.635907000002,"{""latitude"":""41.75429400094"",""longitude"":""-87.635907000002"",""human_address"":""{\""address\"": \""\"", \""city\"": \""\"", \""state\"": \""\"", \""zip\"": \""\""}""}"
SR26-00476239,311 INFORMATION ONLY CALL,311IOC,311 City Services,311 City Services,Completed,Phone Call,2026-03-17T09:24:01.000,2026-03-17T09:32:47.000,2111 W Lexington ST,Demo City,Illinois,60612,2111,W,Lexington,ST,,,28,28,7,K024,2,12,1225,46,9,3,3,1162234.4668753312,1896560.9616219066,41.87183400094,-87.679845000002,"{""latitude"":""41.87183400094"",""longitude"":""-87.679845000002"",""human_address"":""{\""address\"": \""\"", \""city\"": \""\"", \""state\"": \""\"", \""zip\"": \""\""}""}"
SR26-00476237,311 INFORMATION ONLY CALL,311IOC,311 City Services,311 City Services,Completed,Phone Call,2026-03-17T09:23:48.000,2026-03-17T09:32:47.000,2111 W Lexington ST,Demo City,Illinois,60612,2111,W,Lexington,ST,,,28,28,7,K024,2,12,1225,46,9,3,3,1162234.4668753312,1896560.9616219066,41.87183400094,-87.679845000002,"{""latitude"":""41.87183400094"",""longitude"":""-87.679845000002"",""human_address"":""{\""address\"": \""\"", \""city\"": \""\"", \""state\"": \""\"", \""zip\"": \""\""}""}"
SR26-00476236,Buildings - Plumbing Violation,BBC,311 City Services,DOB - Buildings,Open,Phone Call,2026-03-17T09:23:41.000,2026-03-17T09:23:44.000,4725 S MICHIGAN AVE,Demo City,Illinois,60615,4725,S,MICHIGAN,AVE,,,38,3,9,Q033,2,02,0224,1,9,3,3,1178087.6846376965,1873607.1088608701,41.80850100094,-87.622339500002,"{""latitude"":""41.80850100094"",""longitude"":""-87.622339500002"",""human_address"":""{\""address\"": \""\"", \""city\"": \""\"", \""state\"": \""\"", \""zip\"": \""\""}""}"
SR26-00476235,Building Violation,BBA,,DOB - Buildings,Open,Internet,2026-03-17T09:23:41.000,2026-03-17T09:23:48.000,875 N MICHIGAN AVE,Demo City,Illinois,60611,875,N,MICHIGAN,AVE,,,8,2,5,Q020,3,18,1833,19,9,3,3,1177642.493249474,1906509.6853019292,41.89879800094,-87.622974000002,"{""latitude"":""41.89879800094"",""longitude"":""-87.622974000002"",""human_address"":""{\""address\"": \""\"", \""city\"": \""\"", \""state\"": \""\"", \""zip\"": \""\""}""}"
SR26-00476234,Water Lead Test Visit Request,WCA3,,DWM - Department of Water Management,Open,Internet,2026-03-17T09:23:38.000,2026-03-17T09:23:57.000,1118 N OAKLEY BLVD,Demo City,Illinois,60622,1118,N,OAKLEY,BLVD,,,24,1,5,K020,1,12,1212,14,9,3,3,1160784.0752203602,1907481.4691655755,41.901831000941,-87.684867000002,"{""latitude"":""41.901831000941"",""longitude"":""-87.684867000002"",""human_address"":""{\""address\"": \""\"", \""city\"": \""\"", \""state\"": \""\"", \""zip\"": \""\""}""}"
SR26-00476232,Traffic Signal Out Complaint,SFB,311 City Services,CDOT - Department of Transportation,Open,Phone Call,2026-03-17T09:23:31.000,2026-03-17T09:23:36.000,9901 S HALSTED ST,Demo City,Illinois,60628,9901,S,HALSTED,ST,,,73,21,14,O046,3,22,2232,34,9,3,3,1172841.114720045,1839113.9431712553,41.71396500094,-87.642598500002,"{""latitude"":""41.71396500094"",""longitude"":""-87.642598500002"",""human_address"":""{\""address\"": \""\"", \""city\"": \""\"", \""state\"": \""\"", \""zip\"": \""\""}""}"
SR26-00476231,Pothole in Street Complaint,PHF,Streets and Sanitation,CDOT - Department of Transportation,Open,Phone Call,2026-03-17T09:23:25.000,2026-03-17T09:23:33.000,5800 S KARLOV AVE,Demo City,Illinois,60629,5800,S,KARLOV,AVE,,,62,13,10,F035,1,08,0813,15,9,3,3,1150006.4146649602,1865804.4699225067,41.787680705242,-87.725538343171,"{""latitude"":""41.787680705242"",""longitude"":""-87.725538343171"",""human_address"":""{\""address\"": \""\"", \""city\"": \""\"", \""state\"": \""\"", \""zip\"": \""\""}""}"
SR26-00476230,Sewer Cave-In Inspection Request,AAD,Alderman,DWM - Department of Water Management,Open,Alderman's Office,2026-03-17T09:23:25.000,2026-03-17T09:37:39.000,10935 S LAWNDALE AVE,Demo City,Illinois,60655,10935,S,LAWNDALE,AVE,,,74,19,13,G048,1,22,2211,44,9,3,3,1153702.2882566946,1831700.4769304306,41.69402100094,-87.712888500002,"{""latitude"":""41.69402100094"",""longitude"":""-87.712888500002"",""human_address"":""{\""address\"": \""\"", \""city\"": \""\"", \""state\"": \""\"", \""zip\"": \""\""}""}"
SR26-00476229,Fly Dumping Complaint,SDR,,Streets and Sanitation,Completed,Phone Call,2026-03-17T09:23:21.000,2026-03-17T10:25:19.000,3800 W NORTH AVE,Demo City,Illinois,,3800,W,NORTH,AVE,,,23,26,6,G019,3,25,2535,43,9,3,3,1150804.149981803,1910366.0470787762,41.909947721738,-87.721449148711,"{""latitude"":""41.909947721738"",""longitude"":""-87.721449148711"",""human_address"":""{\""address\"": \""\"", \""city\"": \""\"", \""state\"": \""\"", \""zip\"": \""\""}""}"
SR26-00476228,Alley Pothole Complaint,PHB,CDOT - Department of Transportation,CDOT - Department of Transportation,Open,Generated In House,2026-03-17T09:23:07.000,2026-03-17T09:23:10.000,1102 W 35TH ST,Demo City,Illinois,60609,1102,W,35TH,ST,,,60,11,9,N029,1,09,0913,17,9,3,3,1169485.5681308645,1881707.4097950014,41.83092000094,-87.653655000002,"{""latitude"":""41.83092000094"",""longitude"":""-87.653655000002"",""human_address"":""{\""address\"": \""\"", \""city\"": \""\"", \""state\"": \""\"", \""zip\"": \""\""}""}"
SR26-00476226,Aircraft Noise Complaint,AVN,,Aviation,Completed,Internet,2026-03-17T09:22:59.000,2026-03-17T09:32:47.000,10510 W ZEMKE RD,Demo City,Illinois,60666,10510,W,ZEMKE,RD,,,76,41,,,5,16,1654,27,9,3,3,1105376.7673561182,1941043.7883293368,41.994900000941,-87.887749500002,"{""latitude"":""41.994900000941"",""longitude"":""-87.887749500002"",""human_address"":""{\""address\"": \""\"", \""city\"": \""\"", \""state\"": \""\"", \""zip\"": \""\""}""}"
SR26-00476225,Pothole in Street Complaint,PHF,Alderman,CDOT - Department of Transportation,Open,Alderman's Office,2026-03-17T09:22:56.000,2026-03-17T09:22:58.000,7023 N HIAWATHA AVE,Demo City,Illinois,60646,7023,N,HIAWATHA,AVE,,,12,45,1,A005,2,16,1621,47,9,3,3,1134981.7427641635,1946182.2599862134,42.008526000941,-87.778723500002,"{""latitude"":""42.008526000941"",""longitude"":""-87.778723500002"",""human_address"":""{\""address\"": \""\"", \""city\"": \""\"", \""state\"": \""\"", \""zip\"": \""\""}""}"
SR26-00476223,311 INFORMATION ONLY CALL,311IOC,311 City Services,311 City Services,Completed,Phone Call,2026-03-17T09:22:44.000,2026-03-17T09:32:03.000,2111 W Lexington ST,Demo City,Illinois,60612,2111,W,Lexington,ST,,,28,28,7,K024,2,12,1225,46,9,3,3,1162234.4668753312,1896560.9616219066,41.87183400094,-87.679845000002,"{""latitude"":""41.87183400094"",""longitude"":""-87.679845000002"",""human_address"":""{\""address\"": \""\"", \""city\"": \""\"", \""state\"": \""\"", \""zip\"": \""\""}""}"
SR26-00476219,Graffiti Removal Request,GRAF,,Streets and Sanitation,Open,Mobile Device,2026-03-17T09:22:20.000,2026-03-17T09:22:22.000,3100 S LASALLE ST,,,,3100,S,LASALLE,ST,,,34,11,9,P029,1,02,0211,34,9,3,3,1175881.4437989418,1884417.5932835448,41.838215705242,-87.630106903789,"{""latitude"":""41.838215705242"",""longitude"":""-87.630106903789"",""human_address"":""{\""address\"": \""\"", \""city\"": \""\"", \""state\"": \""\"", \""zip\"": \""\""}""}"
SR26-00476218,311 INFORMATION ONLY CALL,311IOC,311 City Services,311 City Services,Completed,Phone Call,2026-03-17T09:22:19.000,2026-03-17T09:33:07.000,2111 W Lexington ST,Demo City,Illinois,60612,2111,W,Lexington,ST,,,28,28,7,K024,2,12,1225,46,9,3,3,1162234.4668753312,1896560.9616219066,41.87183400094,-87.679845000002,"{""latitude"":""41.87183400094"",""longitude"":""-87.679845000002"",""human_address"":""{\""address\"": \""\"", \""city\"": \""\"", \""state\"": \""\"", \""zip\"": \""\""}""}"
SR26-00476215,Pothole in Street Complaint,PHF,Streets and Sanitation,CDOT - Department of Transportation,Open,Phone Call,2026-03-17T09:21:50.000,2026-03-17T09:22:11.000,5700 S KARLOV AVE,Demo City,Illinois,60629,5700,S,KARLOV,AVE,,,62,13,10,F035,1,08,0813,15,9,3,3,1149987.0046619165,1866466.831621114,41.789498705242,-87.72559234535,"{""latitude"":""41.789498705242"",""longitude"":""-87.72559234535"",""human_address"":""{\""address\"": \""\"", \""city\"": \""\"", \""state\"": \""\"", \""zip\"": \""\""}""}"
SR26-00476214,Pothole in Street Complaint,PHF,311 City Services,CDOT - Department of Transportation,Open,Phone Call,2026-03-17T09:21:44.000,2026-03-17T09:21:46.000,200 N PARKSIDE AVE,Demo City,Illinois,60644,200,N,PARKSIDE,AVE,,,25,29,6,B022,1,15,1512,11,9,3,3,1138450.634894108,1900963.927121387,41.88438000094,-87.767059500002,"{""latitude"":""41.88438000094"",""longitude"":""-87.767059500002"",""human_address"":""{\""address\"": \""\"", \""city\"": \""\"", \""state\"": \""\"", \""zip\"": \""\""}""}"
SR26-00476213,Missed Garbage Pick-Up Complaint,SCC,,Streets and Sanitation,Open,Mobile Device,2026-03-17T09:21:28.000,2026-03-17T09:21:30.000,210 E 59TH ST,,,,210,E,59TH,ST,,,40,20,12,Q035,3,02,0232,12,9,3,3,1178774.1022559751,1865997.1650575437,41.78760300094,-87.620053500002,"{""latitude"":""41.78760300094"",""longitude"":""-87.620053500002"",""human_address"":""{\""address\"": \""\"", \""city\"": \""\"", \""state\"": \""\"", \""zip\"": \""\""}""}"
SR26-00476211,Graffiti Removal Request,GRAF,,Streets and Sanitation,Open,Mobile Device,2026-03-17T09:21:19.000,2026-03-17T09:21:20.000,3300 S LASALLE ST,,,,3300,S,LASALLE,ST,,,34,11,9,P029,1,02,0211,32,9,3,3,1175923.3955592425,1883089.2174752133,41.834569593061,-87.629992877172,"{""latitude"":""41.834569593061"",""longitude"":""-87.629992877172"",""human_address"":""{\""address\"": \""\"", \""city\"": \""\"", \""state\"": \""\"", \""zip\"": \""\""}""}"
SR26-00476210,Pothole in Street Complaint,PHF,CDOT - Department of Transportation,CDOT - Department of Transportation,Open,Generated In House,2026-03-17T09:21:18.000,2026-03-17T09:21:20.000,10700 S PROSPECT AVE,Demo City,Illinois,60643,10700,S,PROSPECT,AVE,,,75,19,13,L048,1,22,2212,43,9,3,3,1167410.6359922912,1833698.8716724494,41.69922300094,-87.662641500002,"{""latitude"":""41.69922300094"",""longitude"":""-87.662641500002"",""human_address"":""{\""address\"": \""\"", \""city\"": \""\"", \""state\"": \""\"", \""zip\"": \""\""}""}"
SR26-00476207,311 INFORMATION ONLY CALL,311IOC,311 City Services,311 City Services,Completed,Phone Call,2026-03-17T09:21:14.000,2026-03-17T09:33:07.000,2111 W Lexington ST,Demo City,Illinois,60612,2111,W,Lexington,ST,,,28,28,7,K024,2,12,1225,46,9,3,3,1162234.4668753312,1896560.9616219066,41.87183400094,-87.679845000002,"{""latitude"":""41.87183400094"",""longitude"":""-87.679845000002"",""human_address"":""{\""address\"": \""\"", \""city\"": \""\"", \""state\"": \""\"", \""zip\"": \""\""}""}"
SR26-00476206,Aircraft Noise Complaint,AVN,,Aviation,Completed,Internet,2026-03-17T09:21:06.000,2026-03-17T09:33:07.000,10510 W ZEMKE RD,Demo City,Illinois,60666,10510,W,ZEMKE,RD,,,76,41,,,5,16,1654,27,9,3,3,1105376.7673561182,1941043.7883293368,41.994900000941,-87.887749500002,"{""latitude"":""41.994900000941"",""longitude"":""-87.887749500002"",""human_address"":""{\""address\"": \""\"", \""city\"": \""\"", \""state\"": \""\"", \""zip\"": \""\""}""}"
SR26-00476204,311 INFORMATION ONLY CALL,311IOC,311 City Services,311 City Services,Completed,Phone Call,2026-03-17T09:20:57.000,2026-03-17T09:33:07.000,2111 W Lexington ST,Demo City,Illinois,60612,2111,W,Lexington,ST,,,28,28,7,K024,2,12,1225,46,9,3,3,1162234.4668753312,1896560.9616219066,41.87183400094,-87.679845000002,"{""latitude"":""41.87183400094"",""longitude"":""-87.679845000002"",""human_address"":""{\""address\"": \""\"", \""city\"": \""\"", \""state\"": \""\"", \""zip\"": \""\""}""}"
SR26-00476203,Aircraft Noise Complaint,AVN,,Aviation,Completed,Internet,2026-03-17T09:20:32.000,2026-03-17T09:33:07.000,10510 W ZEMKE RD,Demo City,Illinois,60666,10510,W,ZEMKE,RD,,,76,41,,,5,16,1654,27,9,3,3,1105376.7673561182,1941043.7883293368,41.994900000941,-87.887749500002,"{""latitude"":""41.994900000941"",""longitude"":""-87.887749500002"",""human_address"":""{\""address\"": \""\"", \""city\"": \""\"", \""state\"": \""\"", \""zip\"": \""\""}""}"
SR26-00476202,311 INFORMATION ONLY CALL,311IOC,311 City Services,311 City Services,Completed,Phone Call,2026-03-17T09:20:30.000,2026-03-17T09:33:07.000,2111 W Lexington ST,Demo City,Illinois,60612,2111,W,Lexington,ST,,,28,28,7,K024,2,12,1225,46,9,3,3,1162234.4668753312,1896560.9616219066,41.87183400094,-87.679845000002,"{""latitude"":""41.87183400094"",""longitude"":""-87.679845000002"",""human_address"":""{\""address\"": \""\"", \""city\"": \""\"", \""state\"": \""\"", \""zip\"": \""\""}""}"
SR26-00476201,311 INFORMATION ONLY CALL,311IOC,311 City Services,311 City Services,Completed,Phone Call,2026-03-17T09:20:15.000,2026-03-17T09:33:07.000,2111 W Lexington ST,Demo City,Illinois,60612,2111,W,Lexington,ST,,,28,28,7,K024,2,12,1225,46,9,3,3,1162234.4668753312,1896560.9616219066,41.87183400094,-87.679845000002,"{""latitude"":""41.87183400094"",""longitude"":""-87.679845000002"",""human_address"":""{\""address\"": \""\"", \""city\"": \""\"", \""state\"": \""\"", \""zip\"": \""\""}""}"
SR26-00476200,Fly Dumping Complaint,SDR,,Streets and Sanitation,Open,Mobile Device,2026-03-17T09:20:13.000,2026-03-17T09:20:15.000,600 W GARFIELD BLVD,,,,600,W,GARFIELD,BLVD,,,61,16,11,O034,3,09,0935,6,9,3,3,1173202.079170707,1868447.8761653008,41.794453049557,-87.640411246651,"{""latitude"":""41.794453049557"",""longitude"":""-87.640411246651"",""human_address"":""{\""address\"": \""\"", \""city\"": \""\"", \""state\"": \""\"", \""zip\"": \""\""}""}"
SR26-00476199,311 INFORMATION ONLY CALL,311IOC,311 City Services,311 City Services,Completed,Phone Call,2026-03-17T09:20:06.000,2026-03-17T09:32:03.000,2111 W Lexington ST,Demo City,Illinois,60612,2111,W,Lexington,ST,,,28,28,7,K024,2,12,1225,46,9,3,3,1162234.4668753312,1896560.9616219066,41.87183400094,-87.679845000002,"{""latitude"":""41.87183400094"",""longitude"":""-87.679845000002"",""human_address"":""{\""address\"": \""\"", \""city\"": \""\"", \""state\"": \""\"", \""zip\"": \""\""}""}"
SR26-00476198,Traffic Signal Out Complaint,SFB,311 City Services,CDOT - Department of Transportation,Open,Phone Call,2026-03-17T09:19:59.000,2026-03-17T09:25:17.000,837 W NORTH AVE,Demo City,Illinois,,837,W,NORTH,AVE,,,8,2,5,N019,2,18,1822,20,9,3,3,1170383.802095386,1910864.0070408576,41.910908344639,-87.649507112367,"{""latitude"":""41.910908344639"",""longitude"":""-87.649507112367"",""human_address"":""{\""address\"": \""\"", \""city\"": \""\"", \""state\"": \""\"", \""zip\"": \""\""}""}"
SR26-00476197,311 INFORMATION ONLY CALL,311IOC,311 City Services,311 City Services,Completed,Phone Call,2026-03-17T09:19:53.000,2026-03-17T09:32:26.000,2111 W Lexington ST,Demo City,Illinois,60612,2111,W,Lexington,ST,,,28,28,7,K024,2,12,1225,46,9,3,3,1162234.4668753312,1896560.9616219066,41.87183400094,-87.679845000002,"{""latitude"":""41.87183400094"",""longitude"":""-87.679845000002"",""human_address"":""{\""address\"": \""\"", \""city\"": \""\"", \""state\"": \""\"", \""zip\"": \""\""}""}"
SR26-00476196,311 INFORMATION ONLY CALL,311IOC,311 City Services,311 City Services,Completed,Phone Call,2026-03-17T09:19:52.000,2026-03-17T09:32:03.000,2111 W Lexington ST,Demo City,Illinois,60612,2111,W,Lexington,ST,,,28,28,7,K024,2,12,1225,46,9,3,3,1162234.4668753312,1896560.9616219066,41.87183400094,-87.679845000002,"{""latitude"":""41.87183400094"",""longitude"":""-87.679845000002"",""human_address"":""{\""address\"": \""\"", \""city\"": \""\"", \""state\"": \""\"", \""zip\"": \""\""}""}"
SR26-00476195,311 INFORMATION ONLY CALL,311IOC,311 City Services,311 City Services,Completed,Phone Call,2026-03-17T09:19:51.000,2026-03-17T09:32:26.000,2111 W Lexington ST,Demo City,Illinois,60612,2111,W,Lexington,ST,,,28,28,7,K024,2,12,1225,46,9,3,3,1162234.4668753312,1896560.9616219066,41.87183400094,-87.679845000002,"{""latitude"":""41.87183400094"",""longitude"":""-87.679845000002"",""human_address"":""{\""address\"": \""\"", \""city\"": \""\"", \""state\"": \""\"", \""zip\"": \""\""}""}"
SR26-00476194,311 INFORMATION ONLY CALL,311IOC,311 City Services,311 City Services,Completed,Phone Call,2026-03-17T09:19:49.000,2026-03-17T09:33:07.000,2111 W Lexington ST,Demo City,Illinois,60612,2111,W,Lexington,ST,,,28,28,7,K024,2,12,1225,46,9,3,3,1162234.4668753312,1896560.9616219066,41.87183400094,-87.679845000002,"{""latitude"":""41.87183400094"",""longitude"":""-87.679845000002"",""human_address"":""{\""address\"": \""\"", \""city\"": \""\"", \""state\"": \""\"", \""zip\"": \""\""}""}"
SR26-00476193,Pothole in Street Complaint,PHF,CDOT - Department of Transportation,CDOT - Department of Transportation,Open,Generated In House,2026-03-17T09:19:47.000,2026-03-17T09:19:49.000,2022 W 108TH PL,Demo City,Illinois,60643,2022,W,108TH,PL,,,75,19,13,K048,1,22,2212,42,9,3,3,1164743.8457431598,1832791.0474301034,41.696788349645,-87.672431631353,"{""latitude"":""41.696788349645"",""longitude"":""-87.672431631353"",""human_address"":""{\""address\"": \""\"", \""city\"": \""\"", \""state\"": \""\"", \""zip\"": \""\""}""}"
SR26-00476192,Tree Debris Clean-Up Request,SEL,,Streets and Sanitation,Open,Mobile Device,2026-03-17T09:19:43.000,2026-03-17T09:19:45.000,11514 S WENTWORTH AVE,,,,11514,S,WENTWORTH,AVE,,,53,9,14,P050,2,05,0522,11,9,3,3,1176928.6939499544,1828504.4291310054,41.68476000094,-87.627946500002,"{""latitude"":""41.68476000094"",""longitude"":""-87.627946500002"",""human_address"":""{\""address\"": \""\"", \""city\"": \""\"", \""state\"": \""\"", \""zip\"": \""\""}""}"
SR26-00476190,311 INFORMATION ONLY CALL,311IOC,311 City Services,311 City Services,Completed,Phone Call,2026-03-17T09:19:17.000,2026-03-17T09:33:07.000,2111 W Lexington ST,Demo City,Illinois,60612,2111,W,Lexington,ST,,,28,28,7,K024,2,12,1225,46,9,3,3,1162234.4668753312,1896560.9616219066,41.87183400094,-87.679845000002,"{""latitude"":""41.87183400094"",""longitude"":""-87.679845000002"",""human_address"":""{\""address\"": \""\"", \""city\"": \""\"", \""state\"": \""\"", \""zip\"": \""\""}""}"
SR26-00476189,Pothole in Street Complaint,PHF,CDOT - Department of Transportation,CDOT - Department of Transportation,Open,Generated In House,2026-03-17T09:19:10.000,2026-03-17T09:19:12.000,1922 W 108TH PL,Demo City,Illinois,60643,1922,W,108TH,PL,,,75,19,13,L048,1,22,2212,42,9,3,3,1165194.9185594365,1832402.6463704652,41.69571300094,-87.670791000002,"{""latitude"":""41.69571300094"",""longitude"":""-87.670791000002"",""human_address"":""{\""address\"": \""\"", \""city\"": \""\"", \""state\"": \""\"", \""zip\"": \""\""}""}"
SR26-00476188,311 INFORMATION ONLY CALL,311IOC,311 City Services,311 City Services,Completed,Phone Call,2026-03-17T09:19:07.000,2026-03-17T09:32:26.000,2111 W Lexington ST,Demo City,Illinois,60612,2111,W,Lexington,ST,,,28,28,7,K024,2,12,1225,46,9,3,3,1162234.4668753312,1896560.9616219066,41.87183400094,-87.679845000002,"{""latitude"":""41.87183400094"",""longitude"":""-87.679845000002"",""human_address"":""{\""address\"": \""\"", \""city\"": \""\"", \""state\"": \""\"", \""zip\"": \""\""}""}"
SR26-00476187,311 INFORMATION ONLY CALL,311IOC,311 City Services,311 City Services,Completed,Phone Call,2026-03-17T09:18:55.000,2026-03-17T09:33:07.000,2111 W Lexington ST,Demo City,Illinois,60612,2111,W,Lexington,ST,,,28,28,7,K024,2,12,1225,46,9,3,3,1162234.4668753312,1896560.9616219066,41.87183400094,-87.679845000002,"{""latitude"":""41.87183400094"",""longitude"":""-87.679845000002"",""human_address"":""{\""address\"": \""\"", \""city\"": \""\"", \""state\"": \""\"", \""zip\"": \""\""}""}"
SR26-00476185,311 INFORMATION ONLY CALL,311IOC,311 City Services,311 City Services,Completed,Phone Call,2026-03-17T09:18:30.000,2026-03-17T09:33:07.000,2111 W Lexington ST,Demo City,Illinois,60612,2111,W,Lexington,ST,,,28,28,7,K024,2,12,1225,46,9,3,3,1162234.4668753312,1896560.9616219066,41.87183400094,-87.679845000002,"{""latitude"":""41.87183400094"",""longitude"":""-87.679845000002"",""human_address"":""{\""address\"": \""\"", \""city\"": \""\"", \""state\"": \""\"", \""zip\"": \""\""}""}"
SR26-00476186,Garbage Cart Maintenance,SIE,Alderman,Streets and Sanitation,Open,Phone Call,2026-03-17T09:18:30.000,2026-03-17T09:18:32.000,6746 S JEFFERY AVE,Demo City,Illinois,60649,6746,S,JEFFERY,AVE,,,43,5,12,U038,3,03,0332,25,9,3,3,1190615.076884676,1860440.7445097733,41.77207800094,-87.576817500002,"{""latitude"":""41.77207800094"",""longitude"":""-87.576817500002"",""human_address"":""{\""address\"": \""\"", \""city\"": \""\"", \""state\"": \""\"", \""zip\"": \""\""}""}"
SR26-00476184,Rodent Baiting/Rat Complaint,SGA,,Streets and Sanitation,Open,Mobile Device,2026-03-17T09:18:21.000,2026-03-17T09:18:24.000,843 W BUCKINGHAM PL,,,,843,W,BUCKINGHAM,PL,,,6,44,4,N014,2,19,1924,34,9,3,3,1169873.5374551357,1922380.0213223184,41.942520000941,-87.651045000002,"{""latitude"":""41.942520000941"",""longitude"":""-87.651045000002"",""human_address"":""{\""address\"": \""\"", \""city\"": \""\"", \""state\"": \""\"", \""zip\"": \""\""}""}"
SR26-00476183,Sign Repair Request - All Other Signs,PCE,Alderman,CDOT - Department of Transportation,Open,Alderman's Office,2026-03-17T09:18:20.000,2026-03-17T10:58:07.000,4927 W CORNELIA AVE,Demo City,Illinois,60641,4927,W,CORNELIA,AVE,,,15,31,3,D014,3,16,1634,12,9,3,3,1142765.7355958035,1922737.5711276743,41.944050000941,-87.750670500002,"{""latitude"":""41.944050000941"",""longitude"":""-87.750670500002"",""human_address"":""{\""address\"": \""\"", \""city\"": \""\"", \""state\"": \""\"", \""zip\"": \""\""}""}"
SR26-00476181,Sewer Cleaning Inspection Request,CHECKFOR,Alderman,DWM - Department of Water Management,Open,Phone Call,2026-03-17T09:18:03.000,2026-03-17T10:01:53.000,3348 S UNION AVE,Demo City,Illinois,60616,3348,S,UNION,AVE,,,60,11,9,O029,1,09,0915,26,9,3,3,1172117.4742767236,1882486.0093952846,41.83299900094,-87.643975500002,"{""latitude"":""41.83299900094"",""longitude"":""-87.643975500002"",""human_address"":""{\""address\"": \""\"", \""city\"": \""\"", \""state\"": \""\"", \""zip\"": \""\""}""}"
SR26-00476179,311 INFORMATION ONLY CALL,311IOC,311 City Services,311 City Services,Completed,Phone Call,2026-03-17T09:18:00.000,2026-03-17T09:33:07.000,2111 W Lexington ST,Demo City,Illinois,60612,2111,W,Lexington,ST,,,28,28,7,K024,2,12,1225,46,9,3,3,1162234.4668753312,1896560.9616219066,41.87183400094,-87.679845000002,"{""latitude"":""41.87183400094"",""longitude"":""-87.679845000002"",""human_address"":""{\""address\"": \""\"", \""city\"": \""\"", \""state\"": \""\"", \""zip\"": \""\""}""}"
SR26-00476178,Vicious Animal Complaint,EAF,,Animal Care and Control,Completed,Mobile Device,2026-03-17T09:17:57.000,2026-03-17T11:03:13.000,3114 N NEENAH AVE,,,,3114,N,NEENAH,AVE,,,19,36,3,Z115,1,25,2511,28,9,3,3,1132127.587405011,1920086.5237162842,41.936967000941,-87.789834000002,"{""latitude"":""41.936967000941"",""longitude"":""-87.789834000002"",""human_address"":""{\""address\"": \""\"", \""city\"": \""\"", \""state\"": \""\"", \""zip\"": \""\""}""}"
SR26-00476176,311 INFORMATION ONLY CALL,311IOC,311 City Services,311 City Services,Completed,Phone Call,2026-03-17T09:17:30.000,2026-03-17T09:32:26.000,2111 W Lexington ST,Demo City,Illinois,60612,2111,W,Lexington,ST,,,28,28,7,K024,2,12,1225,46,9,3,3,1162234.4668753312,1896560.9616219066,41.87183400094,-87.679845000002,"{""latitude"":""41.87183400094"",""longitude"":""-87.679845000002"",""human_address"":""{\""address\"": \""\"", \""city\"": \""\"", \""state\"": \""\"", \""zip\"": \""\""}""}"
SR26-00476175,311 INFORMATION ONLY CALL,311IOC,311 City Services,311 City Services,Completed,Phone Call,2026-03-17T09:17:23.000,2026-03-17T09:32:26.000,2111 W Lexington ST,Demo City,Illinois,60612,2111,W,Lexington,ST,,,28,28,7,K024,2,12,1225,46,9,3,3,1162234.4668753312,1896560.9616219066,41.87183400094,-87.679845000002,"{""latitude"":""41.87183400094"",""longitude"":""-87.679845000002"",""human_address"":""{\""address\"": \""\"", \""city\"": \""\"", \""state\"": \""\"", \""zip\"": \""\""}""}"
SR26-00476174,311 INFORMATION ONLY CALL,311IOC,311 City Services,311 City Services,Completed,Phone Call,2026-03-17T09:17:15.000,2026-03-17T09:32:03.000,2111 W Lexington ST,Demo City,Illinois,60612,2111,W,Lexington,ST,,,28,28,7,K024,2,12,1225,46,9,3,3,1162234.4668753312,1896560.9616219066,41.87183400094,-87.679845000002,"{""latitude"":""41.87183400094"",""longitude"":""-87.679845000002"",""human_address"":""{\""address\"": \""\"", \""city\"": \""\"", \""state\"": \""\"", \""zip\"": \""\""}""}"
SR26-00476173,Aircraft Noise Complaint,AVN,,Aviation,Completed,Internet,2026-03-17T09:17:09.000,2026-03-17T09:32:03.000,10510 W ZEMKE RD,Demo City,Illinois,60666,10510,W,ZEMKE,RD,,,76,41,,,5,16,1654,27,9,3,3,1105376.7673561182,1941043.7883293368,41.994900000941,-87.887749500002,"{""latitude"":""41.994900000941"",""longitude"":""-87.887749500002"",""human_address"":""{\""address\"": \""\"", \""city\"": \""\"", \""state\"": \""\"", \""zip\"": \""\""}""}"
SR26-00476171,Tree Debris Clean-Up Request,SEL,Streets and Sanitation,Streets and Sanitation,Open,Phone Call,2026-03-17T09:16:58.000,2026-03-17T09:17:00.000,5401 W MELROSE ST,Demo City,Illinois,60641,5401,W,MELROSE,ST,,,15,30,3,C014,3,16,1633,17,9,3,3,1139746.0535918397,1920988.8048134227,41.939307000941,-87.761812500002,"{""latitude"":""41.939307000941"",""longitude"":""-87.761812500002"",""human_address"":""{\""address\"": \""\"", \""city\"": \""\"", \""state\"": \""\"", \""zip\"": \""\""}""}"
SR26-00476172,Aircraft Noise Complaint,AVN,,Aviation,Completed,Internet,2026-03-17T09:16:58.000,2026-03-17T09:32:03.000,10510 W ZEMKE RD,Demo City,Illinois,60666,10510,W,ZEMKE,RD,,,76,41,,,5,16,1654,27,9,3,3,1105376.7673561182,1941043.7883293368,41.994900000941,-87.887749500002,"{""latitude"":""41.994900000941"",""longitude"":""-87.887749500002"",""human_address"":""{\""address\"": \""\"", \""city\"": \""\"", \""state\"": \""\"", \""zip\"": \""\""}""}"
SR26-00476170,Building Violation,BBA,311 City Services,DOB - Buildings,Open,Phone Call,2026-03-17T09:16:50.000,2026-03-17T09:16:55.000,5669 N OLCOTT AVE,Demo City,Illinois,60631,5669,N,OLCOTT,AVE,,,10,41,1,X108,1,16,1612,43,9,3,3,1125245.9531236307,1937151.0648009342,41.983911000941,-87.814746000002,"{""latitude"":""41.983911000941"",""longitude"":""-87.814746000002"",""human_address"":""{\""address\"": \""\"", \""city\"": \""\"", \""state\"": \""\"", \""zip\"": \""\""}""}"
SR26-00476169,311 INFORMATION ONLY CALL,311IOC,311 City Services,311 City Services,Completed,Phone Call,2026-03-17T09:16:49.000,2026-03-17T09:32:03.000,2111 W Lexington ST,Demo City,Illinois,60612,2111,W,Lexington,ST,,,28,28,7,K024,2,12,1225,46,9,3,3,1162234.4668753312,1896560.9616219066,41.87183400094,-87.679845000002,"{""latitude"":""41.87183400094"",""longitude"":""-87.679845000002"",""human_address"":""{\""address\"": \""\"", \""city\"": \""\"", \""state\"": \""\"", \""zip\"": \""\""}""}"
SR26-00476168,Sewer Cleaning Inspection Request,CHECKFOR,Alderman,DWM - Department of Water Management,Open,Phone Call,2026-03-17T09:16:39.000,2026-03-17T09:34:44.000,6311 W TOUHY AVE,Demo City,Illinois,60646,6311,W,TOUHY,AVE,,,12,45,1,A005,2,16,1621,39,9,3,3,1133291.4153799468,1947338.9762545954,42.011730000941,-87.784915500002,"{""latitude"":""42.011730000941"",""longitude"":""-87.784915500002"",""human_address"":""{\""address\"": \""\"", \""city\"": \""\"", \""state\"": \""\"", \""zip\"": \""\""}""}"
SR26-00476166,311 INFORMATION ONLY CALL,311IOC,311 City Services,311 City Services,Completed,Phone Call,2026-03-17T09:16:28.000,2026-03-17T09:33:07.000,2111 W Lexington ST,Demo City,Illinois,60612,2111,W,Lexington,ST,,,28,28,7,K024,2,12,1225,46,9,3,3,1162234.4668753312,1896560.9616219066,41.87183400094,-87.679845000002,"{""latitude"":""41.87183400094"",""longitude"":""-87.679845000002"",""human_address"":""{\""address\"": \""\"", \""city\"": \""\"", \""state\"": \""\"", \""zip\"": \""\""}""}"
SR26-00476165,Snow – Uncleared Sidewalk Complaint,SWSNOREM,,CDOT - Department of Transportation,Open,Internet,2026-03-17T09:16:26.000,2026-03-17T10:00:07.000,2753 N WHIPPLE ST,Demo City,Illinois,60647,2753,N,WHIPPLE,ST,,,22,1,4,I016,1,14,1411,17,9,3,3,1155609.8603281903,1918403.9704853233,41.931909000941,-87.703578000002,"{""latitude"":""41.931909000941"",""longitude"":""-87.703578000002"",""human_address"":""{\""address\"": \""\"", \""city\"": \""\"", \""state\"": \""\"", \""zip\"": \""\""}""}"
SR26-00476164,No Water Complaint,WBJ,311 City Services,DWM - Department of Water Management,Open,Phone Call,2026-03-17T09:16:16.000,2026-03-17T09:16:19.000,3118 W MOFFAT ST,Demo City,Illinois,60647,3118,W,MOFFAT,ST,,,22,26,5,I018,2,14,1421,17,9,3,3,1154990.3428078115,1912197.3511168899,41.914890000941,-87.706021500002,"{""latitude"":""41.914890000941"",""longitude"":""-87.706021500002"",""human_address"":""{\""address\"": \""\"", \""city\"": \""\"", \""state\"": \""\"", \""zip\"": \""\""}""}"
SR26-00476162,Aircraft Noise Complaint,AVN,,Aviation,Completed,Internet,2026-03-17T09:16:08.000,2026-03-17T09:33:07.000,10510 W ZEMKE RD,Demo City,Illinois,60666,10510,W,ZEMKE,RD,,,76,41,,,5,16,1654,27,9,3,3,1105376.7673561182,1941043.7883293368,41.994900000941,-87.887749500002,"{""latitude"":""41.994900000941"",""longitude"":""-87.887749500002"",""human_address"":""{\""address\"": \""\"", \""city\"": \""\"", \""state\"": \""\"", \""zip\"": \""\""}""}"
SR26-00476163,Traffic Signal Out Complaint,SFB,311 City Services,CDOT - Department of Transportation,Completed,Phone Call,2026-03-17T09:16:08.000,2026-03-17T09:17:57.000,8300 S STONY ISLAND AVE,Demo City,Illinois,60617,8300,S,STONY ISLAND,AVE,,,45,8,15,T042,1,04,0412,37,9,3,3,1188149.2665593498,1850209.245105838,41.74406100094,-87.586182000002,"{""latitude"":""41.74406100094"",""longitude"":""-87.586182000002"",""human_address"":""{\""address\"": \""\"", \""city\"": \""\"", \""state\"": \""\"", \""zip\"": \""\""}""}"
SR26-00476161,311 INFORMATION ONLY CALL,311IOC,311 City Services,311 City Services,Completed,Phone Call,2026-03-17T09:15:43.000,2026-03-17T09:33:07.000,2111 W Lexington ST,Demo City,Illinois,60612,2111,W,Lexington,ST,,,28,28,7,K024,2,12,1225,46,9,3,3,1162234.4668753312,1896560.9616219066,41.87183400094,-87.679845000002,"{""latitude"":""41.87183400094"",""longitude"":""-87.679845000002"",""human_address"":""{\""address\"": \""\"", \""city\"": \""\"", \""state\"": \""\"", \""zip\"": \""\""}""}"
SR26-00476160,Sewer Cleaning Inspection Request,CHECKFOR,Alderman,DWM - Department of Water Management,Open,Phone Call,2026-03-17T09:15:42.000,2026-03-17T09:33:59.000,3042 N ALBANY AVE,Demo City,Illinois,,3042,N,ALBANY,AVE,,,21,35,4,I015,1,14,1411,26,9,3,3,1155188.416475715,1920262.7146213555,41.937018018211,-87.705076694651,"{""latitude"":""41.937018018211"",""longitude"":""-87.705076694651"",""human_address"":""{\""address\"": \""\"", \""city\"": \""\"", \""state\"": \""\"", \""zip\"": \""\""}""}"
SR26-00476159,311 INFORMATION ONLY CALL,311IOC,311 City Services,311 City Services,Completed,Phone Call,2026-03-17T09:15:30.000,2026-03-17T09:33:07.000,2111 W Lexington ST,Demo City,Illinois,60612,2111,W,Lexington,ST,,,28,28,7,K024,2,12,1225,46,9,3,3,1162234.4668753312,1896560.9616219066,41.87183400094,-87.679845000002,"{""latitude"":""41.87183400094"",""longitude"":""-87.679845000002"",""human_address"":""{\""address\"": \""\"", \""city\"": \""\"", \""state\"": \""\"", \""zip\"": \""\""}""}"
SR26-00476157,Ice and Snow Removal Request,SDO,,Streets and Sanitation,Completed,Mobile Device,2026-03-17T09:15:10.000,2026-03-17T09:18:03.000,1900 N CLARK ST,,,,1900,N,CLARK,ST,,,7,43,5,P018,1,18,1814,15,9,3,3,1174203.0714895136,1913024.7101691018,41.916753000941,-87.635412000002,"{""latitude"":""41.916753000941"",""longitude"":""-87.635412000002"",""human_address"":""{\""address\"": \""\"", \""city\"": \""\"", \""state\"": \""\"", \""zip\"": \""\""}""}"
SR26-00476155,311 INFORMATION ONLY CALL,311IOC,311 City Services,311 City Services,Completed,Phone Call,2026-03-17T09:15:03.000,2026-03-17T09:33:07.000,2111 W Lexington ST,Demo City,Illinois,60612,2111,W,Lexington,ST,,,71,18,13,M042,1,06,0614,13,9,3,3,1167254.7830873027,1848659.64152784,41.74028100094,-87.662785500002,"{""latitude"":""41.74028100094"",""longitude"":""-87.662785500002"",""human_address"":""{\""address\"": \""\"", \""city\"": \""\"", \""state\"": \""\"", \""zip\"": \""\""}""}"
SR26-00476154,311 INFORMATION ONLY CALL,311IOC,311 City Services,311 City Services,Completed,Phone Call,2026-03-17T09:14:53.000,2026-03-17T09:32:03.000,2111 W Lexington ST,Demo City,Illinois,60612,2111,W,Lexington,ST,,,28,28,7,K024,2,12,1225,46,9,3,3,1162234.4668753312,1896560.9616219066,41.87183400094,-87.679845000002,"{""latitude"":""41.87183400094"",""longitude"":""-87.679845000002"",""human_address"":""{\""address\"": \""\"", \""city\"": \""\"", \""state\"": \""\"", \""zip\"": \""\""}""}"
SR26-00476153,311 INFORMATION ONLY CALL,311IOC,311 City Services,311 City Services,Completed,Phone Call,2026-03-17T09:14:41.000,2026-03-17T09:32:03.000,2111 W Lexington ST,Demo City,Illinois,60612,2111,W,Lexington,ST,,,28,28,7,K024,2,12,1225,46,9,3,3,1162234.4668753312,1896560.9616219066,41.87183400094,-87.679845000002,"{""latitude"":""41.87183400094"",""longitude"":""-87.679845000002"",""human_address"":""{\""address\"": \""\"", \""city\"": \""\"", \""state\"": \""\"", \""zip\"": \""\""}""}"
SR26-00476151,311 INFORMATION ONLY CALL,311IOC,311 City Services,311 City Services,Completed,Phone Call,2026-03-17T09:14:01.000,2026-03-17T09:32:03.000,2111 W Lexington ST,Demo City,Illinois,60612,2111,W,Lexington,ST,,,28,28,7,K024,2,12,1225,46,9,3,3,1162234.4668753312,1896560.9616219066,41.87183400094,-87.679845000002,"{""latitude"":""41.87183400094"",""longitude"":""-87.679845000002"",""human_address"":""{\""address\"": \""\"", \""city\"": \""\"", \""state\"": \""\"", \""zip\"": \""\""}""}"
SR26-00476150,Garbage Cart Maintenance,SIE,,Streets and Sanitation,Open,Internet,2026-03-17T09:13:50.000,2026-03-17T09:13:52.000,5331 W CULLOM AVE,Demo City,Illinois,60641,5331,W,CULLOM,AVE,,,15,38,3,C012,2,16,1624,1,9,3,3,1139900.0486787935,1927998.6970993532,41.958540000941,-87.761074500002,"{""latitude"":""41.958540000941"",""longitude"":""-87.761074500002"",""human_address"":""{\""address\"": \""\"", \""city\"": \""\"", \""state\"": \""\"", \""zip\"": \""\""}""}"
SR26-00476149,311 INFORMATION ONLY CALL,311IOC,311 City Services,311 City Services,Completed,Phone Call,2026-03-17T09:13:48.000,2026-03-17T09:33:07.000,2111 W Lexington ST,Demo City,Illinois,60612,2111,W,Lexington,ST,,,28,28,7,K024,2,12,1225,46,9,3,3,1162234.4668753312,1896560.9616219066,41.87183400094,-87.679845000002,"{""latitude"":""41.87183400094"",""longitude"":""-87.679845000002"",""human_address"":""{\""address\"": \""\"", \""city\"": \""\"", \""state\"": \""\"", \""zip\"": \""\""}""}"
SR26-00476148,Tree Debris Clean-Up Request,SEL,,Streets and Sanitation,Open,Mobile Device,2026-03-17T09:13:34.000,2026-03-17T09:13:36.000,4315 W CARROLL AVE,,,,4315,W,CARROLL,AVE,,,26,28,6,F022,1,11,1114,23,9,3,3,1147419.539476952,1901848.0475198221,41.88663900094,-87.734101500002,"{""latitude"":""41.88663900094"",""longitude"":""-87.734101500002"",""human_address"":""{\""address\"": \""\"", \""city\"": \""\"", \""state\"": \""\"", \""zip\"": \""\""}""}"
SR26-00476147,311 INFORMATION ONLY CALL,311IOC,311 City Services,311 City Services,Completed,Phone Call,2026-03-17T09:13:32.000,2026-03-17T09:33:07.000,2111 W Lexington ST,Demo City,Illinois,60612,2111,W,Lexington,ST,,,28,28,7,K024,2,12,1225,46,9,3,3,1162234.4668753312,1896560.9616219066,41.87183400094,-87.679845000002,"{""latitude"":""41.87183400094"",""longitude"":""-87.679845000002"",""human_address"":""{\""address\"": \""\"", \""city\"": \""\"", \""state\"": \""\"", \""zip\"": \""\""}""}"
SR26-00476146,311 INFORMATION ONLY CALL,311IOC,311 City Services,311 City Services,Completed,Phone Call,2026-03-17T09:13:25.000,2026-03-17T09:33:07.000,2111 W Lexington ST,Demo City,Illinois,60612,2111,W,Lexington,ST,,,28,28,7,K024,2,12,1225,46,9,3,3,1162234.4668753312,1896560.9616219066,41.87183400094,-87.679845000002,"{""latitude"":""41.87183400094"",""longitude"":""-87.679845000002"",""human_address"":""{\""address\"": \""\"", \""city\"": \""\"", \""state\"": \""\"", \""zip\"": \""\""}""}"
SR26-00476145,Stray Animal Complaint,EAE,311 City Services,Animal Care and Control,Open,Phone Call,2026-03-17T09:13:21.000,2026-03-17T09:13:24.000,9642 S CALUMET AVE,Demo City,Illinois,60628,9642,S,CALUMET,AVE,,,49,9,14,Q045,1,05,0511,24,9,3,3,1180210.583286866,1840925.5940505299,41.71877100094,-87.615553500002,"{""latitude"":""41.71877100094"",""longitude"":""-87.615553500002"",""human_address"":""{\""address\"": \""\"", \""city\"": \""\"", \""state\"": \""\"", \""zip\"": \""\""}""}"
SR26-00476144,311 INFORMATION ONLY CALL,311IOC,311 City Services,311 City Services,Completed,Phone Call,2026-03-17T09:13:11.000,2026-03-17T09:32:26.000,2111 W Lexington ST,Demo City,Illinois,60612,2111,W,Lexington,ST,,,28,28,7,K024,2,12,1225,46,9,3,3,1162234.4668753312,1896560.9616219066,41.87183400094,-87.679845000002,"{""latitude"":""41.87183400094"",""longitude"":""-87.679845000002"",""human_address"":""{\""address\"": \""\"", \""city\"": \""\"", \""state\"": \""\"", \""zip\"": \""\""}""}"
SR26-00476142,Sign Repair Request - Stop Sign,PCB,CDOT - Department of Transportation,CDOT - Department of Transportation,Open,Phone Call,2026-03-17T09:13:03.000,2026-03-17T09:13:05.000,2301 W 18TH PL,Demo City,Illinois,60608,2301,W,18TH,PL,,,31,25,7,K026,3,12,1234,9,9,3,3,1161285.3684484132,1890948.632806345,41.85645300094,-87.683485500002,"{""latitude"":""41.85645300094"",""longitude"":""-87.683485500002"",""human_address"":""{\""address\"": \""\"", \""city\"": \""\"", \""state\"": \""\"", \""zip\"": \""\""}""}"
SR26-00476143,Aircraft Noise Complaint,AVN,,Aviation,Completed,Internet,2026-03-17T09:13:03.000,2026-03-17T09:33:07.000,10510 W ZEMKE RD,Demo City,Illinois,60666,10510,W,ZEMKE,RD,,,76,41,,,5,16,1654,27,9,3,3,1105376.7673561182,1941043.7883293368,41.994900000941,-87.887749500002,"{""latitude"":""41.994900000941"",""longitude"":""-87.887749500002"",""human_address"":""{\""address\"": \""\"", \""city\"": \""\"", \""state\"": \""\"", \""zip\"": \""\""}""}"
SR26-00476141,311 INFORMATION ONLY CALL,311IOC,311 City Services,311 City Services,Completed,Phone Call,2026-03-17T09:13:01.000,2026-03-17T09:32:47.000,2111 W Lexington ST,Demo City,Illinois,60612,2111,W,Lexington,ST,,,28,28,7,K024,2,12,1225,46,9,3,3,1162234.4668753312,1896560.9616219066,41.87183400094,-87.679845000002,"{""latitude"":""41.87183400094"",""longitude"":""-87.679845000002"",""human_address"":""{\""address\"": \""\"", \""city\"": \""\"", \""state\"": \""\"", \""zip\"": \""\""}""}"
SR26-00476140,311 INFORMATION ONLY CALL,311IOC,311 City Services,311 City Services,Completed,Phone Call,2026-03-17T09:12:51.000,2026-03-17T09:32:47.000,2111 W Lexington ST,Demo City,Illinois,60612,2111,W,Lexington,ST,,,28,28,7,K024,2,12,1225,46,9,3,3,1162234.4668753312,1896560.9616219066,41.87183400094,-87.679845000002,"{""latitude"":""41.87183400094"",""longitude"":""-87.679845000002"",""human_address"":""{\""address\"": \""\"", \""city\"": \""\"", \""state\"": \""\"", \""zip\"": \""\""}""}"
SR26-00476139,Traffic Signal Out Complaint,SFB,,CDOT - Department of Transportation,Open,Mobile Device,2026-03-17T09:12:43.000,2026-03-17T09:12:50.000,31 E ROOSEVELT RD,,,,31,E,ROOSEVELT,RD,,,33,34,7,Q025,3,01,0131,33,9,3,3,1176877.25155632,1895001.042503467,41.86723500094,-87.626133000002,"{""latitude"":""41.86723500094"",""longitude"":""-87.626133000002"",""human_address"":""{\""address\"": \""\"", \""city\"": \""\"", \""state\"": \""\"", \""zip\"": \""\""}""}"
SR26-00476138,311 INFORMATION ONLY CALL,311IOC,311 City Services,311 City Services,Completed,Phone Call,2026-03-17T09:12:09.000,2026-03-17T09:32:26.000,2111 W Lexington ST,Demo City,Illinois,60612,2111,W,Lexington,ST,,,28,28,7,K024,2,12,1225,46,9,3,3,1162234.4668753312,1896560.9616219066,41.87183400094,-87.679845000002,"{""latitude"":""41.87183400094"",""longitude"":""-87.679845000002"",""human_address"":""{\""address\"": \""\"", \""city\"": \""\"", \""state\"": \""\"", \""zip\"": \""\""}""}"
SR26-00476137,311 INFORMATION ONLY CALL,311IOC,311 City Services,311 City Services,Completed,Phone Call,2026-03-17T09:12:08.000,2026-03-17T09:32:47.000,2111 W Lexington ST,Demo City,Illinois,60612,2111,W,Lexington,ST,,,28,28,7,K024,2,12,1225,46,9,3,3,1162234.4668753312,1896560.9616219066,41.87183400094,-87.679845000002,"{""latitude"":""41.87183400094"",""longitude"":""-87.679845000002"",""human_address"":""{\""address\"": \""\"", \""city\"": \""\"", \""state\"": \""\"", \""zip\"": \""\""}""}"
SR26-00476133,311 INFORMATION ONLY CALL,311IOC,311 City Services,311 City Services,Completed,Phone Call,2026-03-17T09:11:25.000,2026-03-17T09:33:07.000,2111 W Lexington ST,Demo City,Illinois,60612,2111,W,Lexington,ST,,,28,28,7,K024,2,12,1225,46,9,3,3,1162234.4668753312,1896560.9616219066,41.87183400094,-87.679845000002,"{""latitude"":""41.87183400094"",""longitude"":""-87.679845000002"",""human_address"":""{\""address\"": \""\"", \""city\"": \""\"", \""state\"": \""\"", \""zip\"": \""\""}""}"
SR26-00476130,311 INFORMATION ONLY CALL,311IOC,311 City Services,311 City Services,Completed,Phone Call,2026-03-17T09:11:17.000,2026-03-17T09:33:07.000,2111 W Lexington ST,Demo City,Illinois,60612,2111,W,Lexington,ST,,,28,28,7,K024,2,12,1225,46,9,3,3,1162234.4668753312,1896560.9616219066,41.87183400094,-87.679845000002,"{""latitude"":""41.87183400094"",""longitude"":""-87.679845000002"",""human_address"":""{\""address\"": \""\"", \""city\"": \""\"", \""state\"": \""\"", \""zip\"": \""\""}""}"
SR26-00476128,311 INFORMATION ONLY CALL,311IOC,311 City Services,311 City Services,Completed,Phone Call,2026-03-17T09:10:46.000,2026-03-17T09:33:07.000,2111 W Lexington ST,Demo City,Illinois,60612,2111,W,Lexington,ST,,,28,28,7,K024,2,12,1225,46,9,3,3,1162234.4668753312,1896560.9616219066,41.87183400094,-87.679845000002,"{""latitude"":""41.87183400094"",""longitude"":""-87.679845000002"",""human_address"":""{\""address\"": \""\"", \""city\"": \""\"", \""state\"": \""\"", \""zip\"": \""\""}""}"
SR26-00476127,Aircraft Noise Complaint,AVN,,Aviation,Completed,Internet,2026-03-17T09:10:38.000,2026-03-17T09:33:07.000,10510 W ZEMKE RD,Demo City,Illinois,60666,10510,W,ZEMKE,RD,,,76,41,,,5,16,1654,27,9,3,3,1105376.7673561182,1941043.7883293368,41.994900000941,-87.887749500002,"{""latitude"":""41.994900000941"",""longitude"":""-87.887749500002"",""human_address"":""{\""address\"": \""\"", \""city\"": \""\"", \""state\"": \""\"", \""zip\"": \""\""}""}"
SR26-00476125,311 INFORMATION ONLY CALL,311IOC,311 City Services,311 City Services,Completed,Phone Call,2026-03-17T09:10:36.000,2026-03-17T09:33:07.000,2111 W Lexington ST,Demo City,Illinois,60612,2111,W,Lexington,ST,,,28,28,7,K024,2,12,1225,46,9,3,3,1162234.4668753312,1896560.9616219066,41.87183400094,-87.679845000002,"{""latitude"":""41.87183400094"",""longitude"":""-87.679845000002"",""human_address"":""{\""address\"": \""\"", \""city\"": \""\"", \""state\"": \""\"", \""zip\"": \""\""}""}"
SR26-00476124,311 INFORMATION ONLY CALL,311IOC,311 City Services,311 City Services,Completed,Phone Call,2026-03-17T09:10:32.000,2026-03-17T09:32:26.000,2111 W Lexington ST,Demo City,Illinois,60612,2111,W,Lexington,ST,,,28,28,7,K024,2,12,1225,46,9,3,3,1162234.4668753312,1896560.9616219066,41.87183400094,-87.679845000002,"{""latitude"":""41.87183400094"",""longitude"":""-87.679845000002"",""human_address"":""{\""address\"": \""\"", \""city\"": \""\"", \""state\"": \""\"", \""zip\"": \""\""}""}"
SR26-00476122,Sewer Cleaning Inspection Request,CHECKFOR,311 City Services,DWM - Department of Water Management,Open,Phone Call,2026-03-17T09:10:25.000,2026-03-17T09:53:05.000,3405 S MICHIGAN AVE,Demo City,Illinois,60616,3405,S,MICHIGAN,AVE,,,35,3,9,Q029,1,02,0211,41,9,3,3,1177876.2669908756,1882408.2998942893,41.83265700094,-87.622848000002,"{""latitude"":""41.83265700094"",""longitude"":""-87.622848000002"",""human_address"":""{\""address\"": \""\"", \""city\"": \""\"", \""state\"": \""\"", \""zip\"": \""\""}""}"
SR26-00476121,311 INFORMATION ONLY CALL,311IOC,311 City Services,311 City Services,Completed,Phone Call,2026-03-17T09:10:12.000,2026-03-17T09:32:26.000,2111 W Lexington ST,Demo City,Illinois,60612,2111,W,Lexington,ST,,,28,28,7,K024,2,12,1225,46,9,3,3,1162234.4668753312,1896560.9616219066,41.87183400094,-87.679845000002,"{""latitude"":""41.87183400094"",""longitude"":""-87.679845000002"",""human_address"":""{\""address\"": \""\"", \""city\"": \""\"", \""state\"": \""\"", \""zip\"": \""\""}""}"
SR26-00476120,Graffiti Removal Request,GRAF,,Streets and Sanitation,Completed,Internet,2026-03-17T09:09:58.000,2026-03-17T10:06:08.000,3625 W ADDISON ST,Demo City,Illinois,60618,3625,W,ADDISON,ST,,,21,30,3,G014,3,17,1732,32,9,3,3,1151637.086219091,1923576.8722911587,41.946183000941,-87.718041000002,"{""latitude"":""41.946183000941"",""longitude"":""-87.718041000002"",""human_address"":""{\""address\"": \""\"", \""city\"": \""\"", \""state\"": \""\"", \""zip\"": \""\""}""}"
SR26-00476119,311 INFORMATION ONLY CALL,311IOC,311 City Services,311 City Services,Completed,Phone Call,2026-03-17T09:09:42.000,2026-03-17T09:33:07.000,2111 W Lexington ST,Demo City,Illinois,60612,2111,W,Lexington,ST,,,28,28,7,K024,2,12,1225,46,9,3,3,1162234.4668753312,1896560.9616219066,41.87183400094,-87.679845000002,"{""latitude"":""41.87183400094"",""longitude"":""-87.679845000002"",""human_address"":""{\""address\"": \""\"", \""city\"": \""\"", \""state\"": \""\"", \""zip\"": \""\""}""}"
SR26-00476116,Street Light On During Day Complaint,SFN,,CDOT - Department of Transportation,Completed,Mobile Device,2026-03-17T09:09:06.000,2026-03-17T11:04:24.000,5452 N CENTRAL AVE,,,,5452,N,CENTRAL,AVE,,,11,45,1,B009,2,16,1622,38,9,3,3,1137791.3497060311,1936128.394516771,41.980887000941,-87.768630000002,"{""latitude"":""41.980887000941"",""longitude"":""-87.768630000002"",""human_address"":""{\""address\"": \""\"", \""city\"": \""\"", \""state\"": \""\"", \""zip\"": \""\""}""}"
SR26-00476115,311 INFORMATION ONLY CALL,311IOC,311 City Services,311 City Services,Completed,Phone Call,2026-03-17T09:08:58.000,2026-03-17T09:32:47.000,2111 W Lexington ST,Demo City,Illinois,60612,2111,W,Lexington,ST,,,28,28,7,K024,2,12,1225,46,9,3,3,1162234.4668753312,1896560.9616219066,41.87183400094,-87.679845000002,"{""latitude"":""41.87183400094"",""longitude"":""-87.679845000002"",""human_address"":""{\""address\"": \""\"", \""city\"": \""\"", \""state\"": \""\"", \""zip\"": \""\""}""}"
SR26-00476113,311 INFORMATION ONLY CALL,311IOC,311 City Services,311 City Services,Completed,Phone Call,2026-03-17T09:08:50.000,2026-03-17T09:33:07.000,2111 W Lexington ST,Demo City,Illinois,60612,2111,W,Lexington,ST,,,28,28,7,K024,2,12,1225,46,9,3,3,1162234.4668753312,1896560.9616219066,41.87183400094,-87.679845000002,"{""latitude"":""41.87183400094"",""longitude"":""-87.679845000002"",""human_address"":""{\""address\"": \""\"", \""city\"": \""\"", \""state\"": \""\"", \""zip\"": \""\""}""}"
SR26-00476112,Water On Street Complaint,AAE,,DWM - Department of Water Management,Open,Internet,2026-03-17T09:08:41.000,2026-03-17T09:32:22.000,2541 N WAYNE AVE,Demo City,Illinois,60614,2541,N,WAYNE,AVE,,,7,32,4,M016,3,19,1932,24,9,3,3,1166950.1689636654,1917174.8161524807,41.928300000941,-87.661939500002,"{""latitude"":""41.928300000941"",""longitude"":""-87.661939500002"",""human_address"":""{\""address\"": \""\"", \""city\"": \""\"", \""state\"": \""\"", \""zip\"": \""\""}""}"
SR26-00476111,311 INFORMATION ONLY CALL,311IOC,311 City Services,311 City Services,Completed,Phone Call,2026-03-17T09:08:32.000,2026-03-17T09:32:03.000,2111 W Lexington ST,Demo City,Illinois,60612,2111,W,Lexington,ST,,,28,28,7,K024,2,12,1225,46,9,3,3,1162234.4668753312,1896560.9616219066,41.87183400094,-87.679845000002,"{""latitude"":""41.87183400094"",""longitude"":""-87.679845000002"",""human_address"":""{\""address\"": \""\"", \""city\"": \""\"", \""state\"": \""\"", \""zip\"": \""\""}""}"
SR26-00476110,311 INFORMATION ONLY CALL,311IOC,311 City Services,311 City Services,Completed,Phone Call,2026-03-17T09:08:13.000,2026-03-17T09:33:07.000,2111 W Lexington ST,Demo City,Illinois,60612,2111,W,Lexington,ST,,,28,28,7,K024,2,12,1225,46,9,3,3,1162234.4668753312,1896560.9616219066,41.87183400094,-87.679845000002,"{""latitude"":""41.87183400094"",""longitude"":""-87.679845000002"",""human_address"":""{\""address\"": \""\"", \""city\"": \""\"", \""state\"": \""\"", \""zip\"": \""\""}""}"
SR26-00476108,Building Violation,BBA,311 City Services,DOB - Buildings,Completed,Phone Call,2026-03-17T09:07:38.000,2026-03-17T10:31:08.000,7222 S YATES AVE,Demo City,Illinois,60649,7222,S,YATES,AVE,,,43,7,12,V039,3,03,0334,5,9,3,3,1193380.8962266368,1857411.7476836443,41.76369900094,-87.566778000002,"{""latitude"":""41.76369900094"",""longitude"":""-87.566778000002"",""human_address"":""{\""address\"": \""\"", \""city\"": \""\"", \""state\"": \""\"", \""zip\"": \""\""}""}"
SR26-00476107,311 INFORMATION ONLY CALL,311IOC,311 City Services,311 City Services,Completed,Phone Call,2026-03-17T09:07:32.000,2026-03-17T09:33:07.000,2111 W Lexington ST,Demo City,Illinois,60612,2111,W,Lexington,ST,,,28,28,7,K024,2,12,1225,46,9,3,3,1162234.4668753312,1896560.9616219066,41.87183400094,-87.679845000002,"{""latitude"":""41.87183400094"",""longitude"":""-87.679845000002"",""human_address"":""{\""address\"": \""\"", \""city\"": \""\"", \""state\"": \""\"", \""zip\"": \""\""}""}"
SR26-00476106,311 INFORMATION ONLY CALL,311IOC,311 City Services,311 City Services,Completed,Phone Call,2026-03-17T09:07:26.000,2026-03-17T09:33:07.000,2111 W Lexington ST,Demo City,Illinois,60612,2111,W,Lexington,ST,,,28,28,7,K024,2,12,1225,46,9,3,3,1162234.4668753312,1896560.9616219066,41.87183400094,-87.679845000002,"{""latitude"":""41.87183400094"",""longitude"":""-87.679845000002"",""human_address"":""{\""address\"": \""\"", \""city\"": \""\"", \""state\"": \""\"", \""zip\"": \""\""}""}"
SR26-00476105,311 INFORMATION ONLY CALL,311IOC,311 City Services,311 City Services,Completed,Phone Call,2026-03-17T09:07:24.000,2026-03-17T09:32:47.000,2111 W Lexington ST,Demo City,Illinois,60612,2111,W,Lexington,ST,,,28,28,7,K024,2,12,1225,46,9,3,3,1162234.4668753312,1896560.9616219066,41.87183400094,-87.679845000002,"{""latitude"":""41.87183400094"",""longitude"":""-87.679845000002"",""human_address"":""{\""address\"": \""\"", \""city\"": \""\"", \""state\"": \""\"", \""zip\"": \""\""}""}"
SR26-00476104,Aircraft Noise Complaint,AVN,,Aviation,Completed,Internet,2026-03-17T09:07:06.000,2026-03-17T09:33:07.000,10510 W ZEMKE RD,Demo City,Illinois,60666,10510,W,ZEMKE,RD,,,76,41,,,5,16,1654,27,9,3,3,1105376.7673561182,1941043.7883293368,41.994900000941,-87.887749500002,"{""latitude"":""41.994900000941"",""longitude"":""-87.887749500002"",""human_address"":""{\""address\"": \""\"", \""city\"": \""\"", \""state\"": \""\"", \""zip\"": \""\""}""}"
SR26-00476103,Porch Inspection Request,BPI,311 City Services,DOB - Buildings,Completed,Phone Call,2026-03-17T09:07:00.000,2026-03-17T10:31:26.000,7222 S YATES AVE,Demo City,Illinois,60649,7222,S,YATES,AVE,,,43,7,12,V039,3,03,0334,5,9,3,3,1193380.8962266368,1857411.7476836443,41.76369900094,-87.566778000002,"{""latitude"":""41.76369900094"",""longitude"":""-87.566778000002"",""human_address"":""{\""address\"": \""\"", \""city\"": \""\"", \""state\"": \""\"", \""zip\"": \""\""}""}"
SR26-00476102,Cab Feedback,CSC,311 City Services,BACP - Business Affairs and Consumer Protection,Open,Phone Call,2026-03-17T09:06:49.000,2026-03-17T09:06:50.000,568 W WASHINGTON BLVD,Demo City,Illinois,,568,W,WASHINGTON,BLVD,,,28,34,7,O022,2,01,0121,41,9,3,3,1172316.4881906332,1900774.6158023595,41.883179964839,-87.642705524273,"{""latitude"":""41.883179964839"",""longitude"":""-87.642705524273"",""human_address"":""{\""address\"": \""\"", \""city\"": \""\"", \""state\"": \""\"", \""zip\"": \""\""}""}"
SR26-00476101,Pothole in Street Complaint,PHF,311 City Services,CDOT - Department of Transportation,Open,Phone Call,2026-03-17T09:06:46.000,2026-03-17T09:50:27.000,1122 N CENTRAL AVE,Demo City,Illinois,60651,1122,N,CENTRAL,AVE,1,,25,29,6,B020,1,15,1511,27,9,3,3,1138725.3676198488,1907043.0876851655,41.901057000941,-87.765903000002,"{""latitude"":""41.901057000941"",""longitude"":""-87.765903000002"",""human_address"":""{\""address\"": \""\"", \""city\"": \""\"", \""state\"": \""\"", \""zip\"": \""\""}""}"
SR26-00476100,Graffiti Removal Request,GRAF,,Streets and Sanitation,Open,Internet,2026-03-17T09:06:42.000,2026-03-17T09:06:44.000,2010 N MOBILE AVE,Demo City,Illinois,60639,2010,N,MOBILE,AVE,,,19,29,3,A017,1,25,2512,15,9,3,3,1134067.0479964162,1912820.7577954363,41.916994928214,-87.782877498558,"{""latitude"":""41.916994928214"",""longitude"":""-87.782877498558"",""human_address"":""{\""address\"": \""\"", \""city\"": \""\"", \""state\"": \""\"", \""zip\"": \""\""}""}"
SR26-00476099,311 INFORMATION ONLY CALL,311IOC,311 City Services,311 City Services,Completed,Phone Call,2026-03-17T09:06:39.000,2026-03-17T09:32:03.000,2111 W Lexington ST,Demo City,Illinois,60612,2111,W,Lexington,ST,,,28,28,7,K024,2,12,1225,46,9,3,3,1162234.4668753312,1896560.9616219066,41.87183400094,-87.679845000002,"{""latitude"":""41.87183400094"",""longitude"":""-87.679845000002"",""human_address"":""{\""address\"": \""\"", \""city\"": \""\"", \""state\"": \""\"", \""zip\"": \""\""}""}"
SR26-00476098,Snow – Uncleared Sidewalk Complaint,SWSNOREM,311 City Services,CDOT - Department of Transportation,Open,Phone Call,2026-03-17T09:06:34.000,2026-03-17T09:06:35.000,3221 W AINSLIE ST,Demo City,Illinois,60625,3221,W,AINSLIE,ST,,,14,33,2,H010,1,17,1713,2,9,3,3,1153915.246562937,1932349.2146622923,41.970209705242,-87.709432425834,"{""latitude"":""41.970209705242"",""longitude"":""-87.709432425834"",""human_address"":""{\""address\"": \""\"", \""city\"": \""\"", \""state\"": \""\"", \""zip\"": \""\""}""}"
SR26-00476097,Stray Animal Complaint,EAE,311 City Services,Animal Care and Control,Open,Phone Call,2026-03-17T09:06:23.000,2026-03-17T09:06:25.000,1433 W CORTEZ ST,Demo City,Illinois,60642,1433,W,CORTEZ,ST,,,24,1,5,M020,1,12,1213,5,9,3,3,1166504.1497878202,1907010.479111941,41.900418000941,-87.663870000002,"{""latitude"":""41.900418000941"",""longitude"":""-87.663870000002"",""human_address"":""{\""address\"": \""\"", \""city\"": \""\"", \""state\"": \""\"", \""zip\"": \""\""}""}"
SR26-00476096,Tree Removal Inspection,SEE,,Streets and Sanitation,Open,Mobile Device,2026-03-17T09:06:21.000,2026-03-17T10:00:06.000,6666 W CATALPA AVE,,,,6666,W,CATALPA,AVE,1,,10,41,1,Z109,1,16,1613,30,9,3,3,1130686.366452128,1936206.8176062128,41.981227762991,-87.794758441923,"{""latitude"":""41.981227762991"",""longitude"":""-87.794758441923"",""human_address"":""{\""address\"": \""\"", \""city\"": \""\"", \""state\"": \""\"", \""zip\"": \""\""}""}"
SR26-00476094,Vacant/Abandoned Building Complaint,BBK,,DOB - Buildings,Open,Internet,2026-03-17T09:06:15.000,2026-03-17T09:06:20.000,2428 N BERNARD ST,Demo City,Illinois,60647,2428,N,BERNARD,ST,,,22,35,4,H016,1,14,1413,2,9,3,3,1152884.8678111916,1916088.264388285,41.925609000941,-87.713653500002,"{""latitude"":""41.925609000941"",""longitude"":""-87.713653500002"",""human_address"":""{\""address\"": \""\"", \""city\"": \""\"", \""state\"": \""\"", \""zip\"": \""\""}""}"
SR26-00476093,311 INFORMATION ONLY CALL,311IOC,311 City Services,311 City Services,Completed,Phone Call,2026-03-17T09:06:11.000,2026-03-17T09:33:07.000,2111 W Lexington ST,Demo City,Illinois,60612,2111,W,Lexington,ST,,,28,28,7,K024,2,12,1225,46,9,3,3,1162234.4668753312,1896560.9616219066,41.87183400094,-87.679845000002,"{""latitude"":""41.87183400094"",""longitude"":""-87.679845000002"",""human_address"":""{\""address\"": \""\"", \""city\"": \""\"", \""state\"": \""\"", \""zip\"": \""\""}""}"
SR26-00476092,311 INFORMATION ONLY CALL,311IOC,311 City Services,311 City Services,Completed,Phone Call,2026-03-17T09:06:06.000,2026-03-17T09:32:47.000,2111 W Lexington ST,Demo City,Illinois,60612,2111,W,Lexington,ST,,,28,28,7,K024,2,12,1225,46,9,3,3,1162234.4668753312,1896560.9616219066,41.87183400094,-87.679845000002,"{""latitude"":""41.87183400094"",""longitude"":""-87.679845000002"",""human_address"":""{\""address\"": \""\"", \""city\"": \""\"", \""state\"": \""\"", \""zip\"": \""\""}""}"
SR26-00476091,311 INFORMATION ONLY CALL,311IOC,311 City Services,311 City Services,Completed,Phone Call,2026-03-17T09:05:58.000,2026-03-17T09:33:07.000,2111 W Lexington ST,Demo City,Illinois,60612,2111,W,Lexington,ST,,,28,28,7,K024,2,12,1225,46,9,3,3,1162234.4668753312,1896560.9616219066,41.87183400094,-87.679845000002,"{""latitude"":""41.87183400094"",""longitude"":""-87.679845000002"",""human_address"":""{\""address\"": \""\"", \""city\"": \""\"", \""state\"": \""\"", \""zip\"": \""\""}""}"
SR26-00476090,311 INFORMATION ONLY CALL,311IOC,311 City Services,311 City Services,Completed,Phone Call,2026-03-17T09:05:46.000,2026-03-17T09:33:07.000,2111 W Lexington ST,Demo City,Illinois,60612,2111,W,Lexington,ST,,,28,28,7,K024,2,12,1225,46,9,3,3,1162234.4668753312,1896560.9616219066,41.87183400094,-87.679845000002,"{""latitude"":""41.87183400094"",""longitude"":""-87.679845000002"",""human_address"":""{\""address\"": \""\"", \""city\"": \""\"", \""state\"": \""\"", \""zip\"": \""\""}""}"
SR26-00476089,Tree Debris Clean-Up Request,SEL,311 City Services,Streets and Sanitation,Open,Phone Call,2026-03-17T09:05:01.000,2026-03-17T09:05:03.000,742 E 92ND ST,Demo City,Illinois,60619,742,E,92ND,ST,,,44,8,14,R044,3,06,0633,15,9,3,3,1182994.261585762,1844161.442318321,41.727586416875,-87.605257690604,"{""latitude"":""41.727586416875"",""longitude"":""-87.605257690604"",""human_address"":""{\""address\"": \""\"", \""city\"": \""\"", \""state\"": \""\"", \""zip\"": \""\""}""}"
SR26-00476088,Sewer Cleaning Inspection Request,CHECKFOR,Streets and Sanitation,DWM - Department of Water Management,Open,Phone Call,2026-03-17T09:05:00.000,2026-03-17T09:14:40.000,554 N TRIPP AVE,Demo City,Illinois,60624,554,N,TRIPP,AVE,,,23,28,6,F021,1,11,1111,23,9,3,3,1147878.604087842,1903548.1808146648,41.891295546046,-87.73237195579,"{""latitude"":""41.891295546046"",""longitude"":""-87.73237195579"",""human_address"":""{\""address\"": \""\"", \""city\"": \""\"", \""state\"": \""\"", \""zip\"": \""\""}""}"
SR26-00476087,Building Violation,BBA,311 City Services,DOB - Buildings,Completed,Phone Call,2026-03-17T09:04:57.000,2026-03-17T10:31:43.000,7222 S YATES AVE,Demo City,Illinois,60649,7222,S,YATES,AVE,,,43,7,12,V039,3,03,0334,5,9,3,3,1193380.8962266368,1857411.7476836443,41.76369900094,-87.566778000002,"{""latitude"":""41.76369900094"",""longitude"":""-87.566778000002"",""human_address"":""{\""address\"": \""\"", \""city\"": \""\"", \""state\"": \""\"", \""zip\"": \""\""}""}"
SR26-00476086,311 INFORMATION ONLY CALL,311IOC,311 City Services,311 City Services,Completed,Phone Call,2026-03-17T09:04:32.000,2026-03-17T09:32:03.000,2111 W Lexington ST,Demo City,Illinois,60612,2111,W,Lexington,ST,,,28,28,7,K024,2,12,1225,46,9,3,3,1162234.4668753312,1896560.9616219066,41.87183400094,-87.679845000002,"{""latitude"":""41.87183400094"",""longitude"":""-87.679845000002"",""human_address"":""{\""address\"": \""\"", \""city\"": \""\"", \""state\"": \""\"", \""zip\"": \""\""}""}"
SR26-00476085,Street Light Out Complaint,SFD,Alderman,CDOT - Department of Transportation,Open,Phone Call,2026-03-17T09:04:26.000,2026-03-17T09:04:37.000,10051 S EBERHART AVE,Demo City,Illinois,60628,10051,S,EBERHART,AVE,,,49,9,14,R046,1,05,0511,14,9,3,3,1181424.821599705,1838246.3688873276,41.71139100094,-87.611188500002,"{""latitude"":""41.71139100094"",""longitude"":""-87.611188500002"",""human_address"":""{\""address\"": \""\"", \""city\"": \""\"", \""state\"": \""\"", \""zip\"": \""\""}""}"
SR26-00476084,Garbage Cart Maintenance,SIE,311 City Services,Streets and Sanitation,Open,Phone Call,2026-03-17T09:04:14.000,2026-03-17T09:04:16.000,8339 S KENWOOD AVE,Demo City,Illinois,60619,8339,S,KENWOOD,AVE,,,45,8,15,T042,1,04,0412,37,9,3,3,1186773.2682211162,1849836.564105098,41.74307100094,-87.591235500002,"{""latitude"":""41.74307100094"",""longitude"":""-87.591235500002"",""human_address"":""{\""address\"": \""\"", \""city\"": \""\"", \""state\"": \""\"", \""zip\"": \""\""}""}"
SR26-00476080,Garbage Cart Maintenance,SIE,311 City Services,Streets and Sanitation,Open,Phone Call,2026-03-17T09:03:22.000,2026-03-17T09:03:25.000,8001 S STEWART AVE,Demo City,Illinois,60620,8001,S,STEWART,AVE,,,44,6,12,P041,2,06,0623,39,9,3,3,1175094.3695088017,1851841.0603618084,41.74884000094,-87.633967500002,"{""latitude"":""41.74884000094"",""longitude"":""-87.633967500002"",""human_address"":""{\""address\"": \""\"", \""city\"": \""\"", \""state\"": \""\"", \""zip\"": \""\""}""}"
SR26-00476079,Aircraft Noise Complaint,AVN,,Aviation,Completed,Internet,2026-03-17T09:03:07.000,2026-03-17T09:32:47.000,10510 W ZEMKE RD,Demo City,Illinois,60666,10510,W,ZEMKE,RD,,,76,41,,,5,16,1654,27,9,3,3,1105376.7673561182,1941043.7883293368,41.994900000941,-87.887749500002,"{""latitude"":""41.994900000941"",""longitude"":""-87.887749500002"",""human_address"":""{\""address\"": \""\"", \""city\"": \""\"", \""state\"": \""\"", \""zip\"": \""\""}""}"
SR26-00476078,Sewer Cleaning Inspection Request,CHECKFOR,311 City Services,DWM - Department of Water Management,Open,Phone Call,2026-03-17T09:03:06.000,2026-03-17T09:22:10.000,1255 W 51ST ST,Demo City,Illinois,60609,1255,W,51ST,ST,,,61,20,11,M034,3,09,0934,21,9,3,3,1168599.3619025638,1870883.7752294762,41.80123800094,-87.657219000002,"{""latitude"":""41.80123800094"",""longitude"":""-87.657219000002"",""human_address"":""{\""address\"": \""\"", \""city\"": \""\"", \""state\"": \""\"", \""zip\"": \""\""}""}"
SR26-00476077,Sewer Cleaning Inspection Request,CHECKFOR,Streets and Sanitation,DWM - Department of Water Management,Open,Phone Call,2026-03-17T09:03:04.000,2026-03-17T09:17:20.000,555 N TRIPP AVE,Demo City,Illinois,60624,555,N,TRIPP,AVE,,,23,28,6,F021,1,11,1111,23,9,3,3,1148212.1495955694,1903450.8347951586,41.89102200094,-87.731149500002,"{""latitude"":""41.89102200094"",""longitude"":""-87.731149500002"",""human_address"":""{\""address\"": \""\"", \""city\"": \""\"", \""state\"": \""\"", \""zip\"": \""\""}""}"
SR26-00476076,Water On Street Complaint,AAE,Streets and Sanitation,DWM - Department of Water Management,Open,Salesforce Mobile App,2026-03-17T09:02:55.000,2026-03-17T09:31:40.000,2657 N AVERS,Demo City,Illinois,,2657,N,AVERS,,,,22,35,3,G016,2,25,2524,7,9,3,3,1150256.9017324701,1917689.0613041075,41.930053436725,-87.723268153452,"{""latitude"":""41.930053436725"",""longitude"":""-87.723268153452"",""human_address"":""{\""address\"": \""\"", \""city\"": \""\"", \""state\"": \""\"", \""zip\"": \""\""}""}"
SR26-00476075,Buildings - Plumbing Violation,BBC,311 City Services,DOB - Buildings,Open,Phone Call,2026-03-17T09:02:53.000,2026-03-17T09:02:56.000,7222 S YATES AVE,Demo City,Illinois,60649,7222,S,YATES,AVE,,,43,7,12,V039,3,03,0334,5,9,3,3,1193380.8962266368,1857411.7476836443,41.76369900094,-87.566778000002,"{""latitude"":""41.76369900094"",""longitude"":""-87.566778000002"",""human_address"":""{\""address\"": \""\"", \""city\"": \""\"", \""state\"": \""\"", \""zip\"": \""\""}""}"
SR26-00476074,Sign Repair Request - Stop Sign,PCB,,CDOT - Department of Transportation,Open,Mobile Device,2026-03-17T09:02:13.000,2026-03-17T09:02:15.000,2924 W MARQUETTE RD,,,,2924,W,MARQUETTE,RD,,,66,15,11,I037,3,08,0831,16,9,3,3,1157910.3603651153,1860152.9012527785,41.77201500094,-87.696711000002,"{""latitude"":""41.77201500094"",""longitude"":""-87.696711000002"",""human_address"":""{\""address\"": \""\"", \""city\"": \""\"", \""state\"": \""\"", \""zip\"": \""\""}""}"
SR26-00476071,311 INFORMATION ONLY CALL,311IOC,311 City Services,311 City Services,Completed,Phone Call,2026-03-17T09:01:39.000,2026-03-17T09:32:03.000,2111 W Lexington ST,Demo City,Illinois,60612,2111,W,Lexington,ST,,,28,28,7,K024,2,12,1225,46,9,3,3,1162234.4668753312,1896560.9616219066,41.87183400094,-87.679845000002,"{""latitude"":""41.87183400094"",""longitude"":""-87.679845000002"",""human_address"":""{\""address\"": \""\"", \""city\"": \""\"", \""state\"": \""\"", \""zip\"": \""\""}""}"
SR26-00476070,Water On Street Complaint,AAE,,DWM - Department of Water Management,Open,Internet,2026-03-17T09:01:26.000,2026-03-17T10:00:06.000,3216 N LAKEWOOD AVE,Demo City,Illinois,60657,3216,N,LAKEWOOD,AVE,,,6,44,4,M014,2,19,1924,9,9,3,3,1166975.692678219,1921576.5370563515,41.940378000941,-87.661719000002,"{""latitude"":""41.940378000941"",""longitude"":""-87.661719000002"",""human_address"":""{\""address\"": \""\"", \""city\"": \""\"", \""state\"": \""\"", \""zip\"": \""\""}""}"
SR26-00476069,311 INFORMATION ONLY CALL,311IOC,311 City Services,311 City Services,Completed,Phone Call,2026-03-17T09:01:25.000,2026-03-17T09:32:47.000,2111 W Lexington ST,Demo City,Illinois,60612,2111,W,Lexington,ST,,,28,28,7,K024,2,12,1225,46,9,3,3,1162234.4668753312,1896560.9616219066,41.87183400094,-87.679845000002,"{""latitude"":""41.87183400094"",""longitude"":""-87.679845000002"",""human_address"":""{\""address\"": \""\"", \""city\"": \""\"", \""state\"": \""\"", \""zip\"": \""\""}""}"
SR26-00476067,311 INFORMATION ONLY CALL,311IOC,311 City Services,311 City Services,Completed,Phone Call,2026-03-17T09:01:16.000,2026-03-17T09:32:47.000,2111 W Lexington ST,Demo City,Illinois,60612,2111,W,Lexington,ST,,,32,42,7,P023,2,01,0122,9,9,3,3,1173940.1857306326,1898932.5502607727,41.87808921004,-87.636798165341,"{""latitude"":""41.87808921004"",""longitude"":""-87.636798165341"",""human_address"":""{\""address\"": \""\"", \""city\"": \""\"", \""state\"": \""\"", \""zip\"": \""\""}""}"
SR26-00476066,Tree Debris Clean-Up Request,SEL,,Streets and Sanitation,Open,Mobile Device,2026-03-17T09:00:49.000,2026-03-17T09:00:53.000,1938 N OAK PARK AVE,,,,1938,N,OAK PARK,AVE,,,25,29,6,Y118,1,25,2513,1,9,3,3,1130688.7696267744,1912301.1911278504,41.915628000941,-87.795301500002,"{""latitude"":""41.915628000941"",""longitude"":""-87.795301500002"",""human_address"":""{\""address\"": \""\"", \""city\"": \""\"", \""state\"": \""\"", \""zip\"": \""\""}""}"
SR26-00476065,Pothole in Street Complaint,PHF,311 City Services,CDOT - Department of Transportation,Open,Phone Call,2026-03-17T09:00:39.000,2026-03-17T10:56:20.000,8300 S VINCENNES AVE,Demo City,Illinois,60620,8300,S,VINCENNES,AVE,1,,71,21,14,O042,2,06,0622,2,9,3,3,1174391.095324138,1849887.3526055957,41.743494435733,-87.63660251512,"{""latitude"":""41.743494435733"",""longitude"":""-87.63660251512"",""human_address"":""{\""address\"": \""\"", \""city\"": \""\"", \""state\"": \""\"", \""zip\"": \""\""}""}"
SR26-00476063,311 INFORMATION ONLY CALL,311IOC,311 City Services,311 City Services,Completed,Phone Call,2026-03-17T09:00:15.000,2026-03-17T09:33:07.000,2111 W Lexington ST,Demo City,Illinois,60612,2111,W,Lexington,ST,,,28,28,7,K024,2,12,1225,46,9,3,3,1162234.4668753312,1896560.9616219066,41.87183400094,-87.679845000002,"{""latitude"":""41.87183400094"",""longitude"":""-87.679845000002"",""human_address"":""{\""address\"": \""\"", \""city\"": \""\"", \""state\"": \""\"", \""zip\"": \""\""}""}"
SR26-00476062,Water On Street Complaint,AAE,311 City Services,DWM - Department of Water Management,Open,Phone Call,2026-03-17T09:00:06.000,2026-03-17T09:09:19.000,9600 S NORMAL AVE,Demo City,Illinois,60628,9600,S,NORMAL,AVE,,,73,9,14,O045,2,22,2223,27,9,3,3,1174572.77899082,1841187.559820199,41.71961700094,-87.636195000002,"{""latitude"":""41.71961700094"",""longitude"":""-87.636195000002"",""human_address"":""{\""address\"": \""\"", \""city\"": \""\"", \""state\"": \""\"", \""zip\"": \""\""}""}"
SR26-00476061,Water On Street Complaint,AAE,Streets and Sanitation,DWM - Department of Water Management,Open,Salesforce Mobile App,2026-03-17T08:59:49.000,2026-03-17T08:59:50.000,6000 W WABANSIA,Demo City,Illinois,60639,6000,W,WABANSIA,,1,,25,29,6,A018,1,25,2513,15,8,3,3,1136124.2008337684,1910702.959019253,41.91114695419,-87.775370015432,"{""latitude"":""41.91114695419"",""longitude"":""-87.775370015432"",""human_address"":""{\""address\"": \""\"", \""city\"": \""\"", \""state\"": \""\"", \""zip\"": \""\""}""}"
SR26-00476060,Sewer Cleaning Inspection Request,CHECKFOR,Streets and Sanitation,DWM - Department of Water Management,Open,Phone Call,2026-03-17T08:59:45.000,2026-03-17T09:30:01.000,3221 N LONG AVE,Demo City,Illinois,60641,3221,N,LONG,AVE,1,,15,30,3,C014,3,16,1634,9,8,3,3,1139818.5761311091,1920993.0553614215,41.939317337793,-87.761545851536,"{""latitude"":""41.939317337793"",""longitude"":""-87.761545851536"",""human_address"":""{\""address\"": \""\"", \""city\"": \""\"", \""state\"": \""\"", \""zip\"": \""\""}""}"
SR26-00476059,Aircraft Noise Complaint,AVN,,Aviation,Completed,Internet,2026-03-17T08:59:39.000,2026-03-17T09:33:07.000,10510 W ZEMKE RD,Demo City,Illinois,60666,10510,W,ZEMKE,RD,,,76,41,,,5,16,1654,27,8,3,3,1105376.7673561182,1941043.7883293368,41.994900000941,-87.887749500002,"{""latitude"":""41.994900000941"",""longitude"":""-87.887749500002"",""human_address"":""{\""address\"": \""\"", \""city\"": \""\"", \""state\"": \""\"", \""zip\"": \""\""}""}"
SR26-00476058,311 INFORMATION ONLY CALL,311IOC,311 City Services,311 City Services,Completed,Phone Call,2026-03-17T08:59:25.000,2026-03-17T09:33:07.000,2111 W Lexington ST,Demo City,Illinois,60612,2111,W,Lexington,ST,,,28,28,7,K024,2,12,1225,46,8,3,3,1162234.4668753312,1896560.9616219066,41.87183400094,-87.679845000002,"{""latitude"":""41.87183400094"",""longitude"":""-87.679845000002"",""human_address"":""{\""address\"": \""\"", \""city\"": \""\"", \""state\"": \""\"", \""zip\"": \""\""}""}"
SR26-00476056,311 INFORMATION ONLY CALL,311IOC,311 City Services,311 City Services,Completed,Phone Call,2026-03-17T08:58:57.000,2026-03-17T09:32:03.000,2111 W Lexington ST,Demo City,Illinois,60612,2111,W,Lexington,ST,,,28,28,7,K024,2,12,1225,46,8,3,3,1162234.4668753312,1896560.9616219066,41.87183400094,-87.679845000002,"{""latitude"":""41.87183400094"",""longitude"":""-87.679845000002"",""human_address"":""{\""address\"": \""\"", \""city\"": \""\"", \""state\"": \""\"", \""zip\"": \""\""}""}"
SR26-00476055,Fly Dumping Complaint,SDR,311 City Services,Streets and Sanitation,Open,Phone Call,2026-03-17T08:58:41.000,2026-03-17T08:58:43.000,1429 N LINDER AVE,Demo City,Illinois,60651,1429,N,LINDER,AVE,,,25,37,6,C019,3,25,2532,32,8,3,3,1139492.1674263307,1909088.1712866642,41.906655000941,-87.763036500002,"{""latitude"":""41.906655000941"",""longitude"":""-87.763036500002"",""human_address"":""{\""address\"": \""\"", \""city\"": \""\"", \""state\"": \""\"", \""zip\"": \""\""}""}"
SR26-00476053,311 INFORMATION ONLY CALL,311IOC,311 City Services,311 City Services,Completed,Phone Call,2026-03-17T08:58:37.000,2026-03-17T09:32:26.000,2111 W Lexington ST,Demo City,Illinois,60612,2111,W,Lexington,ST,,,28,28,7,K024,2,12,1225,46,8,3,3,1162234.4668753312,1896560.9616219066,41.87183400094,-87.679845000002,"{""latitude"":""41.87183400094"",""longitude"":""-87.679845000002"",""human_address"":""{\""address\"": \""\"", \""city\"": \""\"", \""state\"": \""\"", \""zip\"": \""\""}""}"
SR26-00476052,Sign Repair Request - All Other Signs,PCE,Alderman,CDOT - Department of Transportation,Open,Phone Call,2026-03-17T08:58:30.000,2026-03-17T08:58:47.000,3656 N HALSTED ST,Demo City,Illinois,60613,3656,N,HALSTED,ST,,,6,44,4,N013,2,19,1923,26,8,3,3,1170163.6433740198,1924691.3371296197,41.948856000941,-87.649911000002,"{""latitude"":""41.948856000941"",""longitude"":""-87.649911000002"",""human_address"":""{\""address\"": \""\"", \""city\"": \""\"", \""state\"": \""\"", \""zip\"": \""\""}""}"
SR26-00476051,Sewer Cleaning Inspection Request,CHECKFOR,Streets and Sanitation,DWM - Department of Water Management,Open,Phone Call,2026-03-17T08:58:23.000,2026-03-17T09:29:09.000,3236 N MAJOR AVE,Demo City,Illinois,60634,3236,N,MAJOR,AVE,,,15,30,3,B014,3,16,1633,17,8,3,3,1137776.244559722,1921114.6107660865,41.939688034256,-87.769049161511,"{""latitude"":""41.939688034256"",""longitude"":""-87.769049161511"",""human_address"":""{\""address\"": \""\"", \""city\"": \""\"", \""state\"": \""\"", \""zip\"": \""\""}""}"
SR26-00476050,Check for Leak,WM3,Alderman,DWM - Department of Water Management,Open,Phone Call,2026-03-17T08:58:00.000,2026-03-17T09:00:48.000,6346 N KEYSTONE AVE,Demo City,Illinois,60646,6346,N,KEYSTONE,AVE,,,12,39,1,F007,1,17,1711,26,8,3,3,1148140.883905699,1941977.9493589827,41.996745000941,-87.730416000002,"{""latitude"":""41.996745000941"",""longitude"":""-87.730416000002"",""human_address"":""{\""address\"": \""\"", \""city\"": \""\"", \""state\"": \""\"", \""zip\"": \""\""}""}"
SR26-00476048,Ice and Snow Removal Request,SDO,311 City Services,Streets and Sanitation,Open,Phone Call,2026-03-17T08:57:57.000,2026-03-17T08:57:59.000,4623 W GLADYS AVE,Demo City,Illinois,60644,4623,W,GLADYS,AVE,,,25,24,6,E023,3,11,1131,41,8,3,3,1145483.8642174231,1897929.085054182,41.875921773657,-87.74130914841,"{""latitude"":""41.875921773657"",""longitude"":""-87.74130914841"",""human_address"":""{\""address\"": \""\"", \""city\"": \""\"", \""state\"": \""\"", \""zip\"": \""\""}""}"
SR26-00476046,311 INFORMATION ONLY CALL,311IOC,311 City Services,311 City Services,Completed,Phone Call,2026-03-17T08:57:32.000,2026-03-17T09:32:47.000,2111 W Lexington ST,Demo City,Illinois,60612,2111,W,Lexington,ST,,,28,28,7,K024,2,12,1225,46,8,3,3,1162234.4668753312,1896560.9616219066,41.87183400094,-87.679845000002,"{""latitude"":""41.87183400094"",""longitude"":""-87.679845000002"",""human_address"":""{\""address\"": \""\"", \""city\"": \""\"", \""state\"": \""\"", \""zip\"": \""\""}""}"
SR26-00476045,311 INFORMATION ONLY CALL,311IOC,311 City Services,311 City Services,Completed,Phone Call,2026-03-17T08:57:29.000,2026-03-17T09:32:47.000,2111 W Lexington ST,Demo City,Illinois,60612,2111,W,Lexington,ST,,,28,28,7,K024,2,12,1225,46,8,3,3,1162234.4668753312,1896560.9616219066,41.87183400094,-87.679845000002,"{""latitude"":""41.87183400094"",""longitude"":""-87.679845000002"",""human_address"":""{\""address\"": \""\"", \""city\"": \""\"", \""state\"": \""\"", \""zip\"": \""\""}""}"
SR26-00476041,Tree Debris Clean-Up Request,SEL,Streets and Sanitation,Streets and Sanitation,Open,Phone Call,2026-03-17T08:57:03.000,2026-03-17T08:57:05.000,2832 N MAJOR AVE,Demo City,Illinois,60634,2832,N,MAJOR,AVE,,,19,30,3,B015,1,25,2514,12,8,3,3,1137801.58748361,1918407.8730602649,41.932260000941,-87.769021500002,"{""latitude"":""41.932260000941"",""longitude"":""-87.769021500002"",""human_address"":""{\""address\"": \""\"", \""city\"": \""\"", \""state\"": \""\"", \""zip\"": \""\""}""}"
SR26-00476042,311 INFORMATION ONLY CALL,311IOC,311 City Services,311 City Services,Completed,Phone Call,2026-03-17T08:57:03.000,2026-03-17T09:32:03.000,2111 W Lexington ST,Demo City,Illinois,60612,2111,W,Lexington,ST,,,28,28,7,K024,2,12,1225,46,8,3,3,1162234.4668753312,1896560.9616219066,41.87183400094,-87.679845000002,"{""latitude"":""41.87183400094"",""longitude"":""-87.679845000002"",""human_address"":""{\""address\"": \""\"", \""city\"": \""\"", \""state\"": \""\"", \""zip\"": \""\""}""}"
SR26-00476040,Aircraft Noise Complaint,AVN,,Aviation,Completed,Internet,2026-03-17T08:56:52.000,2026-03-17T09:33:07.000,10510 W ZEMKE RD,Demo City,Illinois,60666,10510,W,ZEMKE,RD,,,76,41,,,5,16,1654,27,8,3,3,1105376.7673561182,1941043.7883293368,41.994900000941,-87.887749500002,"{""latitude"":""41.994900000941"",""longitude"":""-87.887749500002"",""human_address"":""{\""address\"": \""\"", \""city\"": \""\"", \""state\"": \""\"", \""zip\"": \""\""}""}"
SR26-00476039,Pothole in Street Complaint,PHF,,CDOT - Department of Transportation,Open,Mobile Device,2026-03-17T08:56:40.000,2026-03-17T08:56:43.000,3801 W OGDEN AVE,,,,3801,W,OGDEN,AVE,,,29,24,6,G026,1,10,1014,3,8,3,3,1151365.8075031165,1889496.8214254319,41.85266929939,-87.719933791058,"{""latitude"":""41.85266929939"",""longitude"":""-87.719933791058"",""human_address"":""{\""address\"": \""\"", \""city\"": \""\"", \""state\"": \""\"", \""zip\"": \""\""}""}"
SR26-00476038,311 INFORMATION ONLY CALL,311IOC,311 City Services,311 City Services,Completed,Phone Call,2026-03-17T08:56:39.000,2026-03-17T09:33:07.000,2111 W Lexington ST,Demo City,Illinois,60612,2111,W,Lexington,ST,,,28,28,7,K024,2,12,1225,46,8,3,3,1162234.4668753312,1896560.9616219066,41.87183400094,-87.679845000002,"{""latitude"":""41.87183400094"",""longitude"":""-87.679845000002"",""human_address"":""{\""address\"": \""\"", \""city\"": \""\"", \""state\"": \""\"", \""zip\"": \""\""}""}"
SR26-00476037,Tree Debris Clean-Up Request,SEL,311 City Services,Streets and Sanitation,Open,Phone Call,2026-03-17T08:56:33.000,2026-03-17T08:56:36.000,1429 N LINDER AVE,Demo City,Illinois,60651,1429,N,LINDER,AVE,,,25,37,6,C019,3,25,2532,32,8,3,3,1139492.1674263307,1909088.1712866642,41.906655000941,-87.763036500002,"{""latitude"":""41.906655000941"",""longitude"":""-87.763036500002"",""human_address"":""{\""address\"": \""\"", \""city\"": \""\"", \""state\"": \""\"", \""zip\"": \""\""}""}"
SR26-00476036,311 INFORMATION ONLY CALL,311IOC,311 City Services,311 City Services,Completed,Phone Call,2026-03-17T08:56:13.000,2026-03-17T09:33:07.000,2111 W Lexington ST,Demo City,Illinois,60612,2111,W,Lexington,ST,,,28,28,7,K024,2,12,1225,46,8,3,3,1162234.4668753312,1896560.9616219066,41.87183400094,-87.679845000002,"{""latitude"":""41.87183400094"",""longitude"":""-87.679845000002"",""human_address"":""{\""address\"": \""\"", \""city\"": \""\"", \""state\"": \""\"", \""zip\"": \""\""}""}"
SR26-00476035,Aircraft Noise Complaint,AVN,,Aviation,Completed,Internet,2026-03-17T08:55:56.000,2026-03-17T09:32:26.000,10510 W ZEMKE RD,Demo City,Illinois,60666,10510,W,ZEMKE,RD,,,76,41,,,5,16,1654,27,8,3,3,1105376.7673561182,1941043.7883293368,41.994900000941,-87.887749500002,"{""latitude"":""41.994900000941"",""longitude"":""-87.887749500002"",""human_address"":""{\""address\"": \""\"", \""city\"": \""\"", \""state\"": \""\"", \""zip\"": \""\""}""}"
SR26-00476034,311 INFORMATION ONLY CALL,311IOC,311 City Services,311 City Services,Completed,Phone Call,2026-03-17T08:55:52.000,2026-03-17T09:33:07.000,2111 W Lexington ST,Demo City,Illinois,60612,2111,W,Lexington,ST,,,28,28,7,K024,2,12,1225,46,8,3,3,1162234.4668753312,1896560.9616219066,41.87183400094,-87.679845000002,"{""latitude"":""41.87183400094"",""longitude"":""-87.679845000002"",""human_address"":""{\""address\"": \""\"", \""city\"": \""\"", \""state\"": \""\"", \""zip\"": \""\""}""}"
SR26-00476033,311 INFORMATION ONLY CALL,311IOC,311 City Services,311 City Services,Completed,Phone Call,2026-03-17T08:55:42.000,2026-03-17T09:32:26.000,2111 W Lexington ST,Demo City,Illinois,60612,2111,W,Lexington,ST,,,28,28,7,K024,2,12,1225,46,8,3,3,1162234.4668753312,1896560.9616219066,41.87183400094,-87.679845000002,"{""latitude"":""41.87183400094"",""longitude"":""-87.679845000002"",""human_address"":""{\""address\"": \""\"", \""city\"": \""\"", \""state\"": \""\"", \""zip\"": \""\""}""}"
SR26-00476032,311 INFORMATION ONLY CALL,311IOC,311 City Services,311 City Services,Completed,Phone Call,2026-03-17T08:55:34.000,2026-03-17T09:32:26.000,2111 W Lexington ST,Demo City,Illinois,60612,2111,W,Lexington,ST,,,28,28,7,K024,2,12,1225,46,8,3,3,1162234.4668753312,1896560.9616219066,41.87183400094,-87.679845000002,"{""latitude"":""41.87183400094"",""longitude"":""-87.679845000002"",""human_address"":""{\""address\"": \""\"", \""city\"": \""\"", \""state\"": \""\"", \""zip\"": \""\""}""}"
SR26-00476030,Water On Street Complaint,AAE,311 City Services,DWM - Department of Water Management,Open,Phone Call,2026-03-17T08:55:15.000,2026-03-17T08:55:17.000,1709 N FREMONT ST,Demo City,Illinois,60614,1709,N,FREMONT,ST,1,,7,43,5,N018,1,18,1813,5,8,3,3,1170104.8383509857,1911630.5941865565,41.913018000941,-87.650509500002,"{""latitude"":""41.913018000941"",""longitude"":""-87.650509500002"",""human_address"":""{\""address\"": \""\"", \""city\"": \""\"", \""state\"": \""\"", \""zip\"": \""\""}""}"
SR26-00476028,Buildings - Plumbing Violation,BBC,311 City Services,DOB - Buildings,Open,Phone Call,2026-03-17T08:55:03.000,2026-03-17T08:55:05.000,1653 N ORCHARD ST,Demo City,Illinois,60614,1653,N,ORCHARD,ST,,,7,2,5,O018,1,18,1813,12,8,3,3,1171457.773210189,1911398.6977880895,41.912352000941,-87.645546000002,"{""latitude"":""41.912352000941"",""longitude"":""-87.645546000002"",""human_address"":""{\""address\"": \""\"", \""city\"": \""\"", \""state\"": \""\"", \""zip\"": \""\""}""}"
SR26-00476027,Garbage Cart Maintenance,SIE,,Streets and Sanitation,Open,Internet,2026-03-17T08:54:54.000,2026-03-17T08:54:57.000,6155 W EDDY ST,Demo City,Illinois,60634,6155,W,EDDY,ST,,,17,30,3,A014,3,16,1633,18,8,3,3,1134504.5360449841,1922882.9441323795,41.944599000941,-87.781032000002,"{""latitude"":""41.944599000941"",""longitude"":""-87.781032000002"",""human_address"":""{\""address\"": \""\"", \""city\"": \""\"", \""state\"": \""\"", \""zip\"": \""\""}""}"
SR26-00476026,311 INFORMATION ONLY CALL,311IOC,311 City Services,311 City Services,Completed,Phone Call,2026-03-17T08:54:46.000,2026-03-17T09:32:26.000,2111 W Lexington ST,Demo City,Illinois,60612,2111,W,Lexington,ST,,,28,28,7,K024,2,12,1225,46,8,3,3,1162234.4668753312,1896560.9616219066,41.87183400094,-87.679845000002,"{""latitude"":""41.87183400094"",""longitude"":""-87.679845000002"",""human_address"":""{\""address\"": \""\"", \""city\"": \""\"", \""state\"": \""\"", \""zip\"": \""\""}""}"
SR26-00476022,Tree Emergency,SEC,311 City Services,Streets and Sanitation,Open,Phone Call,2026-03-17T08:54:40.000,2026-03-17T08:54:42.000,11600 S STATE ST,Demo City,Illinois,60628,11600,S,STATE,ST,,,53,9,14,P050,2,05,0522,9,8,3,3,1178189.518028318,1827658.783356083,41.68241100094,-87.623356500002,"{""latitude"":""41.68241100094"",""longitude"":""-87.623356500002"",""human_address"":""{\""address\"": \""\"", \""city\"": \""\"", \""state\"": \""\"", \""zip\"": \""\""}""}"
SR26-00476021,311 INFORMATION ONLY CALL,311IOC,311 City Services,311 City Services,Completed,Phone Call,2026-03-17T08:54:25.000,2026-03-17T09:33:07.000,2111 W Lexington ST,Demo City,Illinois,60612,2111,W,Lexington,ST,,,28,28,7,K024,2,12,1225,46,8,3,3,1162234.4668753312,1896560.9616219066,41.87183400094,-87.679845000002,"{""latitude"":""41.87183400094"",""longitude"":""-87.679845000002"",""human_address"":""{\""address\"": \""\"", \""city\"": \""\"", \""state\"": \""\"", \""zip\"": \""\""}""}"
SR26-00476019,Alley Light Out Complaint,SFA,,CDOT - Department of Transportation,Open,Mobile Device,2026-03-17T08:54:14.000,2026-03-17T08:54:31.000,2733 S MILLARD AVE,,,,2733,S,MILLARD,AVE,,,30,22,8,G028,3,10,1032,25,8,3,3,1152610.599595982,1885463.179364127,41.84157600094,-87.715471500002,"{""latitude"":""41.84157600094"",""longitude"":""-87.715471500002"",""human_address"":""{\""address\"": \""\"", \""city\"": \""\"", \""state\"": \""\"", \""zip\"": \""\""}""}"
SR26-00476018,Garbage Cart Maintenance,SIE,311 City Services,Streets and Sanitation,Open,Phone Call,2026-03-17T08:54:09.000,2026-03-17T08:54:11.000,6814 S KILDARE AVE,Demo City,Illinois,60629,6814,S,KILDARE,AVE,,,65,23,10,F038,3,08,0833,5,8,3,3,1148808.6274321517,1858988.5998234283,41.76900000094,-87.730105500002,"{""latitude"":""41.76900000094"",""longitude"":""-87.730105500002"",""human_address"":""{\""address\"": \""\"", \""city\"": \""\"", \""state\"": \""\"", \""zip\"": \""\""}""}"
SR26-00476017,311 INFORMATION ONLY CALL,311IOC,311 City Services,311 City Services,Completed,Phone Call,2026-03-17T08:53:56.000,2026-03-17T09:32:26.000,2111 W Lexington ST,Demo City,Illinois,60612,2111,W,Lexington,ST,,,28,28,7,K024,2,12,1225,46,8,3,3,1162234.4668753312,1896560.9616219066,41.87183400094,-87.679845000002,"{""latitude"":""41.87183400094"",""longitude"":""-87.679845000002"",""human_address"":""{\""address\"": \""\"", \""city\"": \""\"", \""state\"": \""\"", \""zip\"": \""\""}""}"
SR26-00476013,Aircraft Noise Complaint,AVN,,Aviation,Completed,Internet,2026-03-17T08:53:41.000,2026-03-17T09:32:03.000,10510 W ZEMKE RD,Demo City,Illinois,60666,10510,W,ZEMKE,RD,,,76,41,,,5,16,1654,27,8,3,3,1105376.7673561182,1941043.7883293368,41.994900000941,-87.887749500002,"{""latitude"":""41.994900000941"",""longitude"":""-87.887749500002"",""human_address"":""{\""address\"": \""\"", \""city\"": \""\"", \""state\"": \""\"", \""zip\"": \""\""}""}"
SR26-00476011,Street Light Out Complaint,SFD,311 City Services,CDOT - Department of Transportation,Open,Phone Call,2026-03-17T08:53:10.000,2026-03-17T08:53:22.000,146 E 73RD ST,Demo City,Illinois,60619,146,E,73RD,ST,,,69,6,12,Q039,2,03,0323,32,8,3,3,1178631.7479155501,1856672.830761403,41.762019296639,-87.620858687889,"{""latitude"":""41.762019296639"",""longitude"":""-87.620858687889"",""human_address"":""{\""address\"": \""\"", \""city\"": \""\"", \""state\"": \""\"", \""zip\"": \""\""}""}"
SR26-00476010,311 INFORMATION ONLY CALL,311IOC,311 City Services,311 City Services,Completed,Phone Call,2026-03-17T08:52:29.000,2026-03-17T09:32:47.000,2111 W Lexington ST,Demo City,Illinois,60612,2111,W,Lexington,ST,,,28,28,7,K024,2,12,1225,46,8,3,3,1162234.4668753312,1896560.9616219066,41.87183400094,-87.679845000002,"{""latitude"":""41.87183400094"",""longitude"":""-87.679845000002"",""human_address"":""{\""address\"": \""\"", \""city\"": \""\"", \""state\"": \""\"", \""zip\"": \""\""}""}"
SR26-00476007,Building Violation,BBA,311 City Services,DOB - Buildings,Open,Phone Call,2026-03-17T08:51:56.000,2026-03-17T08:52:00.000,5209 N MILWAUKEE AVE,Demo City,Illinois,60630,5209,N,MILWAUKEE,AVE,,,11,45,1,C010,2,16,1623,34,8,3,3,1138320.4692293874,1934013.1497217955,41.975073000941,-87.766735500002,"{""latitude"":""41.975073000941"",""longitude"":""-87.766735500002"",""human_address"":""{\""address\"": \""\"", \""city\"": \""\"", \""state\"": \""\"", \""zip\"": \""\""}""}"
SR26-00476006,Snow – Uncleared Sidewalk Complaint,SWSNOREM,,CDOT - Department of Transportation,Open,Mobile Device,2026-03-17T08:51:55.000,2026-03-17T08:51:56.000,4510 N KEDZIE AVE,,,,4510,N,KEDZIE,AVE,,,14,33,2,H011,2,17,1724,20,8,3,3,1154138.9773063732,1929859.390348638,41.963373000941,-87.708676500002,"{""latitude"":""41.963373000941"",""longitude"":""-87.708676500002"",""human_address"":""{\""address\"": \""\"", \""city\"": \""\"", \""state\"": \""\"", \""zip\"": \""\""}""}"
SR26-00476005,Blue Recycling Cart,SRRC,311 City Services,Streets and Sanitation,Open,Phone Call,2026-03-17T08:51:48.000,2026-03-17T08:51:50.000,6714 N ASHLAND AVE,Demo City,Illinois,60626,6714,N,ASHLAND,AVE,,,1,49,2,L006,3,24,2432,28,8,3,3,1164295.1188650802,1944747.4191614238,42.004017000941,-87.670912500002,"{""latitude"":""42.004017000941"",""longitude"":""-87.670912500002"",""human_address"":""{\""address\"": \""\"", \""city\"": \""\"", \""state\"": \""\"", \""zip\"": \""\""}""}"
SR26-00476004,311 INFORMATION ONLY CALL,311IOC,311 City Services,311 City Services,Completed,Phone Call,2026-03-17T08:51:43.000,2026-03-17T09:32:47.000,2111 W Lexington ST,Demo City,Illinois,60612,2111,W,Lexington,ST,,,28,28,7,K024,2,12,1225,46,8,3,3,1162234.4668753312,1896560.9616219066,41.87183400094,-87.679845000002,"{""latitude"":""41.87183400094"",""longitude"":""-87.679845000002"",""human_address"":""{\""address\"": \""\"", \""city\"": \""\"", \""state\"": \""\"", \""zip\"": \""\""}""}"
SR26-00476002,Blue Recycling Cart,SRRC,311 City Services,Streets and Sanitation,Open,Phone Call,2026-03-17T08:51:41.000,2026-03-17T08:51:43.000,5950 W EASTWOOD AVE,Demo City,Illinois,60630,5950,W,EASTWOOD,AVE,,,15,45,1,B011,2,16,1622,18,8,3,3,1135623.8810047007,1930368.0428791593,41.965119000941,-87.776739000002,"{""latitude"":""41.965119000941"",""longitude"":""-87.776739000002"",""human_address"":""{\""address\"": \""\"", \""city\"": \""\"", \""state\"": \""\"", \""zip\"": \""\""}""}"
SR26-00476003,Tree Debris Clean-Up Request,SEL,Streets and Sanitation,Streets and Sanitation,Open,Salesforce Mobile App,2026-03-17T08:51:41.000,2026-03-17T08:51:43.000,12109 S NORMAL,Demo City,Illinois,60628,12109,S,NORMAL,,,,53,21,14,O051,2,05,0523,50,8,3,3,1175226.320465648,1824545.079202157,41.67393300094,-87.634296000002,"{""latitude"":""41.67393300094"",""longitude"":""-87.634296000002"",""human_address"":""{\""address\"": \""\"", \""city\"": \""\"", \""state\"": \""\"", \""zip\"": \""\""}""}"
SR26-00476001,Garbage Cart Maintenance,SIE,311 City Services,Streets and Sanitation,Open,Phone Call,2026-03-17T08:51:18.000,2026-03-17T08:51:20.000,6714 N ASHLAND AVE,Demo City,Illinois,60626,6714,N,ASHLAND,AVE,,,1,49,2,L006,3,24,2432,28,8,3,3,1164295.1188650802,1944747.4191614238,42.004017000941,-87.670912500002,"{""latitude"":""42.004017000941"",""longitude"":""-87.670912500002"",""human_address"":""{\""address\"": \""\"", \""city\"": \""\"", \""state\"": \""\"", \""zip\"": \""\""}""}"
SR26-00476000,Blue Recycling Cart,SRRC,311 City Services,Streets and Sanitation,Open,Phone Call,2026-03-17T08:51:17.000,2026-03-17T08:51:19.000,6544 S EBERHART AVE,Demo City,Illinois,60637,6544,S,EBERHART,AVE,,,42,20,12,R037,1,03,0312,10,8,3,3,1180626.7887839961,1861519.3261435379,41.77527300094,-87.613398000002,"{""latitude"":""41.77527300094"",""longitude"":""-87.613398000002"",""human_address"":""{\""address\"": \""\"", \""city\"": \""\"", \""state\"": \""\"", \""zip\"": \""\""}""}"
SR26-00475998,Aircraft Noise Complaint,AVN,,Aviation,Completed,Internet,2026-03-17T08:51:06.000,2026-03-17T09:32:26.000,10510 W ZEMKE RD,Demo City,Illinois,60666,10510,W,ZEMKE,RD,,,76,41,,,5,16,1654,27,8,3,3,1105376.7673561182,1941043.7883293368,41.994900000941,-87.887749500002,"{""latitude"":""41.994900000941"",""longitude"":""-87.887749500002"",""human_address"":""{\""address\"": \""\"", \""city\"": \""\"", \""state\"": \""\"", \""zip\"": \""\""}""}"
SR26-00475999,311 INFORMATION ONLY CALL,311IOC,311 City Services,311 City Services,Completed,Phone Call,2026-03-17T08:51:06.000,2026-03-17T09:32:03.000,2111 W Lexington ST,Demo City,Illinois,60612,2111,W,Lexington,ST,,,28,28,7,K024,2,12,1225,46,8,3,3,1162234.4668753312,1896560.9616219066,41.87183400094,-87.679845000002,"{""latitude"":""41.87183400094"",""longitude"":""-87.679845000002"",""human_address"":""{\""address\"": \""\"", \""city\"": \""\"", \""state\"": \""\"", \""zip\"": \""\""}""}"
SR26-00475997,Aircraft Noise Complaint,AVN,,Aviation,Completed,Internet,2026-03-17T08:50:50.000,2026-03-17T09:32:03.000,10510 W ZEMKE RD,Demo City,Illinois,60666,10510,W,ZEMKE,RD,,,76,41,,,5,16,1654,27,8,3,3,1105376.7673561182,1941043.7883293368,41.994900000941,-87.887749500002,"{""latitude"":""41.994900000941"",""longitude"":""-87.887749500002"",""human_address"":""{\""address\"": \""\"", \""city\"": \""\"", \""state\"": \""\"", \""zip\"": \""\""}""}"
SR26-00475995,311 INFORMATION ONLY CALL,311IOC,311 City Services,311 City Services,Completed,Phone Call,2026-03-17T08:50:17.000,2026-03-17T09:32:47.000,2111 W Lexington ST,Demo City,Illinois,60612,2111,W,Lexington,ST,,,28,28,7,K024,2,12,1225,46,8,3,3,1162234.4668753312,1896560.9616219066,41.87183400094,-87.679845000002,"{""latitude"":""41.87183400094"",""longitude"":""-87.679845000002"",""human_address"":""{\""address\"": \""\"", \""city\"": \""\"", \""state\"": \""\"", \""zip\"": \""\""}""}"
SR26-00475994,Abandoned Vehicle Complaint,SKA,,Streets and Sanitation,Open,Internet,2026-03-17T08:49:57.000,2026-03-17T09:00:11.000,1146 N LECLAIRE AVE,Demo City,Illinois,60651,1146,N,LECLAIRE,AVE,,,25,37,6,D020,3,15,1531,15,8,3,3,1142075.2172450994,1907347.542780856,41.901831000941,-87.753591000002,"{""latitude"":""41.901831000941"",""longitude"":""-87.753591000002"",""human_address"":""{\""address\"": \""\"", \""city\"": \""\"", \""state\"": \""\"", \""zip\"": \""\""}""}"
SR26-00475993,311 INFORMATION ONLY CALL,311IOC,311 City Services,311 City Services,Completed,Phone Call,2026-03-17T08:49:51.000,2026-03-17T09:32:03.000,2111 W Lexington ST,Demo City,Illinois,60612,2111,W,Lexington,ST,,,28,28,7,K024,2,12,1225,46,8,3,3,1162234.4668753312,1896560.9616219066,41.87183400094,-87.679845000002,"{""latitude"":""41.87183400094"",""longitude"":""-87.679845000002"",""human_address"":""{\""address\"": \""\"", \""city\"": \""\"", \""state\"": \""\"", \""zip\"": \""\""}""}"
SR26-00475992,311 INFORMATION ONLY CALL,311IOC,311 City Services,311 City Services,Completed,Phone Call,2026-03-17T08:49:50.000,2026-03-17T09:32:47.000,2111 W Lexington ST,Demo City,Illinois,60612,2111,W,Lexington,ST,,,28,28,7,K024,2,12,1225,46,8,3,3,1162234.4668753312,1896560.9616219066,41.87183400094,-87.679845000002,"{""latitude"":""41.87183400094"",""longitude"":""-87.679845000002"",""human_address"":""{\""address\"": \""\"", \""city\"": \""\"", \""state\"": \""\"", \""zip\"": \""\""}""}"
SR26-00475991,Garbage Cart Maintenance,SIE,311 City Services,Streets and Sanitation,Open,Phone Call,2026-03-17T08:49:33.000,2026-03-17T08:49:35.000,6544 S EBERHART AVE,Demo City,Illinois,60637,6544,S,EBERHART,AVE,,,42,20,12,R037,1,03,0312,10,8,3,3,1180626.7887839961,1861519.3261435379,41.77527300094,-87.613398000002,"{""latitude"":""41.77527300094"",""longitude"":""-87.613398000002"",""human_address"":""{\""address\"": \""\"", \""city\"": \""\"", \""state\"": \""\"", \""zip\"": \""\""}""}"
SR26-00475989,No Water Complaint,WBJ,311 City Services,DWM - Department of Water Management,Canceled,Phone Call,2026-03-17T08:49:20.000,2026-03-17T10:16:39.000,400 S KILBOURN AVE,Demo City,Illinois,60624,400,S,KILBOURN,AVE,,,26,28,6,E023,3,11,1131,16,8,3,3,1146413.5760255493,1897597.0570782667,41.87499300094,-87.737904000002,"{""latitude"":""41.87499300094"",""longitude"":""-87.737904000002"",""human_address"":""{\""address\"": \""\"", \""city\"": \""\"", \""state\"": \""\"", \""zip\"": \""\""}""}"
SR26-00475988,311 INFORMATION ONLY CALL,311IOC,311 City Services,311 City Services,Completed,Phone Call,2026-03-17T08:49:19.000,2026-03-17T09:32:03.000,2111 W Lexington ST,Demo City,Illinois,60612,2111,W,Lexington,ST,,,28,28,7,K024,2,12,1225,46,8,3,3,1162234.4668753312,1896560.9616219066,41.87183400094,-87.679845000002,"{""latitude"":""41.87183400094"",""longitude"":""-87.679845000002"",""human_address"":""{\""address\"": \""\"", \""city\"": \""\"", \""state\"": \""\"", \""zip\"": \""\""}""}"
SR26-00475987,311 INFORMATION ONLY CALL,311IOC,311 City Services,311 City Services,Completed,Phone Call,2026-03-17T08:49:15.000,2026-03-17T09:32:26.000,2111 W Lexington ST,Demo City,Illinois,60612,2111,W,Lexington,ST,,,28,28,7,K024,2,12,1225,46,8,3,3,1162234.4668753312,1896560.9616219066,41.87183400094,-87.679845000002,"{""latitude"":""41.87183400094"",""longitude"":""-87.679845000002"",""human_address"":""{\""address\"": \""\"", \""city\"": \""\"", \""state\"": \""\"", \""zip\"": \""\""}""}"
SR26-00475985,Sign Repair Request - All Other Signs,PCE,Streets and Sanitation,CDOT - Department of Transportation,Open,Salesforce Mobile App,2026-03-17T08:48:26.000,2026-03-17T08:48:28.000,2200 N AVERS,Demo City,Illinois,,2200,N,AVERS,,,,22,35,3,G017,2,25,2525,23,8,3,3,1150352.5160425473,1914345.8252084423,41.920877433555,-87.723004238083,"{""latitude"":""41.920877433555"",""longitude"":""-87.723004238083"",""human_address"":""{\""address\"": \""\"", \""city\"": \""\"", \""state\"": \""\"", \""zip\"": \""\""}""}"
SR26-00475984,311 INFORMATION ONLY CALL,311IOC,311 City Services,311 City Services,Completed,Phone Call,2026-03-17T08:48:25.000,2026-03-17T09:32:03.000,2111 W Lexington ST,Demo City,Illinois,60612,2111,W,Lexington,ST,,,28,28,7,K024,2,12,1225,46,8,3,3,1162234.4668753312,1896560.9616219066,41.87183400094,-87.679845000002,"{""latitude"":""41.87183400094"",""longitude"":""-87.679845000002"",""human_address"":""{\""address\"": \""\"", \""city\"": \""\"", \""state\"": \""\"", \""zip\"": \""\""}""}"
SR26-00475983,Ice and Snow Removal Request,SDO,Streets and Sanitation,Streets and Sanitation,Completed,Salesforce Mobile App,2026-03-17T08:48:22.000,2026-03-17T10:13:36.000,2000 N MOHAWK,Demo City,Illinois,60614,2000,N,MOHAWK,,,,7,43,5,O017,1,18,1812,9,8,3,3,1172183.509019837,1913608.5705042733,41.918400000941,-87.642814500002,"{""latitude"":""41.918400000941"",""longitude"":""-87.642814500002"",""human_address"":""{\""address\"": \""\"", \""city\"": \""\"", \""state\"": \""\"", \""zip\"": \""\""}""}"
SR26-00475982,Aircraft Noise Complaint,AVN,,Aviation,Completed,Internet,2026-03-17T08:48:11.000,2026-03-17T09:32:03.000,10510 W ZEMKE RD,Demo City,Illinois,60666,10510,W,ZEMKE,RD,,,76,41,,,5,16,1654,27,8,3,3,1105376.7673561182,1941043.7883293368,41.994900000941,-87.887749500002,"{""latitude"":""41.994900000941"",""longitude"":""-87.887749500002"",""human_address"":""{\""address\"": \""\"", \""city\"": \""\"", \""state\"": \""\"", \""zip\"": \""\""}""}"
SR26-00475981,311 INFORMATION ONLY CALL,311IOC,311 City Services,311 City Services,Completed,Phone Call,2026-03-17T08:48:06.000,2026-03-17T09:32:47.000,2111 W Lexington ST,Demo City,Illinois,60612,2111,W,Lexington,ST,,,28,28,7,K024,2,12,1225,46,8,3,3,1162234.4668753312,1896560.9616219066,41.87183400094,-87.679845000002,"{""latitude"":""41.87183400094"",""longitude"":""-87.679845000002"",""human_address"":""{\""address\"": \""\"", \""city\"": \""\"", \""state\"": \""\"", \""zip\"": \""\""}""}"
SR26-00475979,311 INFORMATION ONLY CALL,311IOC,311 City Services,311 City Services,Completed,Phone Call,2026-03-17T08:47:33.000,2026-03-17T09:32:47.000,2111 W Lexington ST,Demo City,Illinois,60612,2111,W,Lexington,ST,,,28,28,7,K024,2,12,1225,46,8,3,3,1162234.4668753312,1896560.9616219066,41.87183400094,-87.679845000002,"{""latitude"":""41.87183400094"",""longitude"":""-87.679845000002"",""human_address"":""{\""address\"": \""\"", \""city\"": \""\"", \""state\"": \""\"", \""zip\"": \""\""}""}"
SR26-00475977,Garbage Cart Maintenance,SIE,311 City Services,Streets and Sanitation,Open,Phone Call,2026-03-17T08:47:31.000,2026-03-17T08:47:33.000,3501 N OKETO AVE,Demo City,Illinois,60634,3501,N,OKETO,AVE,,,17,38,3,X114,3,16,1631,6,8,3,3,1126217.7554100908,1922430.8941069234,41.943501000941,-87.811501500002,"{""latitude"":""41.943501000941"",""longitude"":""-87.811501500002"",""human_address"":""{\""address\"": \""\"", \""city\"": \""\"", \""state\"": \""\"", \""zip\"": \""\""}""}"
SR26-00475976,Blue Recycling Cart,SRRC,311 City Services,Streets and Sanitation,Open,Phone Call,2026-03-17T08:46:57.000,2026-03-17T08:46:59.000,7008 S TALMAN AVE,Demo City,Illinois,60629,7008,S,TALMAN,AVE,,,66,17,11,J038,3,08,0831,17,8,3,3,1159847.6800103332,1857996.1544034942,41.76605700094,-87.689668500002,"{""latitude"":""41.76605700094"",""longitude"":""-87.689668500002"",""human_address"":""{\""address\"": \""\"", \""city\"": \""\"", \""state\"": \""\"", \""zip\"": \""\""}""}"
SR26-00475975,Water On Street Complaint,AAE,Streets and Sanitation,DWM - Department of Water Management,Open,Salesforce Mobile App,2026-03-17T08:46:49.000,2026-03-17T08:46:51.000,2000 N MOHAWK,Demo City,Illinois,60614,2000,N,MOHAWK,,1,,7,43,5,O017,1,18,1812,9,8,3,3,1172183.509019837,1913608.5705042733,41.918400000941,-87.642814500002,"{""latitude"":""41.918400000941"",""longitude"":""-87.642814500002"",""human_address"":""{\""address\"": \""\"", \""city\"": \""\"", \""state\"": \""\"", \""zip\"": \""\""}""}"
SR26-00475974,Street Light Out Complaint,SFD,CDOT - Department of Transportation,CDOT - Department of Transportation,Open,Phone Call,2026-03-17T08:46:45.000,2026-03-17T08:46:54.000,5307 N CLARK ST,Demo City,Illinois,60640,5307,N,CLARK,ST,,,77,48,2,M009,1,20,2013,10,8,3,3,1165133.4566874497,1935396.5073846593,41.978340000941,-87.668095500002,"{""latitude"":""41.978340000941"",""longitude"":""-87.668095500002"",""human_address"":""{\""address\"": \""\"", \""city\"": \""\"", \""state\"": \""\"", \""zip\"": \""\""}""}"
SR26-00475973,Rodent Baiting/Rat Complaint,SGA,Streets and Sanitation,Streets and Sanitation,Open,Salesforce Mobile App,2026-03-17T08:46:44.000,2026-03-17T08:46:47.000,2229 W 18TH,Demo City,Illinois,60608,2229,W,18TH,,,,31,25,7,K026,3,12,1234,9,8,3,3,1161648.1031951164,1891292.4764210917,41.85738900094,-87.682144500002,"{""latitude"":""41.85738900094"",""longitude"":""-87.682144500002"",""human_address"":""{\""address\"": \""\"", \""city\"": \""\"", \""state\"": \""\"", \""zip\"": \""\""}""}"
SR26-00475972,311 INFORMATION ONLY CALL,311IOC,311 City Services,311 City Services,Completed,Phone Call,2026-03-17T08:46:37.000,2026-03-17T09:32:47.000,2111 W Lexington ST,Demo City,Illinois,60612,2111,W,Lexington,ST,,,28,28,7,K024,2,12,1225,46,8,3,3,1162234.4668753312,1896560.9616219066,41.87183400094,-87.679845000002,"{""latitude"":""41.87183400094"",""longitude"":""-87.679845000002"",""human_address"":""{\""address\"": \""\"", \""city\"": \""\"", \""state\"": \""\"", \""zip\"": \""\""}""}"
SR26-00475971,Stray Animal Complaint,EAE,311 City Services,Animal Care and Control,Open,Phone Call,2026-03-17T08:46:33.000,2026-03-17T08:46:34.000,2600 S DOCTOR MARTIN LUTHER KING JR DR,Demo City,Illinois,,2600,S,DOCTOR MARTIN LUTHER KING JR,DR,,,35,4,9,Q028,3,01,0133,6,8,3,3,1179245.7630459676,1887184.1387182751,41.845731052012,-87.617677149193,"{""latitude"":""41.845731052012"",""longitude"":""-87.617677149193"",""human_address"":""{\""address\"": \""\"", \""city\"": \""\"", \""state\"": \""\"", \""zip\"": \""\""}""}"
SR26-00475970,E-Scooter Parking Complaint,ESPC,311 City Services,Outside Agencies,Completed,Phone Call,2026-03-17T08:46:32.000,2026-03-17T09:37:27.000,4045 S LAKE PARK AVE,Demo City,Illinois,60653,4045,S,LAKE PARK,AVE,,,36,4,9,S031,1,02,0214,4,8,3,3,1183793.1375409428,1878325.4337594956,41.82131700094,-87.601266000002,"{""latitude"":""41.82131700094"",""longitude"":""-87.601266000002"",""human_address"":""{\""address\"": \""\"", \""city\"": \""\"", \""state\"": \""\"", \""zip\"": \""\""}""}"
SR26-00475969,311 INFORMATION ONLY CALL,311IOC,311 City Services,311 City Services,Completed,Phone Call,2026-03-17T08:46:23.000,2026-03-17T09:32:03.000,2111 W Lexington ST,Demo City,Illinois,60612,2111,W,Lexington,ST,,,28,28,7,K024,2,12,1225,46,8,3,3,1162234.4668753312,1896560.9616219066,41.87183400094,-87.679845000002,"{""latitude"":""41.87183400094"",""longitude"":""-87.679845000002"",""human_address"":""{\""address\"": \""\"", \""city\"": \""\"", \""state\"": \""\"", \""zip\"": \""\""}""}"
SR26-00475967,311 INFORMATION ONLY CALL,311IOC,311 City Services,311 City Services,Completed,Phone Call,2026-03-17T08:46:21.000,2026-03-17T09:32:47.000,2111 W Lexington ST,Demo City,Illinois,60612,2111,W,Lexington,ST,,,28,28,7,K024,2,12,1225,46,8,3,3,1162234.4668753312,1896560.9616219066,41.87183400094,-87.679845000002,"{""latitude"":""41.87183400094"",""longitude"":""-87.679845000002"",""human_address"":""{\""address\"": \""\"", \""city\"": \""\"", \""state\"": \""\"", \""zip\"": \""\""}""}"
SR26-00475968,Garbage Cart Maintenance,SIE,311 City Services,Streets and Sanitation,Open,Phone Call,2026-03-17T08:46:21.000,2026-03-17T08:46:24.000,7008 S TALMAN AVE,Demo City,Illinois,60629,7008,S,TALMAN,AVE,,,66,17,11,J038,3,08,0831,17,8,3,3,1159847.6800103332,1857996.1544034942,41.76605700094,-87.689668500002,"{""latitude"":""41.76605700094"",""longitude"":""-87.689668500002"",""human_address"":""{\""address\"": \""\"", \""city\"": \""\"", \""state\"": \""\"", \""zip\"": \""\""}""}"
SR26-00475966,311 INFORMATION ONLY CALL,311IOC,311 City Services,311 City Services,Completed,Phone Call,2026-03-17T08:46:06.000,2026-03-17T09:32:26.000,2111 W Lexington ST,Demo City,Illinois,60612,2111,W,Lexington,ST,,,28,28,7,K024,2,12,1225,46,8,3,3,1162234.4668753312,1896560.9616219066,41.87183400094,-87.679845000002,"{""latitude"":""41.87183400094"",""longitude"":""-87.679845000002"",""human_address"":""{\""address\"": \""\"", \""city\"": \""\"", \""state\"": \""\"", \""zip\"": \""\""}""}"
SR26-00475965,Aircraft Noise Complaint,AVN,,Aviation,Completed,Internet,2026-03-17T08:46:04.000,2026-03-17T09:32:26.000,10510 W ZEMKE RD,Demo City,Illinois,60666,10510,W,ZEMKE,RD,,,76,41,,,5,16,1654,27,8,3,3,1105376.7673561182,1941043.7883293368,41.994900000941,-87.887749500002,"{""latitude"":""41.994900000941"",""longitude"":""-87.887749500002"",""human_address"":""{\""address\"": \""\"", \""city\"": \""\"", \""state\"": \""\"", \""zip\"": \""\""}""}"
SR26-00475964,Garbage Cart Maintenance,SIE,,Streets and Sanitation,Open,Internet,2026-03-17T08:45:51.000,2026-03-17T09:00:11.000,7702 S MARYLAND AVE,Demo City,Illinois,60619,7702,S,MARYLAND,AVE,,,69,8,12,S040,2,06,0624,43,8,3,3,1183168.4375297208,1854059.5967521293,41.75474400094,-87.604312500002,"{""latitude"":""41.75474400094"",""longitude"":""-87.604312500002"",""human_address"":""{\""address\"": \""\"", \""city\"": \""\"", \""state\"": \""\"", \""zip\"": \""\""}""}"
SR26-00475963,311 INFORMATION ONLY CALL,311IOC,311 City Services,311 City Services,Completed,Phone Call,2026-03-17T08:45:29.000,2026-03-17T09:32:47.000,2111 W Lexington ST,Demo City,Illinois,60612,2111,W,Lexington,ST,,,28,28,7,K024,2,12,1225,46,8,3,3,1162234.4668753312,1896560.9616219066,41.87183400094,-87.679845000002,"{""latitude"":""41.87183400094"",""longitude"":""-87.679845000002"",""human_address"":""{\""address\"": \""\"", \""city\"": \""\"", \""state\"": \""\"", \""zip\"": \""\""}""}"
SR26-00475962,Open Fire Hydrant Complaint,WBT,,DWM - Department of Water Management,Open,Mobile Device,2026-03-17T08:45:28.000,2026-03-17T10:34:51.000,1000 W MONTANA ST,,,,1000,W,MONTANA,ST,,,7,43,4,N016,3,19,1932,31,8,3,3,1169161.8815439048,1916549.3940806717,41.926536000941,-87.653830500002,"{""latitude"":""41.926536000941"",""longitude"":""-87.653830500002"",""human_address"":""{\""address\"": \""\"", \""city\"": \""\"", \""state\"": \""\"", \""zip\"": \""\""}""}"
SR26-00475961,311 INFORMATION ONLY CALL,311IOC,311 City Services,311 City Services,Completed,Phone Call,2026-03-17T08:45:19.000,2026-03-17T09:32:26.000,2111 W Lexington ST,Demo City,Illinois,60612,2111,W,Lexington,ST,,,28,28,7,K024,2,12,1225,46,8,3,3,1162234.4668753312,1896560.9616219066,41.87183400094,-87.679845000002,"{""latitude"":""41.87183400094"",""longitude"":""-87.679845000002"",""human_address"":""{\""address\"": \""\"", \""city\"": \""\"", \""state\"": \""\"", \""zip\"": \""\""}""}"
SR26-00475960,311 INFORMATION ONLY CALL,311IOC,311 City Services,311 City Services,Completed,Phone Call,2026-03-17T08:45:17.000,2026-03-17T09:32:47.000,2111 W Lexington ST,Demo City,Illinois,60612,2111,W,Lexington,ST,,,26,28,6,F023,1,11,1115,26,8,3,3,1149316.3880186614,1899427.7950847317,41.87996100094,-87.727198500002,"{""latitude"":""41.87996100094"",""longitude"":""-87.727198500002"",""human_address"":""{\""address\"": \""\"", \""city\"": \""\"", \""state\"": \""\"", \""zip\"": \""\""}""}"
SR26-00475959,311 INFORMATION ONLY CALL,311IOC,311 City Services,311 City Services,Completed,Phone Call,2026-03-17T08:45:16.000,2026-03-17T09:32:47.000,2111 W Lexington ST,Demo City,Illinois,60612,2111,W,Lexington,ST,,,28,28,7,K024,2,12,1225,46,8,3,3,1162234.4668753312,1896560.9616219066,41.87183400094,-87.679845000002,"{""latitude"":""41.87183400094"",""longitude"":""-87.679845000002"",""human_address"":""{\""address\"": \""\"", \""city\"": \""\"", \""state\"": \""\"", \""zip\"": \""\""}""}"
SR26-00475958,Pothole in Street Complaint,PHF,,CDOT - Department of Transportation,Open,Mobile Device,2026-03-17T08:45:12.000,2026-03-17T08:45:14.000,10936 S LAWNDALE AVE,,,,10936,S,LAWNDALE,AVE,,,74,19,13,G048,1,22,2211,4,8,3,3,1153556.2487559896,1831669.9085918705,41.69394000094,-87.713424000002,"{""latitude"":""41.69394000094"",""longitude"":""-87.713424000002"",""human_address"":""{\""address\"": \""\"", \""city\"": \""\"", \""state\"": \""\"", \""zip\"": \""\""}""}"
SR26-00475957,311 INFORMATION ONLY CALL,311IOC,311 City Services,311 City Services,Completed,Phone Call,2026-03-17T08:44:55.000,2026-03-17T09:32:26.000,2111 W Lexington ST,Demo City,Illinois,60612,2111,W,Lexington,ST,,,28,28,7,K024,2,12,1225,46,8,3,3,1162234.4668753312,1896560.9616219066,41.87183400094,-87.679845000002,"{""latitude"":""41.87183400094"",""longitude"":""-87.679845000002"",""human_address"":""{\""address\"": \""\"", \""city\"": \""\"", \""state\"": \""\"", \""zip\"": \""\""}""}"
SR26-00475956,Ice and Snow Removal Request,SDO,311 City Services,Streets and Sanitation,Completed,Phone Call,2026-03-17T08:44:53.000,2026-03-17T10:13:36.000,10200 S YATES AVE,Demo City,Illinois,60617,10200,S,YATES,AVE,,,51,7,15,V047,3,04,0431,44,8,3,3,1194091.674081719,1837762.3780154476,41.70976200094,-87.564816000002,"{""latitude"":""41.70976200094"",""longitude"":""-87.564816000002"",""human_address"":""{\""address\"": \""\"", \""city\"": \""\"", \""state\"": \""\"", \""zip\"": \""\""}""}"
SR26-00475955,Pothole in Street Complaint,PHF,311 City Services,CDOT - Department of Transportation,Open,Phone Call,2026-03-17T08:44:06.000,2026-03-17T08:44:08.000,5700 S WESTERN AVE,Demo City,Illinois,60636,5700,S,WESTERN,AVE,,,63,15,11,J035,2,08,0824,11,8,3,3,1161229.130065583,1866743.6998155625,41.79003300094,-87.684363000002,"{""latitude"":""41.79003300094"",""longitude"":""-87.684363000002"",""human_address"":""{\""address\"": \""\"", \""city\"": \""\"", \""state\"": \""\"", \""zip\"": \""\""}""}"
SR26-00475954,Sewer Cleaning Inspection Request,CHECKFOR,Streets and Sanitation,DWM - Department of Water Management,Open,Phone Call,2026-03-17T08:44:02.000,2026-03-17T08:56:48.000,2928 N MENARD AVE,Demo City,Illinois,60634,2928,N,MENARD,AVE,,,19,30,3,B015,1,25,2514,12,8,3,3,1137129.099225108,1919003.6514015899,41.933907000941,-87.771478500002,"{""latitude"":""41.933907000941"",""longitude"":""-87.771478500002"",""human_address"":""{\""address\"": \""\"", \""city\"": \""\"", \""state\"": \""\"", \""zip\"": \""\""}""}"
SR26-00475952,Aircraft Noise Complaint,AVN,,Aviation,Completed,Internet,2026-03-17T08:43:22.000,2026-03-17T09:32:03.000,10510 W ZEMKE RD,Demo City,Illinois,60666,10510,W,ZEMKE,RD,,,76,41,,,5,16,1654,27,8,3,3,1105376.7673561182,1941043.7883293368,41.994900000941,-87.887749500002,"{""latitude"":""41.994900000941"",""longitude"":""-87.887749500002"",""human_address"":""{\""address\"": \""\"", \""city\"": \""\"", \""state\"": \""\"", \""zip\"": \""\""}""}"
SR26-00475951,311 INFORMATION ONLY CALL,311IOC,311 City Services,311 City Services,Completed,Phone Call,2026-03-17T08:43:07.000,2026-03-17T09:32:26.000,2111 W Lexington ST,Demo City,Illinois,60612,2111,W,Lexington,ST,,,28,28,7,K024,2,12,1225,46,8,3,3,1162234.4668753312,1896560.9616219066,41.87183400094,-87.679845000002,"{""latitude"":""41.87183400094"",""longitude"":""-87.679845000002"",""human_address"":""{\""address\"": \""\"", \""city\"": \""\"", \""state\"": \""\"", \""zip\"": \""\""}""}"
SR26-00475949,Sewer Cleaning Inspection Request,CHECKFOR,Streets and Sanitation,DWM - Department of Water Management,Open,Phone Call,2026-03-17T08:42:35.000,2026-03-17T08:56:04.000,3855 N KENNETH AVE,Demo City,Illinois,60641,3855,N,KENNETH,AVE,,,16,30,3,E013,3,17,1731,6,8,3,3,1145861.3894345718,1925471.1978053106,41.951493000941,-87.739222500002,"{""latitude"":""41.951493000941"",""longitude"":""-87.739222500002"",""human_address"":""{\""address\"": \""\"", \""city\"": \""\"", \""state\"": \""\"", \""zip\"": \""\""}""}"
SR26-00475948,Tree Debris Clean-Up Request,SEL,,Streets and Sanitation,Open,Internet,2026-03-17T08:42:24.000,2026-03-17T08:42:28.000,9945 S PROSPECT AVE,Demo City,Illinois,60643,9945,S,PROSPECT,AVE,,,72,19,13,L046,1,22,2213,28,8,3,3,1167387.0673252097,1838618.22389589,41.71272300094,-87.662587500002,"{""latitude"":""41.71272300094"",""longitude"":""-87.662587500002"",""human_address"":""{\""address\"": \""\"", \""city\"": \""\"", \""state\"": \""\"", \""zip\"": \""\""}""}"
SR26-00475946,311 INFORMATION ONLY CALL,311IOC,311 City Services,311 City Services,Completed,Phone Call,2026-03-17T08:42:09.000,2026-03-17T09:32:47.000,2111 W Lexington ST,Demo City,Illinois,60612,2111,W,Lexington,ST,,,28,28,7,K024,2,12,1225,46,8,3,3,1162234.4668753312,1896560.9616219066,41.87183400094,-87.679845000002,"{""latitude"":""41.87183400094"",""longitude"":""-87.679845000002"",""human_address"":""{\""address\"": \""\"", \""city\"": \""\"", \""state\"": \""\"", \""zip\"": \""\""}""}"
SR26-00475947,311 INFORMATION ONLY CALL,311IOC,311 City Services,311 City Services,Completed,Phone Call,2026-03-17T08:42:09.000,2026-03-17T09:32:26.000,2111 W Lexington ST,Demo City,Illinois,60612,2111,W,Lexington,ST,,,28,28,7,K024,2,12,1225,46,8,3,3,1162234.4668753312,1896560.9616219066,41.87183400094,-87.679845000002,"{""latitude"":""41.87183400094"",""longitude"":""-87.679845000002"",""human_address"":""{\""address\"": \""\"", \""city\"": \""\"", \""state\"": \""\"", \""zip\"": \""\""}""}"
SR26-00475944,Abandoned Vehicle Complaint,SKA,,Streets and Sanitation,Open,SPOTCSR,2026-03-17T08:41:56.000,2026-03-17T09:32:47.000,3507 S RICHMOND ST,CHICAGO,IL,60632,3507,S,RICHMOND,ST,,,58,12,8,I030,1,09,0911,2,8,3,3,1157269.8639279893,1880706.3856386363,41.828429542659,-87.698502438327,"{""latitude"":""41.828429542659"",""longitude"":""-87.698502438327"",""human_address"":""{\""address\"": \""\"", \""city\"": \""\"", \""state\"": \""\"", \""zip\"": \""\""}""}"
SR26-00475943,Pothole in Street Complaint,PHF,,CDOT - Department of Transportation,Open,Mobile Device,2026-03-17T08:41:48.000,2026-03-17T08:41:50.000,4255 W CERMAK RD,,,,4255,W,CERMAK,RD,,,29,22,8,F027,1,10,1013,21,8,3,3,1148165.4714219698,1889008.318394601,41.85139091793,-87.73169268852,"{""latitude"":""41.85139091793"",""longitude"":""-87.73169268852"",""human_address"":""{\""address\"": \""\"", \""city\"": \""\"", \""state\"": \""\"", \""zip\"": \""\""}""}"
SR26-00475942,311 INFORMATION ONLY CALL,311IOC,311 City Services,311 City Services,Completed,Phone Call,2026-03-17T08:41:41.000,2026-03-17T09:32:47.000,2111 W Lexington ST,Demo City,Illinois,60612,2111,W,Lexington,ST,,,28,28,7,K024,2,12,1225,46,8,3,3,1162234.4668753312,1896560.9616219066,41.87183400094,-87.679845000002,"{""latitude"":""41.87183400094"",""longitude"":""-87.679845000002"",""human_address"":""{\""address\"": \""\"", \""city\"": \""\"", \""state\"": \""\"", \""zip\"": \""\""}""}"
SR26-00475941,311 INFORMATION ONLY CALL,311IOC,311 City Services,311 City Services,Completed,Phone Call,2026-03-17T08:41:38.000,2026-03-17T09:32:26.000,2111 W Lexington ST,Demo City,Illinois,60612,2111,W,Lexington,ST,,,28,28,7,K024,2,12,1225,46,8,3,3,1162234.4668753312,1896560.9616219066,41.87183400094,-87.679845000002,"{""latitude"":""41.87183400094"",""longitude"":""-87.679845000002"",""human_address"":""{\""address\"": \""\"", \""city\"": \""\"", \""state\"": \""\"", \""zip\"": \""\""}""}"
SR26-00475940,311 INFORMATION ONLY CALL,311IOC,311 City Services,311 City Services,Completed,Phone Call,2026-03-17T08:41:28.000,2026-03-17T09:32:47.000,2111 W Lexington ST,Demo City,Illinois,60612,2111,W,Lexington,ST,,,28,28,7,K024,2,12,1225,46,8,3,3,1162234.4668753312,1896560.9616219066,41.87183400094,-87.679845000002,"{""latitude"":""41.87183400094"",""longitude"":""-87.679845000002"",""human_address"":""{\""address\"": \""\"", \""city\"": \""\"", \""state\"": \""\"", \""zip\"": \""\""}""}"
SR26-00475939,311 INFORMATION ONLY CALL,311IOC,311 City Services,311 City Services,Completed,Phone Call,2026-03-17T08:41:27.000,2026-03-17T09:32:26.000,2111 W Lexington ST,Demo City,Illinois,60612,2111,W,Lexington,ST,,,28,28,7,K024,2,12,1225,46,8,3,3,1162234.4668753312,1896560.9616219066,41.87183400094,-87.679845000002,"{""latitude"":""41.87183400094"",""longitude"":""-87.679845000002"",""human_address"":""{\""address\"": \""\"", \""city\"": \""\"", \""state\"": \""\"", \""zip\"": \""\""}""}"
SR26-00475938,311 INFORMATION ONLY CALL,311IOC,311 City Services,311 City Services,Completed,Phone Call,2026-03-17T08:41:26.000,2026-03-17T09:32:03.000,2111 W Lexington ST,Demo City,Illinois,60612,2111,W,Lexington,ST,,,28,28,7,K024,2,12,1225,46,8,3,3,1162234.4668753312,1896560.9616219066,41.87183400094,-87.679845000002,"{""latitude"":""41.87183400094"",""longitude"":""-87.679845000002"",""human_address"":""{\""address\"": \""\"", \""city\"": \""\"", \""state\"": \""\"", \""zip\"": \""\""}""}"
SR26-00475937,Water in Basement Complaint,AAF,311 City Services,DWM - Department of Water Management,Open,Phone Call,2026-03-17T08:41:25.000,2026-03-17T08:55:13.000,5940 N ROCKWELL ST,Demo City,Illinois,60659,5940,N,ROCKWELL,ST,,,2,40,2,J008,1,20,2011,10,8,3,3,1157840.3089569847,1939526.0716354197,41.989824000941,-87.694803000002,"{""latitude"":""41.989824000941"",""longitude"":""-87.694803000002"",""human_address"":""{\""address\"": \""\"", \""city\"": \""\"", \""state\"": \""\"", \""zip\"": \""\""}""}"
SR26-00475936,311 INFORMATION ONLY CALL,311IOC,311 City Services,311 City Services,Completed,Phone Call,2026-03-17T08:40:57.000,2026-03-17T09:32:03.000,2111 W Lexington ST,Demo City,Illinois,60612,2111,W,Lexington,ST,,,28,28,7,K024,2,12,1225,46,8,3,3,1162234.4668753312,1896560.9616219066,41.87183400094,-87.679845000002,"{""latitude"":""41.87183400094"",""longitude"":""-87.679845000002"",""human_address"":""{\""address\"": \""\"", \""city\"": \""\"", \""state\"": \""\"", \""zip\"": \""\""}""}"
SR26-00475935,311 INFORMATION ONLY CALL,311IOC,311 City Services,311 City Services,Completed,Phone Call,2026-03-17T08:40:52.000,2026-03-17T09:32:47.000,2111 W Lexington ST,Demo City,Illinois,60612,2111,W,Lexington,ST,,,28,28,7,K024,2,12,1225,46,8,3,3,1162234.4668753312,1896560.9616219066,41.87183400094,-87.679845000002,"{""latitude"":""41.87183400094"",""longitude"":""-87.679845000002"",""human_address"":""{\""address\"": \""\"", \""city\"": \""\"", \""state\"": \""\"", \""zip\"": \""\""}""}"
SR26-00475933,311 INFORMATION ONLY CALL,311IOC,311 City Services,311 City Services,Completed,Phone Call,2026-03-17T08:40:46.000,2026-03-17T09:32:26.000,2111 W Lexington ST,Demo City,Illinois,60612,2111,W,Lexington,ST,,,28,28,7,K024,2,12,1225,46,8,3,3,1162234.4668753312,1896560.9616219066,41.87183400094,-87.679845000002,"{""latitude"":""41.87183400094"",""longitude"":""-87.679845000002"",""human_address"":""{\""address\"": \""\"", \""city\"": \""\"", \""state\"": \""\"", \""zip\"": \""\""}""}"
SR26-00475931,Sign Repair Request - All Other Signs,PCE,Alderman,CDOT - Department of Transportation,Open,Phone Call,2026-03-17T08:40:24.000,2026-03-17T08:40:26.000,3149 S HALSTED ST,Demo City,Illinois,60608,3149,S,HALSTED,ST,,,60,11,9,O029,1,09,0915,22,8,3,3,1171561.1681727383,1883803.301242194,41.83662600094,-87.645978000002,"{""latitude"":""41.83662600094"",""longitude"":""-87.645978000002"",""human_address"":""{\""address\"": \""\"", \""city\"": \""\"", \""state\"": \""\"", \""zip\"": \""\""}""}"
SR26-00475929,Aircraft Noise Complaint,AVN,,Aviation,Completed,Internet,2026-03-17T08:40:07.000,2026-03-17T09:32:47.000,10510 W ZEMKE RD,Demo City,Illinois,60666,10510,W,ZEMKE,RD,,,76,41,,,5,16,1654,27,8,3,3,1105376.7673561182,1941043.7883293368,41.994900000941,-87.887749500002,"{""latitude"":""41.994900000941"",""longitude"":""-87.887749500002"",""human_address"":""{\""address\"": \""\"", \""city\"": \""\"", \""state\"": \""\"", \""zip\"": \""\""}""}"
SR26-00475930,311 INFORMATION ONLY CALL,311IOC,311 City Services,311 City Services,Completed,Phone Call,2026-03-17T08:40:07.000,2026-03-17T09:32:26.000,2111 W Lexington ST,Demo City,Illinois,60612,2111,W,Lexington,ST,,,28,28,7,K024,2,12,1225,46,8,3,3,1162234.4668753312,1896560.9616219066,41.87183400094,-87.679845000002,"{""latitude"":""41.87183400094"",""longitude"":""-87.679845000002"",""human_address"":""{\""address\"": \""\"", \""city\"": \""\"", \""state\"": \""\"", \""zip\"": \""\""}""}"
SR26-00475926,311 INFORMATION ONLY CALL,311IOC,311 City Services,311 City Services,Completed,Phone Call,2026-03-17T08:39:13.000,2026-03-17T09:32:47.000,2111 W Lexington ST,Demo City,Illinois,60612,2111,W,Lexington,ST,,,28,28,7,K024,2,12,1225,46,8,3,3,1162234.4668753312,1896560.9616219066,41.87183400094,-87.679845000002,"{""latitude"":""41.87183400094"",""longitude"":""-87.679845000002"",""human_address"":""{\""address\"": \""\"", \""city\"": \""\"", \""state\"": \""\"", \""zip\"": \""\""}""}"
SR26-00475925,Sewer Cave-In Inspection Request,AAD,,DWM - Department of Water Management,Open,Mobile Device,2026-03-17T08:39:09.000,2026-03-17T08:54:27.000,7341 W RASCHER AVE,,,,7341,W,RASCHER,AVE,,,10,41,1,X109,1,16,1613,36,8,3,3,1126270.4622549568,1935074.6430373574,41.978196000941,-87.811024500002,"{""latitude"":""41.978196000941"",""longitude"":""-87.811024500002"",""human_address"":""{\""address\"": \""\"", \""city\"": \""\"", \""state\"": \""\"", \""zip\"": \""\""}""}"
SR26-00475924,311 INFORMATION ONLY CALL,311IOC,311 City Services,311 City Services,Completed,Phone Call,2026-03-17T08:39:05.000,2026-03-17T09:32:47.000,2111 W Lexington ST,Demo City,Illinois,60612,2111,W,Lexington,ST,,,28,28,7,K024,2,12,1225,46,8,3,3,1162234.4668753312,1896560.9616219066,41.87183400094,-87.679845000002,"{""latitude"":""41.87183400094"",""longitude"":""-87.679845000002"",""human_address"":""{\""address\"": \""\"", \""city\"": \""\"", \""state\"": \""\"", \""zip\"": \""\""}""}"
SR26-00475923,Tree Debris Clean-Up Request,SEL,Streets and Sanitation,Streets and Sanitation,Open,Phone Call,2026-03-17T08:39:01.000,2026-03-17T08:39:03.000,3822 N KILBOURN AVE,Demo City,Illinois,60641,3822,N,KILBOURN,AVE,,,16,30,3,E013,3,17,1731,6,8,3,3,1145394.2242767343,1925115.3818364332,41.950525485207,-87.740948847267,"{""latitude"":""41.950525485207"",""longitude"":""-87.740948847267"",""human_address"":""{\""address\"": \""\"", \""city\"": \""\"", \""state\"": \""\"", \""zip\"": \""\""}""}"
SR26-00475922,311 INFORMATION ONLY CALL,311IOC,311 City Services,311 City Services,Completed,Phone Call,2026-03-17T08:39:00.000,2026-03-17T09:32:47.000,2111 W Lexington ST,Demo City,Illinois,60612,2111,W,Lexington,ST,,,28,28,7,K024,2,12,1225,46,8,3,3,1162234.4668753312,1896560.9616219066,41.87183400094,-87.679845000002,"{""latitude"":""41.87183400094"",""longitude"":""-87.679845000002"",""human_address"":""{\""address\"": \""\"", \""city\"": \""\"", \""state\"": \""\"", \""zip\"": \""\""}""}"
SR26-00475920,311 INFORMATION ONLY CALL,311IOC,311 City Services,311 City Services,Completed,Phone Call,2026-03-17T08:38:47.000,2026-03-17T09:32:26.000,2111 W Lexington ST,Demo City,Illinois,60612,2111,W,Lexington,ST,,,28,28,7,K024,2,12,1225,46,8,3,3,1162234.4668753312,1896560.9616219066,41.87183400094,-87.679845000002,"{""latitude"":""41.87183400094"",""longitude"":""-87.679845000002"",""human_address"":""{\""address\"": \""\"", \""city\"": \""\"", \""state\"": \""\"", \""zip\"": \""\""}""}"
SR26-00475919,Finance Parking Code Enforcement Review,FPCE,,Finance,Completed,Mobile Device,2026-03-17T08:38:43.000,2026-03-17T08:38:44.000,525 W SUPERIOR ST,,,,525,W,SUPERIOR,ST,,,8,42,5,O021,3,18,1831,5,8,3,3,1172344.446186166,1905184.0108043412,41.895279000941,-87.642472500002,"{""latitude"":""41.895279000941"",""longitude"":""-87.642472500002"",""human_address"":""{\""address\"": \""\"", \""city\"": \""\"", \""state\"": \""\"", \""zip\"": \""\""}""}"
SR26-00475918,311 INFORMATION ONLY CALL,311IOC,311 City Services,311 City Services,Completed,Phone Call,2026-03-17T08:38:36.000,2026-03-17T09:32:47.000,2111 W Lexington ST,Demo City,Illinois,60612,2111,W,Lexington,ST,,,28,28,7,K024,2,12,1225,46,8,3,3,1162234.4668753312,1896560.9616219066,41.87183400094,-87.679845000002,"{""latitude"":""41.87183400094"",""longitude"":""-87.679845000002"",""human_address"":""{\""address\"": \""\"", \""city\"": \""\"", \""state\"": \""\"", \""zip\"": \""\""}""}"
SR26-00475917,Pothole in Street Complaint,PHF,311 City Services,CDOT - Department of Transportation,Open,Phone Call,2026-03-17T08:38:21.000,2026-03-17T08:38:23.000,1001 W GRACE ST,Demo City,Illinois,,1001,W,GRACE,ST,,,6,46,4,N013,2,19,1923,5,8,3,3,1168922.2590867197,1925511.0256470188,41.951132330237,-87.654450217062,"{""latitude"":""41.951132330237"",""longitude"":""-87.654450217062"",""human_address"":""{\""address\"": \""\"", \""city\"": \""\"", \""state\"": \""\"", \""zip\"": \""\""}""}"
SR26-00475916,311 INFORMATION ONLY CALL,311IOC,311 City Services,311 City Services,Completed,Phone Call,2026-03-17T08:38:07.000,2026-03-17T09:32:26.000,2111 W Lexington ST,Demo City,Illinois,60612,2111,W,Lexington,ST,,,28,28,7,K024,2,12,1225,46,8,3,3,1162234.4668753312,1896560.9616219066,41.87183400094,-87.679845000002,"{""latitude"":""41.87183400094"",""longitude"":""-87.679845000002"",""human_address"":""{\""address\"": \""\"", \""city\"": \""\"", \""state\"": \""\"", \""zip\"": \""\""}""}"
SR26-00475915,No Building Permit and Construction Violation,BBD,311 City Services,DOB - Buildings,Open,Phone Call,2026-03-17T08:38:02.000,2026-03-17T08:38:06.000,6547 N RICHMOND ST,Demo City,Illinois,60645,6547,N,RICHMOND,ST,,,2,50,2,I006,1,24,2412,22,8,3,3,1155550.2374294118,1943490.823163338,42.000750000941,-87.703119000002,"{""latitude"":""42.000750000941"",""longitude"":""-87.703119000002"",""human_address"":""{\""address\"": \""\"", \""city\"": \""\"", \""state\"": \""\"", \""zip\"": \""\""}""}"
SR26-00475914,311 INFORMATION ONLY CALL,311IOC,311 City Services,311 City Services,Completed,Phone Call,2026-03-17T08:37:56.000,2026-03-17T09:32:03.000,2111 W Lexington ST,Demo City,Illinois,60612,2111,W,Lexington,ST,,,28,28,7,K024,2,12,1225,46,8,3,3,1162234.4668753312,1896560.9616219066,41.87183400094,-87.679845000002,"{""latitude"":""41.87183400094"",""longitude"":""-87.679845000002"",""human_address"":""{\""address\"": \""\"", \""city\"": \""\"", \""state\"": \""\"", \""zip\"": \""\""}""}"
SR26-00475910,311 INFORMATION ONLY CALL,311IOC,311 City Services,311 City Services,Completed,Phone Call,2026-03-17T08:37:34.000,2026-03-17T09:32:47.000,2111 W Lexington ST,Demo City,Illinois,60612,2111,W,Lexington,ST,,,28,28,7,K024,2,12,1225,46,8,3,3,1162234.4668753312,1896560.9616219066,41.87183400094,-87.679845000002,"{""latitude"":""41.87183400094"",""longitude"":""-87.679845000002"",""human_address"":""{\""address\"": \""\"", \""city\"": \""\"", \""state\"": \""\"", \""zip\"": \""\""}""}"
SR26-00475911,Aircraft Noise Complaint,AVN,,Aviation,Completed,Internet,2026-03-17T08:37:34.000,2026-03-17T09:32:03.000,10510 W ZEMKE RD,Demo City,Illinois,60666,10510,W,ZEMKE,RD,,,76,41,,,5,16,1654,27,8,3,3,1105376.7673561182,1941043.7883293368,41.994900000941,-87.887749500002,"{""latitude"":""41.994900000941"",""longitude"":""-87.887749500002"",""human_address"":""{\""address\"": \""\"", \""city\"": \""\"", \""state\"": \""\"", \""zip\"": \""\""}""}"
SR26-00475908,Water On Street Complaint,AAE,,DWM - Department of Water Management,Completed,DWM,2026-03-17T08:37:28.000,2026-03-17T09:32:03.000,6824 N WAUKESHA AVE,Demo City,IL,,6824,N,WAUKESHA,AVE,,,12,45,1,C005,2,16,1621,9,8,3,3,1138653.0805450813,1945301.108987325,42.006042000941,-87.765237000002,"{""latitude"":""42.006042000941"",""longitude"":""-87.765237000002"",""human_address"":""{\""address\"": \""\"", \""city\"": \""\"", \""state\"": \""\"", \""zip\"": \""\""}""}"
SR26-00475907,311 INFORMATION ONLY CALL,311IOC,311 City Services,311 City Services,Completed,Phone Call,2026-03-17T08:37:26.000,2026-03-17T09:32:47.000,2111 W Lexington ST,Demo City,Illinois,60612,2111,W,Lexington,ST,,,28,28,7,K024,2,12,1225,46,8,3,3,1162234.4668753312,1896560.9616219066,41.87183400094,-87.679845000002,"{""latitude"":""41.87183400094"",""longitude"":""-87.679845000002"",""human_address"":""{\""address\"": \""\"", \""city\"": \""\"", \""state\"": \""\"", \""zip\"": \""\""}""}"
SR26-00475906,311 INFORMATION ONLY CALL,311IOC,311 City Services,311 City Services,Completed,Phone Call,2026-03-17T08:37:17.000,2026-03-17T09:32:03.000,2111 W Lexington ST,Demo City,Illinois,60612,2111,W,Lexington,ST,,,28,28,7,K024,2,12,1225,46,8,3,3,1162234.4668753312,1896560.9616219066,41.87183400094,-87.679845000002,"{""latitude"":""41.87183400094"",""longitude"":""-87.679845000002"",""human_address"":""{\""address\"": \""\"", \""city\"": \""\"", \""state\"": \""\"", \""zip\"": \""\""}""}"
SR26-00475905,Tree Debris Clean-Up Request,SEL,Streets and Sanitation,Streets and Sanitation,Open,Phone Call,2026-03-17T08:36:54.000,2026-03-17T08:36:56.000,2834 N MASON AVE,Demo City,Illinois,60634,2834,N,MASON,AVE,,,19,30,3,B015,1,25,2514,5,8,3,3,1136211.482109826,1918383.5093985894,41.932221715191,-87.774865613662,"{""latitude"":""41.932221715191"",""longitude"":""-87.774865613662"",""human_address"":""{\""address\"": \""\"", \""city\"": \""\"", \""state\"": \""\"", \""zip\"": \""\""}""}"
SR26-00475904,Pothole in Street Complaint,PHF,311 City Services,CDOT - Department of Transportation,Open,Phone Call,2026-03-17T08:36:53.000,2026-03-17T10:56:10.000,8300 S VINCENNES AVE,Demo City,Illinois,60620,8300,S,VINCENNES,AVE,1,,71,21,14,O042,2,06,0622,2,8,3,3,1174391.095324138,1849887.3526055957,41.743494435733,-87.63660251512,"{""latitude"":""41.743494435733"",""longitude"":""-87.63660251512"",""human_address"":""{\""address\"": \""\"", \""city\"": \""\"", \""state\"": \""\"", \""zip\"": \""\""}""}"
SR26-00475903,311 INFORMATION ONLY CALL,311IOC,311 City Services,311 City Services,Completed,Phone Call,2026-03-17T08:36:38.000,2026-03-17T09:32:47.000,2111 W Lexington ST,Demo City,Illinois,60612,2111,W,Lexington,ST,,,28,28,7,K024,2,12,1225,46,8,3,3,1162234.4668753312,1896560.9616219066,41.87183400094,-87.679845000002,"{""latitude"":""41.87183400094"",""longitude"":""-87.679845000002"",""human_address"":""{\""address\"": \""\"", \""city\"": \""\"", \""state\"": \""\"", \""zip\"": \""\""}""}"
SR26-00475902,311 INFORMATION ONLY CALL,311IOC,311 City Services,311 City Services,Completed,Phone Call,2026-03-17T08:36:31.000,2026-03-17T09:32:03.000,2111 W Lexington ST,Demo City,Illinois,60612,2111,W,Lexington,ST,,,28,28,7,K024,2,12,1225,46,8,3,3,1162234.4668753312,1896560.9616219066,41.87183400094,-87.679845000002,"{""latitude"":""41.87183400094"",""longitude"":""-87.679845000002"",""human_address"":""{\""address\"": \""\"", \""city\"": \""\"", \""state\"": \""\"", \""zip\"": \""\""}""}"
SR26-00475901,311 INFORMATION ONLY CALL,311IOC,311 City Services,311 City Services,Completed,Phone Call,2026-03-17T08:36:12.000,2026-03-17T09:32:03.000,2111 W Lexington ST,Demo City,Illinois,60612,2111,W,Lexington,ST,,,28,28,7,K024,2,12,1225,46,8,3,3,1162234.4668753312,1896560.9616219066,41.87183400094,-87.679845000002,"{""latitude"":""41.87183400094"",""longitude"":""-87.679845000002"",""human_address"":""{\""address\"": \""\"", \""city\"": \""\"", \""state\"": \""\"", \""zip\"": \""\""}""}"
SR26-00475900,311 INFORMATION ONLY CALL,311IOC,311 City Services,311 City Services,Completed,Phone Call,2026-03-17T08:36:04.000,2026-03-17T09:32:26.000,2111 W Lexington ST,Demo City,Illinois,60612,2111,W,Lexington,ST,,,28,28,7,K024,2,12,1225,46,8,3,3,1162234.4668753312,1896560.9616219066,41.87183400094,-87.679845000002,"{""latitude"":""41.87183400094"",""longitude"":""-87.679845000002"",""human_address"":""{\""address\"": \""\"", \""city\"": \""\"", \""state\"": \""\"", \""zip\"": \""\""}""}"
SR26-00475899,Pothole in Street Complaint,PHF,CDOT - Department of Transportation,CDOT - Department of Transportation,Open,Phone Call,2026-03-17T08:35:45.000,2026-03-17T10:56:28.000,8300 S VINCENNES AVE,Demo City,Illinois,60620,8300,S,VINCENNES,AVE,1,,71,21,14,O042,2,06,0622,2,8,3,3,1174391.095324138,1849887.3526055957,41.743494435733,-87.63660251512,"{""latitude"":""41.743494435733"",""longitude"":""-87.63660251512"",""human_address"":""{\""address\"": \""\"", \""city\"": \""\"", \""state\"": \""\"", \""zip\"": \""\""}""}"
SR26-00475897,Inspect Public Way Request,PBD,311 City Services,CDOT - Department of Transportation,Open,Phone Call,2026-03-17T08:35:34.000,2026-03-17T08:35:35.000,1016 N WOOD ST,Demo City,Illinois,60622,1016,N,WOOD,ST,,,24,1,5,L020,1,12,1212,3,8,3,3,1164139.2441547166,1906900.3098257778,41.900166000941,-87.672559500002,"{""latitude"":""41.900166000941"",""longitude"":""-87.672559500002"",""human_address"":""{\""address\"": \""\"", \""city\"": \""\"", \""state\"": \""\"", \""zip\"": \""\""}""}"
SR26-00475896,Pothole in Street Complaint,PHF,Streets and Sanitation,CDOT - Department of Transportation,Open,Phone Call,2026-03-17T08:35:33.000,2026-03-17T08:35:35.000,3540 N CENTRAL AVE,Demo City,Illinois,60634,3540,N,CENTRAL,AVE,,,15,30,3,B014,3,16,1633,16,8,3,3,1138369.5776326417,1923167.5117637236,41.945310665806,-87.766818586451,"{""latitude"":""41.945310665806"",""longitude"":""-87.766818586451"",""human_address"":""{\""address\"": \""\"", \""city\"": \""\"", \""state\"": \""\"", \""zip\"": \""\""}""}"
SR26-00475895,311 INFORMATION ONLY CALL,311IOC,311 City Services,311 City Services,Completed,Phone Call,2026-03-17T08:35:29.000,2026-03-17T09:32:47.000,2111 W Lexington ST,Demo City,Illinois,60612,2111,W,Lexington,ST,,,43,8,12,T039,2,03,0324,2,8,3,3,1186907.6104336053,1857463.1852758685,41.76399600094,-87.590502000002,"{""latitude"":""41.76399600094"",""longitude"":""-87.590502000002"",""human_address"":""{\""address\"": \""\"", \""city\"": \""\"", \""state\"": \""\"", \""zip\"": \""\""}""}"
SR26-00475894,Aircraft Noise Complaint,AVN,,Aviation,Completed,Internet,2026-03-17T08:35:20.000,2026-03-17T09:32:47.000,10510 W ZEMKE RD,Demo City,Illinois,60666,10510,W,ZEMKE,RD,,,76,41,,,5,16,1654,27,8,3,3,1105376.7673561182,1941043.7883293368,41.994900000941,-87.887749500002,"{""latitude"":""41.994900000941"",""longitude"":""-87.887749500002"",""human_address"":""{\""address\"": \""\"", \""city\"": \""\"", \""state\"": \""\"", \""zip\"": \""\""}""}"
SR26-00475892,Stray Animal Complaint,EAE,,Animal Care and Control,Open,Mobile Device,2026-03-17T08:34:51.000,2026-03-17T08:34:53.000,4201 W LAKE ST,,,60624,4201,W,LAKE,ST,,,26,28,6,F022,1,11,1114,24,8,3,3,1148339.400974302,1901530.463372021,41.885749838488,-87.730731691435,"{""latitude"":""41.885749838488"",""longitude"":""-87.730731691435"",""human_address"":""{\""address\"": \""\"", \""city\"": \""\"", \""state\"": \""\"", \""zip\"": \""\""}""}"
SR26-00475890,Sewer Cleaning Inspection Request,CHECKFOR,311 City Services,DWM - Department of Water Management,Open,Phone Call,2026-03-17T08:34:02.000,2026-03-17T08:48:40.000,6333 S LAFLIN ST,Demo City,Illinois,60636,6333,S,LAFLIN,ST,,,67,16,11,M037,2,07,0725,34,8,3,3,1167497.175849203,1862600.3488927,41.77853100094,-87.661498500002,"{""latitude"":""41.77853100094"",""longitude"":""-87.661498500002"",""human_address"":""{\""address\"": \""\"", \""city\"": \""\"", \""state\"": \""\"", \""zip\"": \""\""}""}"
SR26-00475889,Aircraft Noise Complaint,AVN,,Aviation,Completed,Internet,2026-03-17T08:33:53.000,2026-03-17T09:32:26.000,10510 W ZEMKE RD,Demo City,Illinois,60666,10510,W,ZEMKE,RD,,,76,41,,,5,16,1654,27,8,3,3,1105376.7673561182,1941043.7883293368,41.994900000941,-87.887749500002,"{""latitude"":""41.994900000941"",""longitude"":""-87.887749500002"",""human_address"":""{\""address\"": \""\"", \""city\"": \""\"", \""state\"": \""\"", \""zip\"": \""\""}""}"
SR26-00475887,Aircraft Noise Complaint,AVN,,Aviation,Completed,Internet,2026-03-17T08:32:49.000,2026-03-17T09:32:03.000,10510 W ZEMKE RD,Demo City,Illinois,60666,10510,W,ZEMKE,RD,,,76,41,,,5,16,1654,27,8,3,3,1105376.7673561182,1941043.7883293368,41.994900000941,-87.887749500002,"{""latitude"":""41.994900000941"",""longitude"":""-87.887749500002"",""human_address"":""{\""address\"": \""\"", \""city\"": \""\"", \""state\"": \""\"", \""zip\"": \""\""}""}"
SR26-00475886,311 INFORMATION ONLY CALL,311IOC,311 City Services,311 City Services,Completed,Phone Call,2026-03-17T08:32:04.000,2026-03-17T09:32:26.000,2111 W Lexington ST,Demo City,Illinois,60612,2111,W,Lexington,ST,,,28,28,7,K024,2,12,1225,46,8,3,3,1162234.4668753312,1896560.9616219066,41.87183400094,-87.679845000002,"{""latitude"":""41.87183400094"",""longitude"":""-87.679845000002"",""human_address"":""{\""address\"": \""\"", \""city\"": \""\"", \""state\"": \""\"", \""zip\"": \""\""}""}"
SR26-00475885,311 INFORMATION ONLY CALL,311IOC,311 City Services,311 City Services,Completed,Phone Call,2026-03-17T08:31:34.000,2026-03-17T09:32:26.000,2111 W Lexington ST,Demo City,Illinois,60612,2111,W,Lexington,ST,,,28,28,7,K024,2,12,1225,46,8,3,3,1162234.4668753312,1896560.9616219066,41.87183400094,-87.679845000002,"{""latitude"":""41.87183400094"",""longitude"":""-87.679845000002"",""human_address"":""{\""address\"": \""\"", \""city\"": \""\"", \""state\"": \""\"", \""zip\"": \""\""}""}"
SR26-00475883,311 INFORMATION ONLY CALL,311IOC,311 City Services,311 City Services,Completed,Phone Call,2026-03-17T08:31:28.000,2026-03-17T09:32:26.000,2111 W Lexington ST,Demo City,Illinois,60612,2111,W,Lexington,ST,,,28,28,7,K024,2,12,1225,46,8,3,3,1162234.4668753312,1896560.9616219066,41.87183400094,-87.679845000002,"{""latitude"":""41.87183400094"",""longitude"":""-87.679845000002"",""human_address"":""{\""address\"": \""\"", \""city\"": \""\"", \""state\"": \""\"", \""zip\"": \""\""}""}"
SR26-00475882,311 INFORMATION ONLY CALL,311IOC,311 City Services,311 City Services,Completed,Phone Call,2026-03-17T08:31:27.000,2026-03-17T09:32:03.000,2111 W Lexington ST,Demo City,Illinois,60612,2111,W,Lexington,ST,,,28,28,7,K024,2,12,1225,46,8,3,3,1162234.4668753312,1896560.9616219066,41.87183400094,-87.679845000002,"{""latitude"":""41.87183400094"",""longitude"":""-87.679845000002"",""human_address"":""{\""address\"": \""\"", \""city\"": \""\"", \""state\"": \""\"", \""zip\"": \""\""}""}"
SR26-00475881,Snow – Uncleared Sidewalk Complaint,SWSNOREM,,CDOT - Department of Transportation,Open,Mobile Device,2026-03-17T08:31:22.000,2026-03-17T08:31:25.000,1791 W HOWARD ST,,,,1791,W,HOWARD,ST,,,1,49,2,L004,2,24,2422,5,8,3,3,1162908.3745610209,1950279.6892126696,42.019227000941,-87.675858000002,"{""latitude"":""42.019227000941"",""longitude"":""-87.675858000002"",""human_address"":""{\""address\"": \""\"", \""city\"": \""\"", \""state\"": \""\"", \""zip\"": \""\""}""}"
SR26-00475880,Tree Removal Inspection,SEE,Streets and Sanitation,Streets and Sanitation,Open,Phone Call,2026-03-17T08:31:01.000,2026-03-17T08:31:02.000,6903 N ALGONQUIN AVE,Demo City,Illinois,60646,6903,N,ALGONQUIN,AVE,,,12,45,1,C005,2,16,1621,9,8,3,3,1139380.7270255473,1945499.4569077082,42.006573000941,-87.762555000002,"{""latitude"":""42.006573000941"",""longitude"":""-87.762555000002"",""human_address"":""{\""address\"": \""\"", \""city\"": \""\"", \""state\"": \""\"", \""zip\"": \""\""}""}"
SR26-00475879,311 INFORMATION ONLY CALL,311IOC,311 City Services,311 City Services,Completed,Phone Call,2026-03-17T08:30:54.000,2026-03-17T09:32:26.000,2111 W Lexington ST,Demo City,Illinois,60612,2111,W,Lexington,ST,,,28,28,7,K024,2,12,1225,46,8,3,3,1162234.4668753312,1896560.9616219066,41.87183400094,-87.679845000002,"{""latitude"":""41.87183400094"",""longitude"":""-87.679845000002"",""human_address"":""{\""address\"": \""\"", \""city\"": \""\"", \""state\"": \""\"", \""zip\"": \""\""}""}"
SR26-00475878,311 INFORMATION ONLY CALL,311IOC,311 City Services,311 City Services,Completed,Phone Call,2026-03-17T08:30:48.000,2026-03-17T09:32:26.000,2111 W Lexington ST,Demo City,Illinois,60612,2111,W,Lexington,ST,,,28,28,7,K024,2,12,1225,46,8,3,3,1162234.4668753312,1896560.9616219066,41.87183400094,-87.679845000002,"{""latitude"":""41.87183400094"",""longitude"":""-87.679845000002"",""human_address"":""{\""address\"": \""\"", \""city\"": \""\"", \""state\"": \""\"", \""zip\"": \""\""}""}"
SR26-00475877,Tree Planting Request,SED,,Streets and Sanitation,Open,Internet,2026-03-17T08:30:46.000,2026-03-17T08:30:47.000,3929 N WHIPPLE ST,Demo City,Illinois,60618,3929,N,WHIPPLE,ST,1,,16,33,4,I013,3,17,1733,6,8,3,3,1155421.0636586288,1926106.832347872,41.953050000941,-87.704064000002,"{""latitude"":""41.953050000941"",""longitude"":""-87.704064000002"",""human_address"":""{\""address\"": \""\"", \""city\"": \""\"", \""state\"": \""\"", \""zip\"": \""\""}""}"
SR26-00475876,311 INFORMATION ONLY CALL,311IOC,311 City Services,311 City Services,Completed,Phone Call,2026-03-17T08:30:40.000,2026-03-17T09:32:26.000,2111 W Lexington ST,Demo City,Illinois,60612,2111,W,Lexington,ST,,,28,28,7,K024,2,12,1225,46,8,3,3,1162234.4668753312,1896560.9616219066,41.87183400094,-87.679845000002,"{""latitude"":""41.87183400094"",""longitude"":""-87.679845000002"",""human_address"":""{\""address\"": \""\"", \""city\"": \""\"", \""state\"": \""\"", \""zip\"": \""\""}""}"
SR26-00475874,311 INFORMATION ONLY CALL,311IOC,311 City Services,311 City Services,Completed,Phone Call,2026-03-17T08:30:33.000,2026-03-17T09:32:03.000,2111 W Lexington ST,Demo City,Illinois,60612,2111,W,Lexington,ST,,,28,28,7,K024,2,12,1225,46,8,3,3,1162234.4668753312,1896560.9616219066,41.87183400094,-87.679845000002,"{""latitude"":""41.87183400094"",""longitude"":""-87.679845000002"",""human_address"":""{\""address\"": \""\"", \""city\"": \""\"", \""state\"": \""\"", \""zip\"": \""\""}""}"
SR26-00475873,Pothole in Street Complaint,PHF,,CDOT - Department of Transportation,Open,Mobile Device,2026-03-17T08:30:32.000,2026-03-17T08:30:36.000,3101 N SHERIDAN RD,,,,3101,N,SHERIDAN,RD,,,6,44,4,P015,3,19,1934,35,8,3,3,1173124.8700103287,1920782.6061309767,41.938065000941,-87.639142500002,"{""latitude"":""41.938065000941"",""longitude"":""-87.639142500002"",""human_address"":""{\""address\"": \""\"", \""city\"": \""\"", \""state\"": \""\"", \""zip\"": \""\""}""}"
SR26-00475872,Street Light Pole Damage Complaint,SFK,CDOT - Department of Transportation,CDOT - Department of Transportation,Completed,Phone Call,2026-03-17T08:30:13.000,2026-03-17T08:40:56.000,6459 S NORMAL BLVD,Demo City,Illinois,60621,6459,S,NORMAL,BLVD,,,68,6,11,O037,2,07,0722,29,8,3,3,1174090.6003284566,1861835.8325055258,41.776289183388,-87.637349341148,"{""latitude"":""41.776289183388"",""longitude"":""-87.637349341148"",""human_address"":""{\""address\"": \""\"", \""city\"": \""\"", \""state\"": \""\"", \""zip\"": \""\""}""}"
SR26-00475871,311 INFORMATION ONLY CALL,311IOC,311 City Services,311 City Services,Completed,Phone Call,2026-03-17T08:30:04.000,2026-03-17T09:32:26.000,2111 W Lexington ST,Demo City,Illinois,60612,2111,W,Lexington,ST,,,28,28,7,K024,2,12,1225,46,8,3,3,1162234.4668753312,1896560.9616219066,41.87183400094,-87.679845000002,"{""latitude"":""41.87183400094"",""longitude"":""-87.679845000002"",""human_address"":""{\""address\"": \""\"", \""city\"": \""\"", \""state\"": \""\"", \""zip\"": \""\""}""}"
SR26-00475870,Garbage Cart Maintenance,SIE,311 City Services,Streets and Sanitation,Open,Phone Call,2026-03-17T08:30:03.000,2026-03-17T08:30:04.000,6826 N SACRAMENTO AVE,Demo City,Illinois,60645,6826,N,SACRAMENTO,AVE,,,2,50,2,I005,1,24,2411,18,8,3,3,1155030.8797282658,1945254.836422863,42.005601000941,-87.704982000002,"{""latitude"":""42.005601000941"",""longitude"":""-87.704982000002"",""human_address"":""{\""address\"": \""\"", \""city\"": \""\"", \""state\"": \""\"", \""zip\"": \""\""}""}"
SR26-00475869,Aircraft Noise Complaint,AVN,,Aviation,Completed,Internet,2026-03-17T08:29:31.000,2026-03-17T08:32:03.000,10510 W ZEMKE RD,Demo City,Illinois,60666,10510,W,ZEMKE,RD,,,76,41,,,5,16,1654,27,8,3,3,1105376.7673561182,1941043.7883293368,41.994900000941,-87.887749500002,"{""latitude"":""41.994900000941"",""longitude"":""-87.887749500002"",""human_address"":""{\""address\"": \""\"", \""city\"": \""\"", \""state\"": \""\"", \""zip\"": \""\""}""}"
SR26-00475867,Pothole in Street Complaint,PHF,Streets and Sanitation,CDOT - Department of Transportation,Open,Phone Call,2026-03-17T08:29:20.000,2026-03-17T08:29:22.000,5146 W WAVELAND AVE,Demo City,Illinois,60641,5146,W,WAVELAND,AVE,,,15,30,3,D013,3,16,1634,9,8,3,3,1141206.0304429042,1924186.5186451701,41.948055000941,-87.756367500002,"{""latitude"":""41.948055000941"",""longitude"":""-87.756367500002"",""human_address"":""{\""address\"": \""\"", \""city\"": \""\"", \""state\"": \""\"", \""zip\"": \""\""}""}"
SR26-00475866,311 INFORMATION ONLY CALL,311IOC,311 City Services,311 City Services,Completed,Phone Call,2026-03-17T08:29:18.000,2026-03-17T08:32:03.000,2111 W Lexington ST,Demo City,Illinois,60612,2111,W,Lexington,ST,,,28,28,7,K024,2,12,1225,46,8,3,3,1162234.4668753312,1896560.9616219066,41.87183400094,-87.679845000002,"{""latitude"":""41.87183400094"",""longitude"":""-87.679845000002"",""human_address"":""{\""address\"": \""\"", \""city\"": \""\"", \""state\"": \""\"", \""zip\"": \""\""}""}"
SR26-00475865,Finance Parking Code Enforcement Review,FPCE,311 City Services,Finance,Completed,Phone Call,2026-03-17T08:29:12.000,2026-03-17T08:29:12.000,2200 N SAYRE AVE,Demo City,Illinois,60707,2200,N,SAYRE,AVE,,,25,29,3,Y117,1,25,2512,23,8,3,3,1129126.8999816463,1913914.9109233315,41.920083000941,-87.801003000002,"{""latitude"":""41.920083000941"",""longitude"":""-87.801003000002"",""human_address"":""{\""address\"": \""\"", \""city\"": \""\"", \""state\"": \""\"", \""zip\"": \""\""}""}"
SR26-00475864,311 INFORMATION ONLY CALL,311IOC,311 City Services,311 City Services,Completed,Phone Call,2026-03-17T08:29:09.000,2026-03-17T08:31:34.000,2111 W Lexington ST,Demo City,Illinois,60612,2111,W,Lexington,ST,,,28,28,7,K024,2,12,1225,46,8,3,3,1162234.4668753312,1896560.9616219066,41.87183400094,-87.679845000002,"{""latitude"":""41.87183400094"",""longitude"":""-87.679845000002"",""human_address"":""{\""address\"": \""\"", \""city\"": \""\"", \""state\"": \""\"", \""zip\"": \""\""}""}"
SR26-00475863,Pothole in Street Complaint,PHF,,CDOT - Department of Transportation,Open,Mobile Device,2026-03-17T08:29:04.000,2026-03-17T09:49:44.000,4040 W FULLERTON AVE,,,,4040,W,FULLERTON,AVE,1,,20,31,3,F016,2,25,2524,39,8,3,3,1148983.0563549236,1915752.0942878483,41.924763000941,-87.727999500002,"{""latitude"":""41.924763000941"",""longitude"":""-87.727999500002"",""human_address"":""{\""address\"": \""\"", \""city\"": \""\"", \""state\"": \""\"", \""zip\"": \""\""}""}"
SR26-00475862,Graffiti Removal Request,GRAF,,Streets and Sanitation,Open,Internet,2026-03-17T08:29:03.000,2026-03-17T08:29:04.000,7367 N ASHLAND BLVD,Demo City,Illinois,,7367,N,ASHLAND,BLVD,,,1,49,2,M004,2,24,2422,11,8,3,3,1164422.8812744669,1949115.9269279393,42.016001559846,-87.670317990116,"{""latitude"":""42.016001559846"",""longitude"":""-87.670317990116"",""human_address"":""{\""address\"": \""\"", \""city\"": \""\"", \""state\"": \""\"", \""zip\"": \""\""}""}"
SR26-00475860,Street Light Out Complaint,SFD,311 City Services,CDOT - Department of Transportation,Open,Phone Call,2026-03-17T08:28:43.000,2026-03-17T08:28:44.000,2346 S KOSTNER AVE,Demo City,Illinois,60623,2346,S,KOSTNER,AVE,1,,29,22,8,E027,1,10,1013,21,8,3,3,1147361.4666388503,1887859.5622692052,41.84825400094,-87.734673000002,"{""latitude"":""41.84825400094"",""longitude"":""-87.734673000002"",""human_address"":""{\""address\"": \""\"", \""city\"": \""\"", \""state\"": \""\"", \""zip\"": \""\""}""}"
SR26-00475859,Pothole in Street Complaint,PHF,Streets and Sanitation,CDOT - Department of Transportation,Open,Phone Call,2026-03-17T08:28:33.000,2026-03-17T08:28:35.000,5429 W GRACE ST,Demo City,Illinois,60641,5429,W,GRACE,ST,,,15,30,3,C013,3,16,1633,35,8,3,3,1139363.8976912652,1924692.3942337732,41.949477000941,-87.763126500002,"{""latitude"":""41.949477000941"",""longitude"":""-87.763126500002"",""human_address"":""{\""address\"": \""\"", \""city\"": \""\"", \""state\"": \""\"", \""zip\"": \""\""}""}"
SR26-00475857,Rodent Baiting/Rat Complaint,SGA,311 City Services,Streets and Sanitation,Open,Phone Call,2026-03-17T08:28:15.000,2026-03-17T08:28:17.000,7230 W SEMINOLE ST,Demo City,Illinois,60631,7230,W,SEMINOLE,ST,,,10,41,1,X108,1,16,1612,43,8,3,3,1127010.456192525,1937319.2436399348,41.984343000941,-87.808252500002,"{""latitude"":""41.984343000941"",""longitude"":""-87.808252500002"",""human_address"":""{\""address\"": \""\"", \""city\"": \""\"", \""state\"": \""\"", \""zip\"": \""\""}""}"
SR26-00475855,311 INFORMATION ONLY CALL,311IOC,311 City Services,311 City Services,Completed,Phone Call,2026-03-17T08:28:01.000,2026-03-17T08:31:34.000,2111 W Lexington ST,Demo City,Illinois,60612,2111,W,Lexington,ST,,,28,28,7,K024,2,12,1225,46,8,3,3,1162234.4668753312,1896560.9616219066,41.87183400094,-87.679845000002,"{""latitude"":""41.87183400094"",""longitude"":""-87.679845000002"",""human_address"":""{\""address\"": \""\"", \""city\"": \""\"", \""state\"": \""\"", \""zip\"": \""\""}""}"
SR26-00475854,311 INFORMATION ONLY CALL,311IOC,311 City Services,311 City Services,Completed,Phone Call,2026-03-17T08:27:57.000,2026-03-17T08:31:56.000,2111 W Lexington ST,Demo City,Illinois,60612,2111,W,Lexington,ST,,,28,28,7,K024,2,12,1225,46,8,3,3,1162234.4668753312,1896560.9616219066,41.87183400094,-87.679845000002,"{""latitude"":""41.87183400094"",""longitude"":""-87.679845000002"",""human_address"":""{\""address\"": \""\"", \""city\"": \""\"", \""state\"": \""\"", \""zip\"": \""\""}""}"
SR26-00475853,No Building Permit and Construction Violation,BBD,311 City Services,DOB - Buildings,Open,Phone Call,2026-03-17T08:27:56.000,2026-03-17T08:28:00.000,4912 W CORNELIA AVE,Demo City,Illinois,60641,4912,W,CORNELIA,AVE,,,15,31,3,D014,3,16,1634,12,8,3,3,1142906.6311823565,1922902.5178959027,41.944500000941,-87.750148500002,"{""latitude"":""41.944500000941"",""longitude"":""-87.750148500002"",""human_address"":""{\""address\"": \""\"", \""city\"": \""\"", \""state\"": \""\"", \""zip\"": \""\""}""}"
SR26-00475852,311 INFORMATION ONLY CALL,311IOC,311 City Services,311 City Services,Completed,Phone Call,2026-03-17T08:27:48.000,2026-03-17T08:32:03.000,2111 W Lexington ST,Demo City,Illinois,60612,2111,W,Lexington,ST,,,28,28,7,K024,2,12,1225,46,8,3,3,1162234.4668753312,1896560.9616219066,41.87183400094,-87.679845000002,"{""latitude"":""41.87183400094"",""longitude"":""-87.679845000002"",""human_address"":""{\""address\"": \""\"", \""city\"": \""\"", \""state\"": \""\"", \""zip\"": \""\""}""}"
SR26-00475851,Pothole in Street Complaint,PHF,Streets and Sanitation,CDOT - Department of Transportation,Open,Phone Call,2026-03-17T08:27:35.000,2026-03-17T08:27:37.000,5700 W SCHUBERT AVE,Demo City,Illinois,60639,5700,W,SCHUBERT,AVE,,,19,30,3,B016,1,25,2514,10,8,3,3,1137897.49917713,1917396.261624528,41.929482296639,-87.768693513613,"{""latitude"":""41.929482296639"",""longitude"":""-87.768693513613"",""human_address"":""{\""address\"": \""\"", \""city\"": \""\"", \""state\"": \""\"", \""zip\"": \""\""}""}"
SR26-00475850,No Building Permit and Construction Violation,BBD,DOB - Buildings,DOB - Buildings,Open,Phone Call,2026-03-17T08:27:33.000,2026-03-17T08:27:37.000,5209 N MILWAUKEE AVE,Demo City,Illinois,60630,5209,N,MILWAUKEE,AVE,,,11,45,1,C010,2,16,1623,34,8,3,3,1138320.4692293874,1934013.1497217955,41.975073000941,-87.766735500002,"{""latitude"":""41.975073000941"",""longitude"":""-87.766735500002"",""human_address"":""{\""address\"": \""\"", \""city\"": \""\"", \""state\"": \""\"", \""zip\"": \""\""}""}"
SR26-00475849,311 INFORMATION ONLY CALL,311IOC,311 City Services,311 City Services,Completed,Phone Call,2026-03-17T08:27:14.000,2026-03-17T08:31:34.000,2111 W Lexington ST,Demo City,Illinois,60612,2111,W,Lexington,ST,,,28,28,7,K024,2,12,1225,46,8,3,3,1162234.4668753312,1896560.9616219066,41.87183400094,-87.679845000002,"{""latitude"":""41.87183400094"",""longitude"":""-87.679845000002"",""human_address"":""{\""address\"": \""\"", \""city\"": \""\"", \""state\"": \""\"", \""zip\"": \""\""}""}"
SR26-00475846,Pothole in Street Complaint,PHF,Streets and Sanitation,CDOT - Department of Transportation,Open,Phone Call,2026-03-17T08:27:01.000,2026-03-17T08:27:03.000,5810 W CORNELIA AVE,Demo City,Illinois,60634,5810,W,CORNELIA,AVE,,,15,30,3,B014,3,16,1633,17,8,3,3,1136944.2206430768,1922741.3629973228,41.944167000941,-87.772068000002,"{""latitude"":""41.944167000941"",""longitude"":""-87.772068000002"",""human_address"":""{\""address\"": \""\"", \""city\"": \""\"", \""state\"": \""\"", \""zip\"": \""\""}""}"
SR26-00475844,311 INFORMATION ONLY CALL,311IOC,311 City Services,311 City Services,Completed,Phone Call,2026-03-17T08:26:59.000,2026-03-17T08:32:03.000,2111 W Lexington ST,Demo City,Illinois,60612,2111,W,Lexington,ST,,,28,28,7,K024,2,12,1225,46,8,3,3,1162234.4668753312,1896560.9616219066,41.87183400094,-87.679845000002,"{""latitude"":""41.87183400094"",""longitude"":""-87.679845000002"",""human_address"":""{\""address\"": \""\"", \""city\"": \""\"", \""state\"": \""\"", \""zip\"": \""\""}""}"
SR26-00475841,Abandoned Vehicle Complaint,SKA,311 City Services,Streets and Sanitation,Open,Phone Call,2026-03-17T08:26:54.000,2026-03-17T08:26:58.000,4716 W PARKER AVE,Demo City,Illinois,60639,4716,W,PARKER,AVE,,,19,31,3,E016,2,25,2521,29,8,3,3,1144367.0715349694,1917927.2473507554,41.930820000941,-87.744906000002,"{""latitude"":""41.930820000941"",""longitude"":""-87.744906000002"",""human_address"":""{\""address\"": \""\"", \""city\"": \""\"", \""state\"": \""\"", \""zip\"": \""\""}""}"
SR26-00475840,311 INFORMATION ONLY CALL,311IOC,311 City Services,311 City Services,Completed,Phone Call,2026-03-17T08:26:32.000,2026-03-17T08:32:03.000,2111 W Lexington ST,Demo City,Illinois,60612,2111,W,Lexington,ST,,,28,28,7,K024,2,12,1225,46,8,3,3,1162234.4668753312,1896560.9616219066,41.87183400094,-87.679845000002,"{""latitude"":""41.87183400094"",""longitude"":""-87.679845000002"",""human_address"":""{\""address\"": \""\"", \""city\"": \""\"", \""state\"": \""\"", \""zip\"": \""\""}""}"
SR26-00475839,Pothole in Street Complaint,PHF,Streets and Sanitation,CDOT - Department of Transportation,Open,Phone Call,2026-03-17T08:26:27.000,2026-03-17T08:26:29.000,3230 N MENARD AVE,Demo City,Illinois,60634,3230,N,MENARD,AVE,,,15,30,3,B014,3,16,1633,17,8,3,3,1137116.3009689732,1921037.6551199567,41.939488754843,-87.771476544085,"{""latitude"":""41.939488754843"",""longitude"":""-87.771476544085"",""human_address"":""{\""address\"": \""\"", \""city\"": \""\"", \""state\"": \""\"", \""zip\"": \""\""}""}"
SR26-00475838,311 INFORMATION ONLY CALL,311IOC,311 City Services,311 City Services,Completed,Phone Call,2026-03-17T08:26:15.000,2026-03-17T08:31:56.000,2111 W Lexington ST,Demo City,Illinois,60612,2111,W,Lexington,ST,,,28,28,7,K024,2,12,1225,46,8,3,3,1162234.4668753312,1896560.9616219066,41.87183400094,-87.679845000002,"{""latitude"":""41.87183400094"",""longitude"":""-87.679845000002"",""human_address"":""{\""address\"": \""\"", \""city\"": \""\"", \""state\"": \""\"", \""zip\"": \""\""}""}"
SR26-00475837,Tree Emergency,SEC,Streets and Sanitation,Streets and Sanitation,Open,Salesforce Mobile App,2026-03-17T08:26:06.000,2026-03-17T08:26:08.000,4327 W PALMER,Demo City,Illinois,60639,4327,W,PALMER,,,,20,35,3,F017,2,25,2522,19,8,3,3,1147055.3292849758,1914187.2348621525,41.920506000941,-87.735123000002,"{""latitude"":""41.920506000941"",""longitude"":""-87.735123000002"",""human_address"":""{\""address\"": \""\"", \""city\"": \""\"", \""state\"": \""\"", \""zip\"": \""\""}""}"
SR26-00475836,Pothole in Street Complaint,PHF,Streets and Sanitation,CDOT - Department of Transportation,Open,Phone Call,2026-03-17T08:25:57.000,2026-03-17T08:25:59.000,4916 W WRIGHTWOOD AVE,Demo City,Illinois,60639,4916,W,WRIGHTWOOD,AVE,,,19,31,3,D016,2,25,2521,37,8,3,3,1143087.5588364669,1916867.6023933054,41.927936229646,-87.749634506078,"{""latitude"":""41.927936229646"",""longitude"":""-87.749634506078"",""human_address"":""{\""address\"": \""\"", \""city\"": \""\"", \""state\"": \""\"", \""zip\"": \""\""}""}"
SR26-00475834,311 INFORMATION ONLY CALL,311IOC,311 City Services,311 City Services,Completed,Phone Call,2026-03-17T08:25:39.000,2026-03-17T08:31:56.000,2111 W Lexington ST,Demo City,Illinois,60612,2111,W,Lexington,ST,,,28,28,7,K024,2,12,1225,46,8,3,3,1162234.4668753312,1896560.9616219066,41.87183400094,-87.679845000002,"{""latitude"":""41.87183400094"",""longitude"":""-87.679845000002"",""human_address"":""{\""address\"": \""\"", \""city\"": \""\"", \""state\"": \""\"", \""zip\"": \""\""}""}"
SR26-00475833,311 INFORMATION ONLY CALL,311IOC,311 City Services,311 City Services,Completed,Phone Call,2026-03-17T08:25:38.000,2026-03-17T08:31:56.000,2111 W Lexington ST,Demo City,Illinois,60612,2111,W,Lexington,ST,,,28,28,7,K024,2,12,1225,46,8,3,3,1162234.4668753312,1896560.9616219066,41.87183400094,-87.679845000002,"{""latitude"":""41.87183400094"",""longitude"":""-87.679845000002"",""human_address"":""{\""address\"": \""\"", \""city\"": \""\"", \""state\"": \""\"", \""zip\"": \""\""}""}"
SR26-00475831,Sewer Cave-In Inspection Request,AAD,311 City Services,DWM - Department of Water Management,Open,Phone Call,2026-03-17T08:25:31.000,2026-03-17T08:47:09.000,1320 S UNION AVE,Demo City,Illinois,60607,1320,S,UNION,AVE,,,28,28,7,O025,3,12,1232,7,8,3,3,1171712.6501745097,1894114.1664481426,41.864916533695,-87.645118935878,"{""latitude"":""41.864916533695"",""longitude"":""-87.645118935878"",""human_address"":""{\""address\"": \""\"", \""city\"": \""\"", \""state\"": \""\"", \""zip\"": \""\""}""}"
SR26-00475832,Aircraft Noise Complaint,AVN,,Aviation,Completed,Internet,2026-03-17T08:25:31.000,2026-03-17T08:31:34.000,10510 W ZEMKE RD,Demo City,Illinois,60666,10510,W,ZEMKE,RD,,,76,41,,,5,16,1654,27,8,3,3,1105376.7673561182,1941043.7883293368,41.994900000941,-87.887749500002,"{""latitude"":""41.994900000941"",""longitude"":""-87.887749500002"",""human_address"":""{\""address\"": \""\"", \""city\"": \""\"", \""state\"": \""\"", \""zip\"": \""\""}""}"
SR26-00475830,Pothole in Street Complaint,PHF,Streets and Sanitation,CDOT - Department of Transportation,Open,Phone Call,2026-03-17T08:25:30.000,2026-03-17T08:25:32.000,5548 W WRIGHTWOOD AVE,Demo City,Illinois,60639,5548,W,WRIGHTWOOD,AVE,,,19,31,3,C016,1,25,2514,14,8,3,3,1138733.0432818544,1916803.6626555824,41.927841000941,-87.765637500002,"{""latitude"":""41.927841000941"",""longitude"":""-87.765637500002"",""human_address"":""{\""address\"": \""\"", \""city\"": \""\"", \""state\"": \""\"", \""zip\"": \""\""}""}"
SR26-00475829,Abandoned Vehicle Complaint,SKA,,Streets and Sanitation,Open,Internet,2026-03-17T08:25:29.000,2026-03-17T09:00:09.000,747 N LOTUS AVE,Demo City,Illinois,60644,747,N,LOTUS,AVE,,,25,37,6,C021,2,15,1524,18,8,3,3,1139853.9295243158,1904617.0134158526,41.894379000941,-87.761817000002,"{""latitude"":""41.894379000941"",""longitude"":""-87.761817000002"",""human_address"":""{\""address\"": \""\"", \""city\"": \""\"", \""state\"": \""\"", \""zip\"": \""\""}""}"
SR26-00475828,City Vehicle Sticker Violation,QAC,,City Clerk's Office,Open,Internet,2026-03-17T08:25:26.000,2026-03-17T08:25:28.000,5009 S KOSTNER AVE,Demo City,Illinois,60632,5009,S,KOSTNER,AVE,,,57,14,8,F033,1,08,0815,8,8,3,3,1147955.050446709,1870996.1378153411,41.80196700094,-87.732927000002,"{""latitude"":""41.80196700094"",""longitude"":""-87.732927000002"",""human_address"":""{\""address\"": \""\"", \""city\"": \""\"", \""state\"": \""\"", \""zip\"": \""\""}""}"
SR26-00475827,Check for Leak,WM3,Streets and Sanitation,DWM - Department of Water Management,Open,Phone Call,2026-03-17T08:25:14.000,2026-03-17T09:06:32.000,6900 N CAMPBELL AVE,Demo City,Illinois,60645,6900,N,CAMPBELL,AVE,,,2,40,2,J005,1,24,2411,15,8,3,3,1158357.4379846873,1945791.1443369333,42.007005000941,-87.692728500002,"{""latitude"":""42.007005000941"",""longitude"":""-87.692728500002"",""human_address"":""{\""address\"": \""\"", \""city\"": \""\"", \""state\"": \""\"", \""zip\"": \""\""}""}"
SR26-00475826,311 INFORMATION ONLY CALL,311IOC,311 City Services,311 City Services,Completed,Phone Call,2026-03-17T08:25:03.000,2026-03-17T08:31:56.000,2111 W Lexington ST,Demo City,Illinois,60612,2111,W,Lexington,ST,,,28,28,7,K024,2,12,1225,46,8,3,3,1162234.4668753312,1896560.9616219066,41.87183400094,-87.679845000002,"{""latitude"":""41.87183400094"",""longitude"":""-87.679845000002"",""human_address"":""{\""address\"": \""\"", \""city\"": \""\"", \""state\"": \""\"", \""zip\"": \""\""}""}"
SR26-00475825,311 INFORMATION ONLY CALL,311IOC,311 City Services,311 City Services,Completed,Phone Call,2026-03-17T08:25:00.000,2026-03-17T08:31:34.000,2111 W Lexington ST,Demo City,Illinois,60612,2111,W,Lexington,ST,,,28,28,7,K024,2,12,1225,46,8,3,3,1162234.4668753312,1896560.9616219066,41.87183400094,-87.679845000002,"{""latitude"":""41.87183400094"",""longitude"":""-87.679845000002"",""human_address"":""{\""address\"": \""\"", \""city\"": \""\"", \""state\"": \""\"", \""zip\"": \""\""}""}"
SR26-00475824,Pothole in Street Complaint,PHF,Streets and Sanitation,CDOT - Department of Transportation,Open,Phone Call,2026-03-17T08:24:41.000,2026-03-17T09:47:41.000,2644 N CENTRAL AVE,Demo City,Illinois,60639,2644,N,CENTRAL,AVE,1,,19,30,3,B016,1,25,2514,10,8,3,3,1138458.3548721876,1917231.4933341953,41.929020000941,-87.766636500002,"{""latitude"":""41.929020000941"",""longitude"":""-87.766636500002"",""human_address"":""{\""address\"": \""\"", \""city\"": \""\"", \""state\"": \""\"", \""zip\"": \""\""}""}"
SR26-00475823,311 INFORMATION ONLY CALL,311IOC,311 City Services,311 City Services,Completed,Phone Call,2026-03-17T08:24:40.000,2026-03-17T08:30:49.000,2111 W Lexington ST,Demo City,Illinois,60612,2111,W,Lexington,ST,,,28,28,7,K024,2,12,1225,46,8,3,3,1162234.4668753312,1896560.9616219066,41.87183400094,-87.679845000002,"{""latitude"":""41.87183400094"",""longitude"":""-87.679845000002"",""human_address"":""{\""address\"": \""\"", \""city\"": \""\"", \""state\"": \""\"", \""zip\"": \""\""}""}"
SR26-00475822,Snow – Uncleared Sidewalk Complaint,SWSNOREM,,CDOT - Department of Transportation,Completed,Mobile Device,2026-03-17T08:24:35.000,2026-03-17T09:42:14.000,1701 W BELMONT AVE,,,,1701,W,BELMONT,AVE,,,6,32,4,L015,3,19,1931,40,8,3,3,1164387.7181632286,1921212.023540915,41.939433000941,-87.671241000002,"{""latitude"":""41.939433000941"",""longitude"":""-87.671241000002"",""human_address"":""{\""address\"": \""\"", \""city\"": \""\"", \""state\"": \""\"", \""zip\"": \""\""}""}"
SR26-00475821,311 INFORMATION ONLY CALL,311IOC,311 City Services,311 City Services,Completed,Phone Call,2026-03-17T08:24:32.000,2026-03-17T08:31:34.000,2111 W Lexington ST,Demo City,Illinois,60612,2111,W,Lexington,ST,,,28,28,7,K024,2,12,1225,46,8,3,3,1162234.4668753312,1896560.9616219066,41.87183400094,-87.679845000002,"{""latitude"":""41.87183400094"",""longitude"":""-87.679845000002"",""human_address"":""{\""address\"": \""\"", \""city\"": \""\"", \""state\"": \""\"", \""zip\"": \""\""}""}"
SR26-00475820,Tree Emergency,SEC,311 City Services,Streets and Sanitation,Completed,Phone Call,2026-03-17T08:24:27.000,2026-03-17T09:16:30.000,6419 S WHIPPLE ST,Demo City,Illinois,60629,6419,S,WHIPPLE,ST,,,66,15,11,I037,2,08,0823,7,8,3,3,1157227.848287274,1861813.9496239536,41.77658700094,-87.699168000002,"{""latitude"":""41.77658700094"",""longitude"":""-87.699168000002"",""human_address"":""{\""address\"": \""\"", \""city\"": \""\"", \""state\"": \""\"", \""zip\"": \""\""}""}"
SR26-00475817,311 INFORMATION ONLY CALL,311IOC,311 City Services,311 City Services,Completed,Phone Call,2026-03-17T08:23:47.000,2026-03-17T08:31:56.000,2111 W Lexington ST,Demo City,Illinois,60612,2111,W,Lexington,ST,,,28,28,7,K024,2,12,1225,46,8,3,3,1162234.4668753312,1896560.9616219066,41.87183400094,-87.679845000002,"{""latitude"":""41.87183400094"",""longitude"":""-87.679845000002"",""human_address"":""{\""address\"": \""\"", \""city\"": \""\"", \""state\"": \""\"", \""zip\"": \""\""}""}"
SR26-00475816,City Vehicle Sticker Violation,QAC,,City Clerk's Office,Open,Internet,2026-03-17T08:23:32.000,2026-03-17T08:23:45.000,5001 S KOSTNER AVE,Demo City,Illinois,60632,5001,S,KOSTNER,AVE,,,57,14,8,F033,1,08,0815,8,8,3,3,1147961.976871803,1871058.5005144228,41.80213800094,-87.732900000002,"{""latitude"":""41.80213800094"",""longitude"":""-87.732900000002"",""human_address"":""{\""address\"": \""\"", \""city\"": \""\"", \""state\"": \""\"", \""zip\"": \""\""}""}"
SR26-00475815,Building Violation,BBA,311 City Services,DOB - Buildings,Open,Phone Call,2026-03-17T08:23:21.000,2026-03-17T08:23:25.000,6253 S MICHIGAN AVE,Demo City,Illinois,60637,6253,S,MICHIGAN,AVE,,,40,20,12,Q036,1,03,0311,23,8,3,3,1178367.13653975,1863415.8981181306,41.78052900094,-87.621624000002,"{""latitude"":""41.78052900094"",""longitude"":""-87.621624000002"",""human_address"":""{\""address\"": \""\"", \""city\"": \""\"", \""state\"": \""\"", \""zip\"": \""\""}""}"
SR26-00475814,Aircraft Noise Complaint,AVN,,Aviation,Completed,Internet,2026-03-17T08:23:20.000,2026-03-17T08:30:49.000,10510 W ZEMKE RD,Demo City,Illinois,60666,10510,W,ZEMKE,RD,,,76,41,,,5,16,1654,27,8,3,3,1105376.7673561182,1941043.7883293368,41.994900000941,-87.887749500002,"{""latitude"":""41.994900000941"",""longitude"":""-87.887749500002"",""human_address"":""{\""address\"": \""\"", \""city\"": \""\"", \""state\"": \""\"", \""zip\"": \""\""}""}"
SR26-00475813,Buildings - Plumbing Violation,BBC,311 City Services,DOB - Buildings,Open,Phone Call,2026-03-17T08:23:19.000,2026-03-17T08:23:22.000,6253 S MICHIGAN AVE,Demo City,Illinois,60637,6253,S,MICHIGAN,AVE,,,40,20,12,Q036,1,03,0311,23,8,3,3,1178367.13653975,1863415.8981181306,41.78052900094,-87.621624000002,"{""latitude"":""41.78052900094"",""longitude"":""-87.621624000002"",""human_address"":""{\""address\"": \""\"", \""city\"": \""\"", \""state\"": \""\"", \""zip\"": \""\""}""}"
SR26-00475812,311 INFORMATION ONLY CALL,311IOC,311 City Services,311 City Services,Completed,Phone Call,2026-03-17T08:23:10.000,2026-03-17T08:31:56.000,2111 W Lexington ST,Demo City,Illinois,60612,2111,W,Lexington,ST,,,28,28,7,K024,2,12,1225,46,8,3,3,1162234.4668753312,1896560.9616219066,41.87183400094,-87.679845000002,"{""latitude"":""41.87183400094"",""longitude"":""-87.679845000002"",""human_address"":""{\""address\"": \""\"", \""city\"": \""\"", \""state\"": \""\"", \""zip\"": \""\""}""}"
SR26-00475811,311 INFORMATION ONLY CALL,311IOC,311 City Services,311 City Services,Completed,Phone Call,2026-03-17T08:23:02.000,2026-03-17T08:31:56.000,2111 W Lexington ST,Demo City,Illinois,60612,2111,W,Lexington,ST,,,28,28,7,K024,2,12,1225,46,8,3,3,1162234.4668753312,1896560.9616219066,41.87183400094,-87.679845000002,"{""latitude"":""41.87183400094"",""longitude"":""-87.679845000002"",""human_address"":""{\""address\"": \""\"", \""city\"": \""\"", \""state\"": \""\"", \""zip\"": \""\""}""}"
SR26-00475810,311 INFORMATION ONLY CALL,311IOC,311 City Services,311 City Services,Completed,Phone Call,2026-03-17T08:22:59.000,2026-03-17T08:31:56.000,2111 W Lexington ST,Demo City,Illinois,60612,2111,W,Lexington,ST,,,28,28,7,K024,2,12,1225,46,8,3,3,1162234.4668753312,1896560.9616219066,41.87183400094,-87.679845000002,"{""latitude"":""41.87183400094"",""longitude"":""-87.679845000002"",""human_address"":""{\""address\"": \""\"", \""city\"": \""\"", \""state\"": \""\"", \""zip\"": \""\""}""}"
SR26-00475808,311 INFORMATION ONLY CALL,311IOC,311 City Services,311 City Services,Completed,Phone Call,2026-03-17T08:22:49.000,2026-03-17T08:31:34.000,2111 W Lexington ST,Demo City,Illinois,60612,2111,W,Lexington,ST,,,28,28,7,K024,2,12,1225,46,8,3,3,1162234.4668753312,1896560.9616219066,41.87183400094,-87.679845000002,"{""latitude"":""41.87183400094"",""longitude"":""-87.679845000002"",""human_address"":""{\""address\"": \""\"", \""city\"": \""\"", \""state\"": \""\"", \""zip\"": \""\""}""}"
SR26-00475807,311 INFORMATION ONLY CALL,311IOC,311 City Services,311 City Services,Completed,Phone Call,2026-03-17T08:22:47.000,2026-03-17T08:30:49.000,2111 W Lexington ST,Demo City,Illinois,60612,2111,W,Lexington,ST,,,28,28,7,K024,2,12,1225,46,8,3,3,1162234.4668753312,1896560.9616219066,41.87183400094,-87.679845000002,"{""latitude"":""41.87183400094"",""longitude"":""-87.679845000002"",""human_address"":""{\""address\"": \""\"", \""city\"": \""\"", \""state\"": \""\"", \""zip\"": \""\""}""}"
SR26-00475806,311 INFORMATION ONLY CALL,311IOC,311 City Services,311 City Services,Completed,Phone Call,2026-03-17T08:22:20.000,2026-03-17T08:31:56.000,2111 W Lexington ST,Demo City,Illinois,60612,2111,W,Lexington,ST,,,28,28,7,K024,2,12,1225,46,8,3,3,1162234.4668753312,1896560.9616219066,41.87183400094,-87.679845000002,"{""latitude"":""41.87183400094"",""longitude"":""-87.679845000002"",""human_address"":""{\""address\"": \""\"", \""city\"": \""\"", \""state\"": \""\"", \""zip\"": \""\""}""}"
SR26-00475805,Ice and Snow Removal Request,SDO,311 City Services,Streets and Sanitation,Completed,Phone Call,2026-03-17T08:22:18.000,2026-03-17T10:13:36.000,4747 S DR MARTIN LUTHER KING JR DR,Demo City,Illinois,60615,4747,S,DR MARTIN LUTHER KING JR,DR,,,38,3,9,R033,2,02,0223,30,8,3,3,1179890.585555928,1873392.5087618025,41.80787100094,-87.615733500002,"{""latitude"":""41.80787100094"",""longitude"":""-87.615733500002"",""human_address"":""{\""address\"": \""\"", \""city\"": \""\"", \""state\"": \""\"", \""zip\"": \""\""}""}"
SR26-00475803,City Vehicle Sticker Violation,QAC,,City Clerk's Office,Open,Internet,2026-03-17T08:21:37.000,2026-03-17T08:21:42.000,5046 S KOSTNER AVE,Demo City,Illinois,60632,5046,S,KOSTNER,AVE,,,57,14,8,E033,1,08,0815,8,8,3,3,1147814.1980672006,1870608.149744619,41.80090500094,-87.733453500002,"{""latitude"":""41.80090500094"",""longitude"":""-87.733453500002"",""human_address"":""{\""address\"": \""\"", \""city\"": \""\"", \""state\"": \""\"", \""zip\"": \""\""}""}"
SR26-00475804,311 INFORMATION ONLY CALL,311IOC,311 City Services,311 City Services,Completed,Phone Call,2026-03-17T08:21:37.000,2026-03-17T08:31:34.000,2111 W Lexington ST,Demo City,Illinois,60612,2111,W,Lexington,ST,,,28,28,7,K024,2,12,1225,46,8,3,3,1162234.4668753312,1896560.9616219066,41.87183400094,-87.679845000002,"{""latitude"":""41.87183400094"",""longitude"":""-87.679845000002"",""human_address"":""{\""address\"": \""\"", \""city\"": \""\"", \""state\"": \""\"", \""zip\"": \""\""}""}"
SR26-00475802,311 INFORMATION ONLY CALL,311IOC,311 City Services,311 City Services,Completed,Phone Call,2026-03-17T08:21:36.000,2026-03-17T08:30:49.000,2111 W Lexington ST,Demo City,Illinois,60612,2111,W,Lexington,ST,,,28,28,7,K024,2,12,1225,46,8,3,3,1162234.4668753312,1896560.9616219066,41.87183400094,-87.679845000002,"{""latitude"":""41.87183400094"",""longitude"":""-87.679845000002"",""human_address"":""{\""address\"": \""\"", \""city\"": \""\"", \""state\"": \""\"", \""zip\"": \""\""}""}"
SR26-00475801,311 INFORMATION ONLY CALL,311IOC,311 City Services,311 City Services,Completed,Phone Call,2026-03-17T08:21:34.000,2026-03-17T08:31:56.000,2111 W Lexington ST,Demo City,Illinois,60612,2111,W,Lexington,ST,,,40,20,12,Q036,1,03,0311,23,8,3,3,1178367.13653975,1863415.8981181306,41.78052900094,-87.621624000002,"{""latitude"":""41.78052900094"",""longitude"":""-87.621624000002"",""human_address"":""{\""address\"": \""\"", \""city\"": \""\"", \""state\"": \""\"", \""zip\"": \""\""}""}"
SR26-00475799,311 INFORMATION ONLY CALL,311IOC,311 City Services,311 City Services,Completed,Phone Call,2026-03-17T08:20:38.000,2026-03-17T08:30:49.000,2111 W Lexington ST,Demo City,Illinois,60612,2111,W,Lexington,ST,,,28,28,7,K024,2,12,1225,46,8,3,3,1162234.4668753312,1896560.9616219066,41.87183400094,-87.679845000002,"{""latitude"":""41.87183400094"",""longitude"":""-87.679845000002"",""human_address"":""{\""address\"": \""\"", \""city\"": \""\"", \""state\"": \""\"", \""zip\"": \""\""}""}"
SR26-00475798,311 INFORMATION ONLY CALL,311IOC,311 City Services,311 City Services,Completed,Phone Call,2026-03-17T08:20:31.000,2026-03-17T08:31:56.000,2111 W Lexington ST,Demo City,Illinois,60612,2111,W,Lexington,ST,,,28,28,7,K024,2,12,1225,46,8,3,3,1162234.4668753312,1896560.9616219066,41.87183400094,-87.679845000002,"{""latitude"":""41.87183400094"",""longitude"":""-87.679845000002"",""human_address"":""{\""address\"": \""\"", \""city\"": \""\"", \""state\"": \""\"", \""zip\"": \""\""}""}"
SR26-00475797,311 INFORMATION ONLY CALL,311IOC,311 City Services,311 City Services,Completed,Phone Call,2026-03-17T08:20:20.000,2026-03-17T08:31:14.000,2111 W Lexington ST,Demo City,Illinois,60612,2111,W,Lexington,ST,,,28,28,7,K024,2,12,1225,46,8,3,3,1162234.4668753312,1896560.9616219066,41.87183400094,-87.679845000002,"{""latitude"":""41.87183400094"",""longitude"":""-87.679845000002"",""human_address"":""{\""address\"": \""\"", \""city\"": \""\"", \""state\"": \""\"", \""zip\"": \""\""}""}"
SR26-00475796,311 INFORMATION ONLY CALL,311IOC,311 City Services,311 City Services,Completed,Phone Call,2026-03-17T08:20:19.000,2026-03-17T08:31:56.000,2111 W Lexington ST,Demo City,Illinois,60612,2111,W,Lexington,ST,,,28,28,7,K024,2,12,1225,46,8,3,3,1162234.4668753312,1896560.9616219066,41.87183400094,-87.679845000002,"{""latitude"":""41.87183400094"",""longitude"":""-87.679845000002"",""human_address"":""{\""address\"": \""\"", \""city\"": \""\"", \""state\"": \""\"", \""zip\"": \""\""}""}"
SR26-00475795,Water On Street Complaint,AAE,,DWM - Department of Water Management,Open,Internet,2026-03-17T08:20:06.000,2026-03-17T09:00:09.000,4934 S WABASH AVE,Demo City,Illinois,60615,4934,S,WABASH,AVE,,,38,3,9,Q033,2,02,0224,1,8,3,3,1177532.1108936386,1872169.098205474,41.804567563087,-87.624420706973,"{""latitude"":""41.804567563087"",""longitude"":""-87.624420706973"",""human_address"":""{\""address\"": \""\"", \""city\"": \""\"", \""state\"": \""\"", \""zip\"": \""\""}""}"
SR26-00475794,311 INFORMATION ONLY CALL,311IOC,311 City Services,311 City Services,Completed,Phone Call,2026-03-17T08:19:50.000,2026-03-17T08:31:56.000,2111 W Lexington ST,Demo City,Illinois,60612,2111,W,Lexington,ST,,,28,28,7,K024,2,12,1225,46,8,3,3,1162234.4668753312,1896560.9616219066,41.87183400094,-87.679845000002,"{""latitude"":""41.87183400094"",""longitude"":""-87.679845000002"",""human_address"":""{\""address\"": \""\"", \""city\"": \""\"", \""state\"": \""\"", \""zip\"": \""\""}""}"
SR26-00475792,311 INFORMATION ONLY CALL,311IOC,311 City Services,311 City Services,Completed,Phone Call,2026-03-17T08:19:44.000,2026-03-17T08:30:49.000,2111 W Lexington ST,Demo City,Illinois,60612,2111,W,Lexington,ST,,,28,28,7,K024,2,12,1225,46,8,3,3,1162234.4668753312,1896560.9616219066,41.87183400094,-87.679845000002,"{""latitude"":""41.87183400094"",""longitude"":""-87.679845000002"",""human_address"":""{\""address\"": \""\"", \""city\"": \""\"", \""state\"": \""\"", \""zip\"": \""\""}""}"
SR26-00475791,311 INFORMATION ONLY CALL,311IOC,311 City Services,311 City Services,Completed,Phone Call,2026-03-17T08:19:36.000,2026-03-17T08:31:56.000,2111 W Lexington ST,Demo City,Illinois,60612,2111,W,Lexington,ST,,,28,28,7,K024,2,12,1225,46,8,3,3,1162234.4668753312,1896560.9616219066,41.87183400094,-87.679845000002,"{""latitude"":""41.87183400094"",""longitude"":""-87.679845000002"",""human_address"":""{\""address\"": \""\"", \""city\"": \""\"", \""state\"": \""\"", \""zip\"": \""\""}""}"
SR26-00475790,311 INFORMATION ONLY CALL,311IOC,311 City Services,311 City Services,Completed,Phone Call,2026-03-17T08:19:23.000,2026-03-17T08:31:56.000,2111 W Lexington ST,Demo City,Illinois,60612,2111,W,Lexington,ST,,,28,28,7,K024,2,12,1225,46,8,3,3,1162234.4668753312,1896560.9616219066,41.87183400094,-87.679845000002,"{""latitude"":""41.87183400094"",""longitude"":""-87.679845000002"",""human_address"":""{\""address\"": \""\"", \""city\"": \""\"", \""state\"": \""\"", \""zip\"": \""\""}""}"
SR26-00475789,Water On Street Complaint,AAE,,DWM - Department of Water Management,Completed,DWM,2026-03-17T08:19:22.000,2026-03-17T08:31:56.000,5431 W MORSE AVE,Demo City,IL,,5431,W,MORSE,AVE,,,12,45,1,C005,2,16,1621,9,8,3,3,1139220.3948025652,1945418.4723062478,42.006353705242,-87.763146878715,"{""latitude"":""42.006353705242"",""longitude"":""-87.763146878715"",""human_address"":""{\""address\"": \""\"", \""city\"": \""\"", \""state\"": \""\"", \""zip\"": \""\""}""}"
SR26-00475788,Pothole in Street Complaint,PHF,311 City Services,CDOT - Department of Transportation,Open,Phone Call,2026-03-17T08:19:20.000,2026-03-17T08:19:22.000,3749 W 76TH ST,Demo City,Illinois,60652,3749,W,76TH,ST,,,70,18,10,G040,3,08,0833,45,8,3,3,1152651.086911598,1853863.4734357765,41.75486100094,-87.716155500002,"{""latitude"":""41.75486100094"",""longitude"":""-87.716155500002"",""human_address"":""{\""address\"": \""\"", \""city\"": \""\"", \""state\"": \""\"", \""zip\"": \""\""}""}"
SR26-00475787,Aircraft Noise Complaint,AVN,,Aviation,Completed,Internet,2026-03-17T08:19:07.000,2026-03-17T08:30:49.000,10510 W ZEMKE RD,Demo City,Illinois,60666,10510,W,ZEMKE,RD,,,76,41,,,5,16,1654,27,8,3,3,1105376.7673561182,1941043.7883293368,41.994900000941,-87.887749500002,"{""latitude"":""41.994900000941"",""longitude"":""-87.887749500002"",""human_address"":""{\""address\"": \""\"", \""city\"": \""\"", \""state\"": \""\"", \""zip\"": \""\""}""}"
SR26-00475786,311 INFORMATION ONLY CALL,311IOC,311 City Services,311 City Services,Completed,Phone Call,2026-03-17T08:18:54.000,2026-03-17T08:31:14.000,2111 W Lexington ST,Demo City,Illinois,60612,2111,W,Lexington,ST,,,28,28,7,K024,2,12,1225,46,8,3,3,1162234.4668753312,1896560.9616219066,41.87183400094,-87.679845000002,"{""latitude"":""41.87183400094"",""longitude"":""-87.679845000002"",""human_address"":""{\""address\"": \""\"", \""city\"": \""\"", \""state\"": \""\"", \""zip\"": \""\""}""}"
SR26-00475785,311 INFORMATION ONLY CALL,311IOC,311 City Services,311 City Services,Completed,Phone Call,2026-03-17T08:18:46.000,2026-03-17T08:31:56.000,2111 W Lexington ST,Demo City,Illinois,60612,2111,W,Lexington,ST,,,28,28,7,K024,2,12,1225,46,8,3,3,1162234.4668753312,1896560.9616219066,41.87183400094,-87.679845000002,"{""latitude"":""41.87183400094"",""longitude"":""-87.679845000002"",""human_address"":""{\""address\"": \""\"", \""city\"": \""\"", \""state\"": \""\"", \""zip\"": \""\""}""}"
SR26-00475784,Aircraft Noise Complaint,AVN,,Aviation,Completed,Internet,2026-03-17T08:18:43.000,2026-03-17T08:31:14.000,10510 W ZEMKE RD,Demo City,Illinois,60666,10510,W,ZEMKE,RD,,,76,41,,,5,16,1654,27,8,3,3,1105376.7673561182,1941043.7883293368,41.994900000941,-87.887749500002,"{""latitude"":""41.994900000941"",""longitude"":""-87.887749500002"",""human_address"":""{\""address\"": \""\"", \""city\"": \""\"", \""state\"": \""\"", \""zip\"": \""\""}""}"
SR26-00475783,Garbage Cart Maintenance,SIE,,Streets and Sanitation,Open,Internet,2026-03-17T08:18:40.000,2026-03-17T08:18:43.000,2814 N LINDER AVE,Demo City,Illinois,60641,2814,N,LINDER,AVE,,,19,31,3,C015,1,25,2514,3,8,3,3,1139139.743031526,1918259.2906834355,41.931828000941,-87.764107500002,"{""latitude"":""41.931828000941"",""longitude"":""-87.764107500002"",""human_address"":""{\""address\"": \""\"", \""city\"": \""\"", \""state\"": \""\"", \""zip\"": \""\""}""}"
SR26-00475780,311 INFORMATION ONLY CALL,311IOC,311 City Services,311 City Services,Completed,Phone Call,2026-03-17T08:18:39.000,2026-03-17T08:31:56.000,2111 W Lexington ST,Demo City,Illinois,60612,2111,W,Lexington,ST,,,28,28,7,K024,2,12,1225,46,8,3,3,1162234.4668753312,1896560.9616219066,41.87183400094,-87.679845000002,"{""latitude"":""41.87183400094"",""longitude"":""-87.679845000002"",""human_address"":""{\""address\"": \""\"", \""city\"": \""\"", \""state\"": \""\"", \""zip\"": \""\""}""}"
SR26-00475781,311 INFORMATION ONLY CALL,311IOC,311 City Services,311 City Services,Completed,Phone Call,2026-03-17T08:18:39.000,2026-03-17T08:31:56.000,2111 W Lexington ST,Demo City,Illinois,60612,2111,W,Lexington,ST,,,28,28,7,K024,2,12,1225,46,8,3,3,1162234.4668753312,1896560.9616219066,41.87183400094,-87.679845000002,"{""latitude"":""41.87183400094"",""longitude"":""-87.679845000002"",""human_address"":""{\""address\"": \""\"", \""city\"": \""\"", \""state\"": \""\"", \""zip\"": \""\""}""}"
SR26-00475782,Aircraft Noise Complaint,AVN,,Aviation,Completed,Internet,2026-03-17T08:18:39.000,2026-03-17T08:31:56.000,10510 W ZEMKE RD,Demo City,Illinois,60666,10510,W,ZEMKE,RD,,,76,41,,,5,16,1654,27,8,3,3,1105376.7673561182,1941043.7883293368,41.994900000941,-87.887749500002,"{""latitude"":""41.994900000941"",""longitude"":""-87.887749500002"",""human_address"":""{\""address\"": \""\"", \""city\"": \""\"", \""state\"": \""\"", \""zip\"": \""\""}""}"
SR26-00475779,Pothole in Street Complaint,PHF,311 City Services,CDOT - Department of Transportation,Open,Phone Call,2026-03-17T08:18:27.000,2026-03-17T08:18:29.000,2222 S WESTERN AVE,Demo City,Illinois,60608,2222,S,WESTERN,AVE,,,31,28,8,J027,3,10,1034,19,8,3,3,1160332.2687985473,1889062.136737779,41.85129600094,-87.687036000002,"{""latitude"":""41.85129600094"",""longitude"":""-87.687036000002"",""human_address"":""{\""address\"": \""\"", \""city\"": \""\"", \""state\"": \""\"", \""zip\"": \""\""}""}"
SR26-00475777,Aircraft Noise Complaint,AVN,,Aviation,Completed,Internet,2026-03-17T08:18:19.000,2026-03-17T08:31:14.000,10510 W ZEMKE RD,Demo City,Illinois,60666,10510,W,ZEMKE,RD,,,76,41,,,5,16,1654,27,8,3,3,1105376.7673561182,1941043.7883293368,41.994900000941,-87.887749500002,"{""latitude"":""41.994900000941"",""longitude"":""-87.887749500002"",""human_address"":""{\""address\"": \""\"", \""city\"": \""\"", \""state\"": \""\"", \""zip\"": \""\""}""}"
SR26-00475776,Pothole in Street Complaint,PHF,,CDOT - Department of Transportation,Open,Mobile Device,2026-03-17T08:18:10.000,2026-03-17T08:18:13.000,4730 S LECLAIRE AVE,,,,4730,S,LECLAIRE,AVE,,,56,22,8,D033,1,08,0814,8,8,3,3,1143086.108602209,1872651.6744488413,41.80660200094,-87.750742500002,"{""latitude"":""41.80660200094"",""longitude"":""-87.750742500002"",""human_address"":""{\""address\"": \""\"", \""city\"": \""\"", \""state\"": \""\"", \""zip\"": \""\""}""}"
SR26-00475775,Aircraft Noise Complaint,AVN,,Aviation,Completed,Internet,2026-03-17T08:17:55.000,2026-03-17T08:31:14.000,10510 W ZEMKE RD,Demo City,Illinois,60666,10510,W,ZEMKE,RD,,,76,41,,,5,16,1654,27,8,3,3,1105376.7673561182,1941043.7883293368,41.994900000941,-87.887749500002,"{""latitude"":""41.994900000941"",""longitude"":""-87.887749500002"",""human_address"":""{\""address\"": \""\"", \""city\"": \""\"", \""state\"": \""\"", \""zip\"": \""\""}""}"
SR26-00475774,311 INFORMATION ONLY CALL,311IOC,311 City Services,311 City Services,Completed,Phone Call,2026-03-17T08:17:48.000,2026-03-17T08:30:49.000,2111 W Lexington ST,Demo City,Illinois,60612,2111,W,Lexington,ST,,,28,28,7,K024,2,12,1225,46,8,3,3,1162234.4668753312,1896560.9616219066,41.87183400094,-87.679845000002,"{""latitude"":""41.87183400094"",""longitude"":""-87.679845000002"",""human_address"":""{\""address\"": \""\"", \""city\"": \""\"", \""state\"": \""\"", \""zip\"": \""\""}""}"
SR26-00475773,Inspect Public Way Request,PBD,311 City Services,CDOT - Department of Transportation,Open,Phone Call,2026-03-17T08:17:38.000,2026-03-17T09:10:55.000,2056 N SAWYER AVE,Demo City,Illinois,,2056,N,SAWYER,AVE,,,22,35,5,H017,1,14,1413,34,8,3,3,1154171.5874726358,1913766.3598319395,41.91921188857,-87.708987554903,"{""latitude"":""41.91921188857"",""longitude"":""-87.708987554903"",""human_address"":""{\""address\"": \""\"", \""city\"": \""\"", \""state\"": \""\"", \""zip\"": \""\""}""}"
SR26-00475772,311 INFORMATION ONLY CALL,311IOC,311 City Services,311 City Services,Completed,Phone Call,2026-03-17T08:17:36.000,2026-03-17T08:31:34.000,2111 W Lexington ST,Demo City,Illinois,60612,2111,W,Lexington,ST,,,28,28,7,K024,2,12,1225,46,8,3,3,1162234.4668753312,1896560.9616219066,41.87183400094,-87.679845000002,"{""latitude"":""41.87183400094"",""longitude"":""-87.679845000002"",""human_address"":""{\""address\"": \""\"", \""city\"": \""\"", \""state\"": \""\"", \""zip\"": \""\""}""}"
SR26-00475771,Aircraft Noise Complaint,AVN,,Aviation,Completed,Internet,2026-03-17T08:17:31.000,2026-03-17T08:30:49.000,10510 W ZEMKE RD,Demo City,Illinois,60666,10510,W,ZEMKE,RD,,,76,41,,,5,16,1654,27,8,3,3,1105376.7673561182,1941043.7883293368,41.994900000941,-87.887749500002,"{""latitude"":""41.994900000941"",""longitude"":""-87.887749500002"",""human_address"":""{\""address\"": \""\"", \""city\"": \""\"", \""state\"": \""\"", \""zip\"": \""\""}""}"
SR26-00475770,Missed Garbage Pick-Up Complaint,SCC,311 City Services,Streets and Sanitation,Open,Phone Call,2026-03-17T08:17:30.000,2026-03-17T08:17:33.000,9250 S CALUMET AVE,Demo City,Illinois,60619,9250,S,CALUMET,AVE,,,49,6,14,Q044,3,06,0633,23,8,3,3,1180141.9468123931,1843558.647097097,41.72599800094,-87.615724500002,"{""latitude"":""41.72599800094"",""longitude"":""-87.615724500002"",""human_address"":""{\""address\"": \""\"", \""city\"": \""\"", \""state\"": \""\"", \""zip\"": \""\""}""}"
SR26-00475769,Building Violation,BBA,311 City Services,DOB - Buildings,Open,Phone Call,2026-03-17T08:17:10.000,2026-03-17T08:17:15.000,3121 W MADISON ST,Demo City,Illinois,60612,3121,W,MADISON,ST,,,27,28,7,I023,2,11,1124,32,8,3,3,1155689.3364632698,1899732.7745231027,41.88067200094,-87.703789500002,"{""latitude"":""41.88067200094"",""longitude"":""-87.703789500002"",""human_address"":""{\""address\"": \""\"", \""city\"": \""\"", \""state\"": \""\"", \""zip\"": \""\""}""}"
SR26-00475768,Yard Waste Pick-Up Request,SCQ,,Streets and Sanitation,Open,Mobile Device,2026-03-17T08:17:07.000,2026-03-17T08:17:10.000,2541 W LELAND AVE,,,,2541,W,LELAND,AVE,,,4,47,2,J011,1,19,1911,42,8,3,3,1158422.4722450324,1931042.2279743927,41.966532000941,-87.692895000002,"{""latitude"":""41.966532000941"",""longitude"":""-87.692895000002"",""human_address"":""{\""address\"": \""\"", \""city\"": \""\"", \""state\"": \""\"", \""zip\"": \""\""}""}"
SR26-00475767,Aircraft Noise Complaint,AVN,,Aviation,Completed,Internet,2026-03-17T08:17:06.000,2026-03-17T08:31:14.000,10510 W ZEMKE RD,Demo City,Illinois,60666,10510,W,ZEMKE,RD,,,76,41,,,5,16,1654,27,8,3,3,1105376.7673561182,1941043.7883293368,41.994900000941,-87.887749500002,"{""latitude"":""41.994900000941"",""longitude"":""-87.887749500002"",""human_address"":""{\""address\"": \""\"", \""city\"": \""\"", \""state\"": \""\"", \""zip\"": \""\""}""}"
SR26-00475763,Graffiti Removal Request,GRAF,311 City Services,Streets and Sanitation,Completed,Phone Call,2026-03-17T08:15:59.000,2026-03-17T08:57:56.000,2255 S WESTERN AVE,Demo City,Illinois,60608,2255,S,WESTERN,AVE,,,31,25,8,K027,3,10,1034,5,8,3,3,1160819.8971556297,1888783.7526340333,41.85052200094,-87.685254000002,"{""latitude"":""41.85052200094"",""longitude"":""-87.685254000002"",""human_address"":""{\""address\"": \""\"", \""city\"": \""\"", \""state\"": \""\"", \""zip\"": \""\""}""}"
SR26-00475762,311 INFORMATION ONLY CALL,311IOC,311 City Services,311 City Services,Completed,Phone Call,2026-03-17T08:15:56.000,2026-03-17T08:30:49.000,2111 W Lexington ST,Demo City,Illinois,60612,2111,W,Lexington,ST,,,28,28,7,K024,2,12,1225,46,8,3,3,1162234.4668753312,1896560.9616219066,41.87183400094,-87.679845000002,"{""latitude"":""41.87183400094"",""longitude"":""-87.679845000002"",""human_address"":""{\""address\"": \""\"", \""city\"": \""\"", \""state\"": \""\"", \""zip\"": \""\""}""}"
SR26-00475761,Aircraft Noise Complaint,AVN,,Aviation,Completed,Internet,2026-03-17T08:15:48.000,2026-03-17T08:31:14.000,10510 W ZEMKE RD,Demo City,Illinois,60666,10510,W,ZEMKE,RD,,,76,41,,,5,16,1654,27,8,3,3,1105376.7673561182,1941043.7883293368,41.994900000941,-87.887749500002,"{""latitude"":""41.994900000941"",""longitude"":""-87.887749500002"",""human_address"":""{\""address\"": \""\"", \""city\"": \""\"", \""state\"": \""\"", \""zip\"": \""\""}""}"
SR26-00475760,311 INFORMATION ONLY CALL,311IOC,311 City Services,311 City Services,Completed,Phone Call,2026-03-17T08:15:44.000,2026-03-17T08:31:56.000,2111 W Lexington ST,Demo City,Illinois,60612,2111,W,Lexington,ST,,,28,28,7,K024,2,12,1225,46,8,3,3,1162234.4668753312,1896560.9616219066,41.87183400094,-87.679845000002,"{""latitude"":""41.87183400094"",""longitude"":""-87.679845000002"",""human_address"":""{\""address\"": \""\"", \""city\"": \""\"", \""state\"": \""\"", \""zip\"": \""\""}""}"
SR26-00475759,Snow – Uncleared Sidewalk Complaint,SWSNOREM,,CDOT - Department of Transportation,Open,Internet,2026-03-17T08:15:23.000,2026-03-17T09:00:09.000,2218 N CALIFORNIA AVE,Demo City,Illinois,60647,2218,N,CALIFORNIA,AVE,,,22,1,5,I017,1,14,1414,19,8,3,3,1157226.3114219047,1914926.1985044505,41.922333000941,-87.697732500002,"{""latitude"":""41.922333000941"",""longitude"":""-87.697732500002"",""human_address"":""{\""address\"": \""\"", \""city\"": \""\"", \""state\"": \""\"", \""zip\"": \""\""}""}"
SR26-00475758,Sign Repair Request - All Other Signs,PCE,,CDOT - Department of Transportation,Open,Mobile Device,2026-03-17T08:15:08.000,2026-03-17T08:15:10.000,2158 N DAMEN AVE,,,,2158,N,DAMEN,AVE,,,22,32,5,K017,3,14,1432,34,8,3,3,1162612.8136667025,1914583.0078792213,41.921280000941,-87.677950500002,"{""latitude"":""41.921280000941"",""longitude"":""-87.677950500002"",""human_address"":""{\""address\"": \""\"", \""city\"": \""\"", \""state\"": \""\"", \""zip\"": \""\""}""}"
SR26-00475757,Business Complaints,RBL,311 City Services,BACP - Business Affairs and Consumer Protection,Open,Phone Call,2026-03-17T08:14:46.000,2026-03-17T08:14:54.000,4532 S COTTAGE GROVE AVE,Demo City,Illinois,60653,4532,S,COTTAGE GROVE,AVE,,,38,4,9,R032,2,02,0221,29,8,3,3,1182224.423492496,1874963.4519690012,41.81212800094,-87.607125000002,"{""latitude"":""41.81212800094"",""longitude"":""-87.607125000002"",""human_address"":""{\""address\"": \""\"", \""city\"": \""\"", \""state\"": \""\"", \""zip\"": \""\""}""}"
SR26-00475756,311 INFORMATION ONLY CALL,311IOC,311 City Services,311 City Services,Completed,Phone Call,2026-03-17T08:14:45.000,2026-03-17T08:31:56.000,2111 W Lexington ST,Demo City,Illinois,60612,2111,W,Lexington,ST,,,28,28,7,K024,2,12,1225,46,8,3,3,1162234.4668753312,1896560.9616219066,41.87183400094,-87.679845000002,"{""latitude"":""41.87183400094"",""longitude"":""-87.679845000002"",""human_address"":""{\""address\"": \""\"", \""city\"": \""\"", \""state\"": \""\"", \""zip\"": \""\""}""}"
SR26-00475755,Traffic Signal Out Complaint,SFB,311 City Services,CDOT - Department of Transportation,Open,Phone Call,2026-03-17T08:14:36.000,2026-03-17T08:14:48.000,2300 W ROOSEVELT RD,Demo City,Illinois,60608,2300,W,ROOSEVELT,RD,,,28,28,7,K024,2,12,1225,19,8,3,3,1161164.4211047704,1894781.7638331186,41.86697400094,-87.683823000002,"{""latitude"":""41.86697400094"",""longitude"":""-87.683823000002"",""human_address"":""{\""address\"": \""\"", \""city\"": \""\"", \""state\"": \""\"", \""zip\"": \""\""}""}"
SR26-00475754,311 INFORMATION ONLY CALL,311IOC,311 City Services,311 City Services,Completed,Phone Call,2026-03-17T08:14:34.000,2026-03-17T08:31:56.000,2111 W Lexington ST,Demo City,Illinois,60612,2111,W,Lexington,ST,,,28,28,7,K024,2,12,1225,46,8,3,3,1162234.4668753312,1896560.9616219066,41.87183400094,-87.679845000002,"{""latitude"":""41.87183400094"",""longitude"":""-87.679845000002"",""human_address"":""{\""address\"": \""\"", \""city\"": \""\"", \""state\"": \""\"", \""zip\"": \""\""}""}"
SR26-00475753,311 INFORMATION ONLY CALL,311IOC,311 City Services,311 City Services,Completed,Phone Call,2026-03-17T08:14:22.000,2026-03-17T08:30:49.000,2111 W Lexington ST,Demo City,Illinois,60612,2111,W,Lexington,ST,,,28,28,7,K024,2,12,1225,46,8,3,3,1162234.4668753312,1896560.9616219066,41.87183400094,-87.679845000002,"{""latitude"":""41.87183400094"",""longitude"":""-87.679845000002"",""human_address"":""{\""address\"": \""\"", \""city\"": \""\"", \""state\"": \""\"", \""zip\"": \""\""}""}"
SR26-00475752,311 INFORMATION ONLY CALL,311IOC,311 City Services,311 City Services,Completed,Phone Call,2026-03-17T08:13:54.000,2026-03-17T08:31:56.000,2111 W Lexington ST,Demo City,Illinois,60612,2111,W,Lexington,ST,,,28,28,7,K024,2,12,1225,46,8,3,3,1162234.4668753312,1896560.9616219066,41.87183400094,-87.679845000002,"{""latitude"":""41.87183400094"",""longitude"":""-87.679845000002"",""human_address"":""{\""address\"": \""\"", \""city\"": \""\"", \""state\"": \""\"", \""zip\"": \""\""}""}"
SR26-00475751,311 INFORMATION ONLY CALL,311IOC,311 City Services,311 City Services,Completed,Phone Call,2026-03-17T08:13:49.000,2026-03-17T08:31:56.000,2111 W Lexington ST,Demo City,Illinois,60612,2111,W,Lexington,ST,,,28,28,7,K024,2,12,1225,46,8,3,3,1162234.4668753312,1896560.9616219066,41.87183400094,-87.679845000002,"{""latitude"":""41.87183400094"",""longitude"":""-87.679845000002"",""human_address"":""{\""address\"": \""\"", \""city\"": \""\"", \""state\"": \""\"", \""zip\"": \""\""}""}"
SR26-00475750,311 INFORMATION ONLY CALL,311IOC,311 City Services,311 City Services,Completed,Phone Call,2026-03-17T08:13:47.000,2026-03-17T08:31:56.000,2111 W Lexington ST,Demo City,Illinois,60612,2111,W,Lexington,ST,,,28,28,7,K024,2,12,1225,46,8,3,3,1162234.4668753312,1896560.9616219066,41.87183400094,-87.679845000002,"{""latitude"":""41.87183400094"",""longitude"":""-87.679845000002"",""human_address"":""{\""address\"": \""\"", \""city\"": \""\"", \""state\"": \""\"", \""zip\"": \""\""}""}"
SR26-00475749,311 INFORMATION ONLY CALL,311IOC,311 City Services,311 City Services,Completed,Phone Call,2026-03-17T08:13:45.000,2026-03-17T08:31:56.000,2111 W Lexington ST,Demo City,Illinois,60612,2111,W,Lexington,ST,,,28,28,7,K024,2,12,1225,46,8,3,3,1162234.4668753312,1896560.9616219066,41.87183400094,-87.679845000002,"{""latitude"":""41.87183400094"",""longitude"":""-87.679845000002"",""human_address"":""{\""address\"": \""\"", \""city\"": \""\"", \""state\"": \""\"", \""zip\"": \""\""}""}"
SR26-00475748,Aircraft Noise Complaint,AVN,,Aviation,Completed,Internet,2026-03-17T08:13:42.000,2026-03-17T08:31:34.000,10510 W ZEMKE RD,Demo City,Illinois,60666,10510,W,ZEMKE,RD,,,76,41,,,5,16,1654,27,8,3,3,1105376.7673561182,1941043.7883293368,41.994900000941,-87.887749500002,"{""latitude"":""41.994900000941"",""longitude"":""-87.887749500002"",""human_address"":""{\""address\"": \""\"", \""city\"": \""\"", \""state\"": \""\"", \""zip\"": \""\""}""}"
SR26-00475747,311 INFORMATION ONLY CALL,311IOC,311 City Services,311 City Services,Completed,Phone Call,2026-03-17T08:13:32.000,2026-03-17T08:31:34.000,2111 W Lexington ST,Demo City,Illinois,60612,2111,W,Lexington,ST,,,28,28,7,K024,2,12,1225,46,8,3,3,1162234.4668753312,1896560.9616219066,41.87183400094,-87.679845000002,"{""latitude"":""41.87183400094"",""longitude"":""-87.679845000002"",""human_address"":""{\""address\"": \""\"", \""city\"": \""\"", \""state\"": \""\"", \""zip\"": \""\""}""}"
SR26-00475746,Ice and Snow Removal Request,SDO,,Streets and Sanitation,Completed,Internet,2026-03-17T08:13:22.000,2026-03-17T08:14:43.000,5605 N GLENWOOD AVE,Demo City,Illinois,60660,5605,N,GLENWOOD,AVE,,,77,48,2,M008,1,20,2013,44,8,3,3,1166041.668867745,1937401.0050147309,41.983821000941,-87.664698000002,"{""latitude"":""41.983821000941"",""longitude"":""-87.664698000002"",""human_address"":""{\""address\"": \""\"", \""city\"": \""\"", \""state\"": \""\"", \""zip\"": \""\""}""}"
SR26-00475745,311 INFORMATION ONLY CALL,311IOC,311 City Services,311 City Services,Completed,Phone Call,2026-03-17T08:13:10.000,2026-03-17T08:31:14.000,2111 W Lexington ST,Demo City,Illinois,60612,2111,W,Lexington,ST,,,28,28,7,K024,2,12,1225,46,8,3,3,1162234.4668753312,1896560.9616219066,41.87183400094,-87.679845000002,"{""latitude"":""41.87183400094"",""longitude"":""-87.679845000002"",""human_address"":""{\""address\"": \""\"", \""city\"": \""\"", \""state\"": \""\"", \""zip\"": \""\""}""}"
SR26-00475744,Clean Vacant Lot Request,SCT,,Streets and Sanitation,Open,Mobile Device,2026-03-17T08:13:04.000,2026-03-17T08:13:06.000,2530 S DEARBORN ST,,,,2530,S,DEARBORN,ST,,,33,3,9,P027,3,01,0133,18,8,3,3,1176273.9833766462,1887406.6221770633,41.84640900094,-87.628576500002,"{""latitude"":""41.84640900094"",""longitude"":""-87.628576500002"",""human_address"":""{\""address\"": \""\"", \""city\"": \""\"", \""state\"": \""\"", \""zip\"": \""\""}""}"
SR26-00475743,Abandoned Vehicle Complaint,SKA,,Streets and Sanitation,Open,Mobile Device,2026-03-17T08:12:49.000,2026-03-17T08:12:56.000,512 E 63RD ST,,,,512,E,63RD,ST,,,42,20,12,R036,1,03,0313,3,8,3,3,1180875.754646553,1863449.9144973767,41.78056500094,-87.612426000002,"{""latitude"":""41.78056500094"",""longitude"":""-87.612426000002"",""human_address"":""{\""address\"": \""\"", \""city\"": \""\"", \""state\"": \""\"", \""zip\"": \""\""}""}"
SR26-00475741,Alley Sewer Inspection Request,AAI,311 City Services,DWM - Department of Water Management,Open,Phone Call,2026-03-17T08:12:31.000,2026-03-17T08:31:46.000,2200 N WESTERN AVE,Demo City,Illinois,60647,2200,N,WESTERN,AVE,,,22,1,5,J017,3,14,1431,43,8,3,3,1159909.5823851537,1914775.6917007715,41.921865000941,-87.687877500002,"{""latitude"":""41.921865000941"",""longitude"":""-87.687877500002"",""human_address"":""{\""address\"": \""\"", \""city\"": \""\"", \""state\"": \""\"", \""zip\"": \""\""}""}"
SR26-00475739,311 INFORMATION ONLY CALL,311IOC,311 City Services,311 City Services,Completed,Phone Call,2026-03-17T08:12:11.000,2026-03-17T08:31:56.000,2111 W Lexington ST,Demo City,Illinois,60612,2111,W,Lexington,ST,,,28,28,7,K024,2,12,1225,46,8,3,3,1162234.4668753312,1896560.9616219066,41.87183400094,-87.679845000002,"{""latitude"":""41.87183400094"",""longitude"":""-87.679845000002"",""human_address"":""{\""address\"": \""\"", \""city\"": \""\"", \""state\"": \""\"", \""zip\"": \""\""}""}"
SR26-00475738,311 INFORMATION ONLY CALL,311IOC,311 City Services,311 City Services,Completed,Phone Call,2026-03-17T08:12:04.000,2026-03-17T08:31:56.000,2111 W Lexington ST,Demo City,Illinois,60612,2111,W,Lexington,ST,,,28,28,7,K024,2,12,1225,46,8,3,3,1162234.4668753312,1896560.9616219066,41.87183400094,-87.679845000002,"{""latitude"":""41.87183400094"",""longitude"":""-87.679845000002"",""human_address"":""{\""address\"": \""\"", \""city\"": \""\"", \""state\"": \""\"", \""zip\"": \""\""}""}"
SR26-00475736,Abandoned Vehicle Complaint,SKA,,Streets and Sanitation,Open,Mobile Device,2026-03-17T08:11:42.000,2026-03-17T08:11:46.000,2510 S HOMAN AVE,,,,2510,S,HOMAN,AVE,,,30,22,8,H027,2,10,1024,18,8,3,3,1154032.6471297073,1887041.1675547017,41.84587800094,-87.710211000002,"{""latitude"":""41.84587800094"",""longitude"":""-87.710211000002"",""human_address"":""{\""address\"": \""\"", \""city\"": \""\"", \""state\"": \""\"", \""zip\"": \""\""}""}"
SR26-00475735,No Water Complaint,WBJ,311 City Services,DWM - Department of Water Management,Open,Phone Call,2026-03-17T08:11:38.000,2026-03-17T10:33:06.000,8915 S MORGAN ST,Demo City,Illinois,60620,8915,S,MORGAN,ST,,,73,21,13,N043,2,22,2222,19,8,3,3,1171286.6836325997,1845611.7487768526,41.73183000094,-87.648102000002,"{""latitude"":""41.73183000094"",""longitude"":""-87.648102000002"",""human_address"":""{\""address\"": \""\"", \""city\"": \""\"", \""state\"": \""\"", \""zip\"": \""\""}""}"
SR26-00475734,Alley Pothole Complaint,PHB,311 City Services,CDOT - Department of Transportation,Open,Phone Call,2026-03-17T08:11:09.000,2026-03-17T08:11:11.000,2200 N WESTERN AVE,Demo City,Illinois,60647,2200,N,WESTERN,AVE,,,22,1,5,J017,3,14,1431,43,8,3,3,1159909.5823851537,1914775.6917007715,41.921865000941,-87.687877500002,"{""latitude"":""41.921865000941"",""longitude"":""-87.687877500002"",""human_address"":""{\""address\"": \""\"", \""city\"": \""\"", \""state\"": \""\"", \""zip\"": \""\""}""}"
SR26-00475732,311 INFORMATION ONLY CALL,311IOC,311 City Services,311 City Services,Completed,Phone Call,2026-03-17T08:10:47.000,2026-03-17T08:31:34.000,2111 W Lexington ST,Demo City,Illinois,60612,2111,W,Lexington,ST,,,28,28,7,K024,2,12,1225,46,8,3,3,1162234.4668753312,1896560.9616219066,41.87183400094,-87.679845000002,"{""latitude"":""41.87183400094"",""longitude"":""-87.679845000002"",""human_address"":""{\""address\"": \""\"", \""city\"": \""\"", \""state\"": \""\"", \""zip\"": \""\""}""}"
SR26-00475733,Abandoned Vehicle Complaint,SKA,311 City Services,Streets and Sanitation,Open,Phone Call,2026-03-17T08:10:47.000,2026-03-17T08:10:53.000,2841 N CLYBOURN AVE,Demo City,Illinois,60618,2841,N,CLYBOURN,AVE,,,5,32,4,K015,3,19,1931,38,8,3,3,1162238.5781403764,1919007.8893069264,41.933430000941,-87.679201500002,"{""latitude"":""41.933430000941"",""longitude"":""-87.679201500002"",""human_address"":""{\""address\"": \""\"", \""city\"": \""\"", \""state\"": \""\"", \""zip\"": \""\""}""}"
SR26-00475731,311 INFORMATION ONLY CALL,311IOC,311 City Services,311 City Services,Completed,Phone Call,2026-03-17T08:10:38.000,2026-03-17T08:31:34.000,2111 W Lexington ST,Demo City,Illinois,60612,2111,W,Lexington,ST,,,28,28,7,K024,2,12,1225,46,8,3,3,1162234.4668753312,1896560.9616219066,41.87183400094,-87.679845000002,"{""latitude"":""41.87183400094"",""longitude"":""-87.679845000002"",""human_address"":""{\""address\"": \""\"", \""city\"": \""\"", \""state\"": \""\"", \""zip\"": \""\""}""}"
SR26-00475730,311 INFORMATION ONLY CALL,311IOC,311 City Services,311 City Services,Completed,Phone Call,2026-03-17T08:10:31.000,2026-03-17T08:31:56.000,2111 W Lexington ST,Demo City,Illinois,60612,2111,W,Lexington,ST,,,28,28,7,K024,2,12,1225,46,8,3,3,1162234.4668753312,1896560.9616219066,41.87183400094,-87.679845000002,"{""latitude"":""41.87183400094"",""longitude"":""-87.679845000002"",""human_address"":""{\""address\"": \""\"", \""city\"": \""\"", \""state\"": \""\"", \""zip\"": \""\""}""}"
SR26-00475729,Traffic Signal Out Complaint,SFB,Streets and Sanitation,CDOT - Department of Transportation,Completed,Phone Call,2026-03-17T08:10:28.000,2026-03-17T08:12:05.000,8300 S STONY ISLAND AVE,Demo City,Illinois,60617,8300,S,STONY ISLAND,AVE,,,45,8,15,T042,1,04,0412,37,8,3,3,1188149.2665593498,1850209.245105838,41.74406100094,-87.586182000002,"{""latitude"":""41.74406100094"",""longitude"":""-87.586182000002"",""human_address"":""{\""address\"": \""\"", \""city\"": \""\"", \""state\"": \""\"", \""zip\"": \""\""}""}"
SR26-00475728,311 INFORMATION ONLY CALL,311IOC,311 City Services,311 City Services,Completed,Phone Call,2026-03-17T08:10:20.000,2026-03-17T08:31:34.000,2111 W Lexington ST,Demo City,Illinois,60612,2111,W,Lexington,ST,,,28,28,7,K024,2,12,1225,46,8,3,3,1162234.4668753312,1896560.9616219066,41.87183400094,-87.679845000002,"{""latitude"":""41.87183400094"",""longitude"":""-87.679845000002"",""human_address"":""{\""address\"": \""\"", \""city\"": \""\"", \""state\"": \""\"", \""zip\"": \""\""}""}"
SR26-00475727,Pothole in Street Complaint,PHF,,CDOT - Department of Transportation,Open,Internet,2026-03-17T08:10:13.000,2026-03-17T08:10:14.000,2401 N WESTERN AVE,Demo City,Illinois,60647,2401,N,WESTERN,AVE,1,,22,32,4,K016,3,14,1432,42,8,3,3,1160042.8477284387,1915944.3035318654,41.925069000941,-87.687355500002,"{""latitude"":""41.925069000941"",""longitude"":""-87.687355500002"",""human_address"":""{\""address\"": \""\"", \""city\"": \""\"", \""state\"": \""\"", \""zip\"": \""\""}""}"
SR26-00475726,311 INFORMATION ONLY CALL,311IOC,311 City Services,311 City Services,Completed,Phone Call,2026-03-17T08:10:10.000,2026-03-17T08:31:34.000,2111 W Lexington ST,Demo City,Illinois,60612,2111,W,Lexington,ST,,,28,28,7,K024,2,12,1225,46,8,3,3,1162234.4668753312,1896560.9616219066,41.87183400094,-87.679845000002,"{""latitude"":""41.87183400094"",""longitude"":""-87.679845000002"",""human_address"":""{\""address\"": \""\"", \""city\"": \""\"", \""state\"": \""\"", \""zip\"": \""\""}""}"
SR26-00475725,Abandoned Vehicle Complaint,SKA,,Streets and Sanitation,Completed,SPOTCSR,2026-03-17T08:09:51.000,2026-03-17T09:31:53.000,3314 S WESTERN AVE,CHICAGO,IL,60608,3314,S,WESTERN,AVE,,,30,12,8,J029,1,09,0911,2,8,3,3,1160026.313964177,1882946.3781261905,41.83452000094,-87.688327500002,"{""latitude"":""41.83452000094"",""longitude"":""-87.688327500002"",""human_address"":""{\""address\"": \""\"", \""city\"": \""\"", \""state\"": \""\"", \""zip\"": \""\""}""}"
SR26-00475724,Graffiti Removal Request,GRAF,311 City Services,Streets and Sanitation,Open,Phone Call,2026-03-17T08:09:50.000,2026-03-17T08:09:52.000,2150 N WESTERN AVE,Demo City,Illinois,60647,2150,N,WESTERN,AVE,,,22,1,5,J017,3,14,1431,9,8,3,3,1159875.4986656986,1914585.2069361827,41.921343000941,-87.688008000002,"{""latitude"":""41.921343000941"",""longitude"":""-87.688008000002"",""human_address"":""{\""address\"": \""\"", \""city\"": \""\"", \""state\"": \""\"", \""zip\"": \""\""}""}"
SR26-00475723,Garbage Cart Maintenance,SIE,311 City Services,Streets and Sanitation,Open,Phone Call,2026-03-17T08:09:32.000,2026-03-17T08:09:35.000,8237 S MICHIGAN AVE,Demo City,Illinois,60619,8237,S,MICHIGAN,AVE,,,44,6,12,Q041,3,06,0631,37,8,3,3,1178679.8551036248,1850260.123740447,41.74442100094,-87.620877000002,"{""latitude"":""41.74442100094"",""longitude"":""-87.620877000002"",""human_address"":""{\""address\"": \""\"", \""city\"": \""\"", \""state\"": \""\"", \""zip\"": \""\""}""}"
SR26-00475722,Water On Street Complaint,AAE,,DWM - Department of Water Management,Open,Mobile Device,2026-03-17T08:09:30.000,2026-03-17T08:30:54.000,7715 W FARRAGUT AVE,,,,7715,W,FARRAGUT,AVE,,,10,41,1,W109,1,16,1613,33,8,3,3,1123826.8043405514,1933862.761732349,41.974911000941,-87.820038000002,"{""latitude"":""41.974911000941"",""longitude"":""-87.820038000002"",""human_address"":""{\""address\"": \""\"", \""city\"": \""\"", \""state\"": \""\"", \""zip\"": \""\""}""}"
SR26-00475721,311 INFORMATION ONLY CALL,311IOC,311 City Services,311 City Services,Completed,Phone Call,2026-03-17T08:09:22.000,2026-03-17T08:31:56.000,2111 W Lexington ST,Demo City,Illinois,60612,2111,W,Lexington,ST,,,28,28,7,K024,2,12,1225,46,8,3,3,1162234.4668753312,1896560.9616219066,41.87183400094,-87.679845000002,"{""latitude"":""41.87183400094"",""longitude"":""-87.679845000002"",""human_address"":""{\""address\"": \""\"", \""city\"": \""\"", \""state\"": \""\"", \""zip\"": \""\""}""}"
SR26-00475720,311 INFORMATION ONLY CALL,311IOC,311 City Services,311 City Services,Completed,Phone Call,2026-03-17T08:09:13.000,2026-03-17T08:31:56.000,2111 W Lexington ST,Demo City,Illinois,60612,2111,W,Lexington,ST,,,28,28,7,K024,2,12,1225,46,8,3,3,1162234.4668753312,1896560.9616219066,41.87183400094,-87.679845000002,"{""latitude"":""41.87183400094"",""longitude"":""-87.679845000002"",""human_address"":""{\""address\"": \""\"", \""city\"": \""\"", \""state\"": \""\"", \""zip\"": \""\""}""}"
SR26-00475718,Aircraft Noise Complaint,AVN,,Aviation,Completed,Internet,2026-03-17T08:09:06.000,2026-03-17T08:31:56.000,10510 W ZEMKE RD,Demo City,Illinois,60666,10510,W,ZEMKE,RD,,,76,41,,,5,16,1654,27,8,3,3,1105376.7673561182,1941043.7883293368,41.994900000941,-87.887749500002,"{""latitude"":""41.994900000941"",""longitude"":""-87.887749500002"",""human_address"":""{\""address\"": \""\"", \""city\"": \""\"", \""state\"": \""\"", \""zip\"": \""\""}""}"
SR26-00475717,311 INFORMATION ONLY CALL,311IOC,311 City Services,311 City Services,Completed,Phone Call,2026-03-17T08:09:05.000,2026-03-17T08:31:14.000,2111 W Lexington ST,Demo City,Illinois,60612,2111,W,Lexington,ST,,,28,28,7,K024,2,12,1225,46,8,3,3,1162234.4668753312,1896560.9616219066,41.87183400094,-87.679845000002,"{""latitude"":""41.87183400094"",""longitude"":""-87.679845000002"",""human_address"":""{\""address\"": \""\"", \""city\"": \""\"", \""state\"": \""\"", \""zip\"": \""\""}""}"
SR26-00475715,Missed Garbage Pick-Up Complaint,SCC,,Streets and Sanitation,Open,Internet,2026-03-17T08:09:05.000,2026-03-17T08:09:07.000,10447 S OAKLEY AVE,Demo City,Illinois,60643,10447,S,OAKLEY,AVE,,,72,19,13,K047,1,22,2212,35,8,3,3,1162979.1814617373,1835120.9568361402,41.70321900094,-87.678828000002,"{""latitude"":""41.70321900094"",""longitude"":""-87.678828000002"",""human_address"":""{\""address\"": \""\"", \""city\"": \""\"", \""state\"": \""\"", \""zip\"": \""\""}""}"
SR26-00475714,Water On Street Complaint,AAE,311 City Services,DWM - Department of Water Management,Open,Phone Call,2026-03-17T08:09:03.000,2026-03-17T09:08:11.000,7001 S WASHTENAW AVE,Demo City,Illinois,,7001,S,WASHTENAW,AVE,,,66,17,11,J038,3,08,0831,17,8,3,3,1159582.9365580487,1858121.4576705236,41.76640628406,-87.690635452826,"{""latitude"":""41.76640628406"",""longitude"":""-87.690635452826"",""human_address"":""{\""address\"": \""\"", \""city\"": \""\"", \""state\"": \""\"", \""zip\"": \""\""}""}"
SR26-00475713,Aircraft Noise Complaint,AVN,,Aviation,Completed,Internet,2026-03-17T08:08:26.000,2026-03-17T08:31:14.000,10510 W ZEMKE RD,Demo City,Illinois,60666,10510,W,ZEMKE,RD,,,76,41,,,5,16,1654,27,8,3,3,1105376.7673561182,1941043.7883293368,41.994900000941,-87.887749500002,"{""latitude"":""41.994900000941"",""longitude"":""-87.887749500002"",""human_address"":""{\""address\"": \""\"", \""city\"": \""\"", \""state\"": \""\"", \""zip\"": \""\""}""}"
SR26-00475712,Fly Dumping Complaint,SDR,311 City Services,Streets and Sanitation,Open,Phone Call,2026-03-17T08:08:03.000,2026-03-17T08:08:05.000,8058 S YATES BLVD,Demo City,Illinois,60617,8058,S,YATES,BLVD,,,46,7,12,V041,1,04,0414,15,8,3,3,1193573.5184202348,1851750.2705734363,41.748158746012,-87.566257027984,"{""latitude"":""41.748158746012"",""longitude"":""-87.566257027984"",""human_address"":""{\""address\"": \""\"", \""city\"": \""\"", \""state\"": \""\"", \""zip\"": \""\""}""}"
SR26-00475710,Blue Recycling Cart,SRRC,311 City Services,Streets and Sanitation,Open,Phone Call,2026-03-17T08:07:46.000,2026-03-17T08:07:48.000,3126 N KEATING AVE,Demo City,Illinois,60641,3126,N,KEATING,AVE,,,19,31,3,E015,2,25,2521,6,8,3,3,1144086.2780718647,1920483.541708335,41.937840000941,-87.745873500002,"{""latitude"":""41.937840000941"",""longitude"":""-87.745873500002"",""human_address"":""{\""address\"": \""\"", \""city\"": \""\"", \""state\"": \""\"", \""zip\"": \""\""}""}"
SR26-00475709,311 INFORMATION ONLY CALL,311IOC,311 City Services,311 City Services,Completed,Phone Call,2026-03-17T08:07:39.000,2026-03-17T08:31:34.000,2111 W Lexington ST,Demo City,Illinois,60612,2111,W,Lexington,ST,,,28,28,7,K024,2,12,1225,46,8,3,3,1162234.4668753312,1896560.9616219066,41.87183400094,-87.679845000002,"{""latitude"":""41.87183400094"",""longitude"":""-87.679845000002"",""human_address"":""{\""address\"": \""\"", \""city\"": \""\"", \""state\"": \""\"", \""zip\"": \""\""}""}"
SR26-00475707,Garbage Cart Maintenance,SIE,311 City Services,Streets and Sanitation,Open,Phone Call,2026-03-17T08:07:09.000,2026-03-17T08:07:12.000,3126 N KEATING AVE,Demo City,Illinois,60641,3126,N,KEATING,AVE,,,19,31,3,E015,2,25,2521,6,8,3,3,1144086.2780718647,1920483.541708335,41.937840000941,-87.745873500002,"{""latitude"":""41.937840000941"",""longitude"":""-87.745873500002"",""human_address"":""{\""address\"": \""\"", \""city\"": \""\"", \""state\"": \""\"", \""zip\"": \""\""}""}"
SR26-00475706,311 INFORMATION ONLY CALL,311IOC,311 City Services,311 City Services,Completed,Phone Call,2026-03-17T08:07:03.000,2026-03-17T08:31:56.000,2111 W Lexington ST,Demo City,Illinois,60612,2111,W,Lexington,ST,,,28,28,7,K024,2,12,1225,46,8,3,3,1162234.4668753312,1896560.9616219066,41.87183400094,-87.679845000002,"{""latitude"":""41.87183400094"",""longitude"":""-87.679845000002"",""human_address"":""{\""address\"": \""\"", \""city\"": \""\"", \""state\"": \""\"", \""zip\"": \""\""}""}"
SR26-00475705,Graffiti Removal Request,GRAF,,Streets and Sanitation,Completed,Internet,2026-03-17T08:06:54.000,2026-03-17T09:49:52.000,2404 N BERNARD ST,Demo City,Illinois,60647,2404,N,BERNARD,ST,,,22,35,4,H016,1,14,1413,7,8,3,3,1152896.4658920045,1915839.084682824,41.924925000941,-87.713617500002,"{""latitude"":""41.924925000941"",""longitude"":""-87.713617500002"",""human_address"":""{\""address\"": \""\"", \""city\"": \""\"", \""state\"": \""\"", \""zip\"": \""\""}""}"
SR26-00475704,311 INFORMATION ONLY CALL,311IOC,311 City Services,311 City Services,Completed,Phone Call,2026-03-17T08:06:40.000,2026-03-17T08:31:56.000,2111 W Lexington ST,Demo City,Illinois,60612,2111,W,Lexington,ST,,,28,28,7,K024,2,12,1225,46,8,3,3,1162234.4668753312,1896560.9616219066,41.87183400094,-87.679845000002,"{""latitude"":""41.87183400094"",""longitude"":""-87.679845000002"",""human_address"":""{\""address\"": \""\"", \""city\"": \""\"", \""state\"": \""\"", \""zip\"": \""\""}""}"
SR26-00475703,Aircraft Noise Complaint,AVN,,Aviation,Completed,Internet,2026-03-17T08:06:19.000,2026-03-17T08:31:56.000,10510 W ZEMKE RD,Demo City,Illinois,60666,10510,W,ZEMKE,RD,,,76,41,,,5,16,1654,27,8,3,3,1105376.7673561182,1941043.7883293368,41.994900000941,-87.887749500002,"{""latitude"":""41.994900000941"",""longitude"":""-87.887749500002"",""human_address"":""{\""address\"": \""\"", \""city\"": \""\"", \""state\"": \""\"", \""zip\"": \""\""}""}"
SR26-00475702,Garbage Cart Maintenance,SIE,311 City Services,Streets and Sanitation,Open,Phone Call,2026-03-17T08:06:05.000,2026-03-17T08:06:08.000,7055 N CALIFORNIA AVE,Demo City,Illinois,60645,7055,N,CALIFORNIA,AVE,,,2,50,2,J005,1,24,2411,34,8,3,3,1156495.189192826,1946876.0306401884,42.010020000941,-87.699550500002,"{""latitude"":""42.010020000941"",""longitude"":""-87.699550500002"",""human_address"":""{\""address\"": \""\"", \""city\"": \""\"", \""state\"": \""\"", \""zip\"": \""\""}""}"
SR26-00475701,Building Violation,BBA,311 City Services,DOB - Buildings,Open,Phone Call,2026-03-17T08:06:01.000,2026-03-17T08:06:06.000,3121 W MADISON ST,Demo City,Illinois,60612,3121,W,MADISON,ST,,,27,28,7,I023,2,11,1124,32,8,3,3,1155689.3364632698,1899732.7745231027,41.88067200094,-87.703789500002,"{""latitude"":""41.88067200094"",""longitude"":""-87.703789500002"",""human_address"":""{\""address\"": \""\"", \""city\"": \""\"", \""state\"": \""\"", \""zip\"": \""\""}""}"
SR26-00475699,Pothole in Street Complaint,PHF,Streets and Sanitation,CDOT - Department of Transportation,Open,Salesforce Mobile App,2026-03-17T08:05:59.000,2026-03-17T08:06:01.000,80 E DIVISION,Demo City,Illinois,60610,80,E,DIVISION,,,,8,43,5,Q019,2,18,1824,35,8,3,3,1176893.6570679261,1908419.9112167282,41.904056730707,-87.62566653007,"{""latitude"":""41.904056730707"",""longitude"":""-87.62566653007"",""human_address"":""{\""address\"": \""\"", \""city\"": \""\"", \""state\"": \""\"", \""zip\"": \""\""}""}"
SR26-00475700,311 INFORMATION ONLY CALL,311IOC,311 City Services,311 City Services,Completed,Phone Call,2026-03-17T08:05:59.000,2026-03-17T08:31:56.000,2111 W Lexington ST,Demo City,Illinois,60612,2111,W,Lexington,ST,,,28,28,7,K024,2,12,1225,46,8,3,3,1162234.4668753312,1896560.9616219066,41.87183400094,-87.679845000002,"{""latitude"":""41.87183400094"",""longitude"":""-87.679845000002"",""human_address"":""{\""address\"": \""\"", \""city\"": \""\"", \""state\"": \""\"", \""zip\"": \""\""}""}"
SR26-00475698,Abandoned Vehicle Complaint,SKA,,Streets and Sanitation,Open,SPOTCSR,2026-03-17T08:05:49.000,2026-03-17T08:31:56.000,11113 S BELL AVE,CHICAGO,IL,60643,11113,S,BELL,AVE,,,75,19,13,K049,1,22,2212,14,8,3,3,1163394.2040947548,1830820.9985807983,41.691410503031,-87.677428178352,"{""latitude"":""41.691410503031"",""longitude"":""-87.677428178352"",""human_address"":""{\""address\"": \""\"", \""city\"": \""\"", \""state\"": \""\"", \""zip\"": \""\""}""}"
SR26-00475697,Aircraft Noise Complaint,AVN,,Aviation,Completed,Internet,2026-03-17T08:05:45.000,2026-03-17T08:31:56.000,10510 W ZEMKE RD,Demo City,Illinois,60666,10510,W,ZEMKE,RD,,,76,41,,,5,16,1654,27,8,3,3,1105376.7673561182,1941043.7883293368,41.994900000941,-87.887749500002,"{""latitude"":""41.994900000941"",""longitude"":""-87.887749500002"",""human_address"":""{\""address\"": \""\"", \""city\"": \""\"", \""state\"": \""\"", \""zip\"": \""\""}""}"
SR26-00475695,311 INFORMATION ONLY CALL,311IOC,311 City Services,311 City Services,Completed,Phone Call,2026-03-17T08:05:35.000,2026-03-17T08:31:34.000,2111 W Lexington ST,Demo City,Illinois,60612,2111,W,Lexington,ST,,,28,28,7,K024,2,12,1225,46,8,3,3,1162234.4668753312,1896560.9616219066,41.87183400094,-87.679845000002,"{""latitude"":""41.87183400094"",""longitude"":""-87.679845000002"",""human_address"":""{\""address\"": \""\"", \""city\"": \""\"", \""state\"": \""\"", \""zip\"": \""\""}""}"
SR26-00475696,311 INFORMATION ONLY CALL,311IOC,311 City Services,311 City Services,Completed,Phone Call,2026-03-17T08:05:35.000,2026-03-17T08:31:14.000,2111 W Lexington ST,Demo City,Illinois,60612,2111,W,Lexington,ST,,,28,28,7,K024,2,12,1225,46,8,3,3,1162234.4668753312,1896560.9616219066,41.87183400094,-87.679845000002,"{""latitude"":""41.87183400094"",""longitude"":""-87.679845000002"",""human_address"":""{\""address\"": \""\"", \""city\"": \""\"", \""state\"": \""\"", \""zip\"": \""\""}""}"
SR26-00475694,311 INFORMATION ONLY CALL,311IOC,311 City Services,311 City Services,Completed,Phone Call,2026-03-17T08:05:22.000,2026-03-17T08:30:49.000,2111 W Lexington ST,Demo City,Illinois,60612,2111,W,Lexington,ST,,,28,28,7,K024,2,12,1225,46,8,3,3,1162234.4668753312,1896560.9616219066,41.87183400094,-87.679845000002,"{""latitude"":""41.87183400094"",""longitude"":""-87.679845000002"",""human_address"":""{\""address\"": \""\"", \""city\"": \""\"", \""state\"": \""\"", \""zip\"": \""\""}""}"
SR26-00475693,311 INFORMATION ONLY CALL,311IOC,311 City Services,311 City Services,Completed,Phone Call,2026-03-17T08:04:41.000,2026-03-17T08:31:14.000,2111 W Lexington ST,Demo City,Illinois,60612,2111,W,Lexington,ST,,,28,28,7,K024,2,12,1225,46,8,3,3,1162234.4668753312,1896560.9616219066,41.87183400094,-87.679845000002,"{""latitude"":""41.87183400094"",""longitude"":""-87.679845000002"",""human_address"":""{\""address\"": \""\"", \""city\"": \""\"", \""state\"": \""\"", \""zip\"": \""\""}""}"
SR26-00475692,311 INFORMATION ONLY CALL,311IOC,311 City Services,311 City Services,Completed,Phone Call,2026-03-17T08:04:38.000,2026-03-17T08:31:14.000,2111 W Lexington ST,Demo City,Illinois,60612,2111,W,Lexington,ST,,,28,28,7,K024,2,12,1225,46,8,3,3,1162234.4668753312,1896560.9616219066,41.87183400094,-87.679845000002,"{""latitude"":""41.87183400094"",""longitude"":""-87.679845000002"",""human_address"":""{\""address\"": \""\"", \""city\"": \""\"", \""state\"": \""\"", \""zip\"": \""\""}""}"
SR26-00475691,311 INFORMATION ONLY CALL,311IOC,311 City Services,311 City Services,Completed,Phone Call,2026-03-17T08:04:27.000,2026-03-17T08:31:56.000,2111 W Lexington ST,Demo City,Illinois,60612,2111,W,Lexington,ST,,,28,28,7,K024,2,12,1225,46,8,3,3,1162234.4668753312,1896560.9616219066,41.87183400094,-87.679845000002,"{""latitude"":""41.87183400094"",""longitude"":""-87.679845000002"",""human_address"":""{\""address\"": \""\"", \""city\"": \""\"", \""state\"": \""\"", \""zip\"": \""\""}""}"
SR26-00475690,311 INFORMATION ONLY CALL,311IOC,311 City Services,311 City Services,Completed,Phone Call,2026-03-17T08:04:03.000,2026-03-17T08:30:49.000,2111 W Lexington ST,Demo City,Illinois,60612,2111,W,Lexington,ST,,,28,28,7,K024,2,12,1225,46,8,3,3,1162234.4668753312,1896560.9616219066,41.87183400094,-87.679845000002,"{""latitude"":""41.87183400094"",""longitude"":""-87.679845000002"",""human_address"":""{\""address\"": \""\"", \""city\"": \""\"", \""state\"": \""\"", \""zip\"": \""\""}""}"
SR26-00475687,Street Light Out Complaint,SFD,,CDOT - Department of Transportation,Open,Mobile Device,2026-03-17T08:03:52.000,2026-03-17T08:04:03.000,4400 S WESTERN BLVD,,,,4400,S,WESTERN,BLVD,,,58,15,8,K032,2,09,0922,9,8,3,3,1161235.4340114065,1875380.9057814854,41.813734463323,-87.684100671196,"{""latitude"":""41.813734463323"",""longitude"":""-87.684100671196"",""human_address"":""{\""address\"": \""\"", \""city\"": \""\"", \""state\"": \""\"", \""zip\"": \""\""}""}"
SR26-00475686,Pothole in Street Complaint,PHF,,CDOT - Department of Transportation,Open,Mobile Device,2026-03-17T08:03:22.000,2026-03-17T08:03:24.000,511 S CALIFORNIA AVE,,,,511,S,CALIFORNIA,AVE,,,27,28,7,J023,3,11,1135,29,8,3,3,1157890.6573277256,1897548.3020201493,41.87463300094,-87.695766000002,"{""latitude"":""41.87463300094"",""longitude"":""-87.695766000002"",""human_address"":""{\""address\"": \""\"", \""city\"": \""\"", \""state\"": \""\"", \""zip\"": \""\""}""}"
SR26-00475685,311 INFORMATION ONLY CALL,311IOC,311 City Services,311 City Services,Completed,Phone Call,2026-03-17T08:03:16.000,2026-03-17T08:31:34.000,2111 W Lexington ST,Demo City,Illinois,60612,2111,W,Lexington,ST,,,28,28,7,K024,2,12,1225,46,8,3,3,1162234.4668753312,1896560.9616219066,41.87183400094,-87.679845000002,"{""latitude"":""41.87183400094"",""longitude"":""-87.679845000002"",""human_address"":""{\""address\"": \""\"", \""city\"": \""\"", \""state\"": \""\"", \""zip\"": \""\""}""}"
SR26-00475684,311 INFORMATION ONLY CALL,311IOC,311 City Services,311 City Services,Completed,Phone Call,2026-03-17T08:03:13.000,2026-03-17T08:30:49.000,2111 W Lexington ST,Demo City,Illinois,60612,2111,W,Lexington,ST,,,28,28,7,K024,2,12,1225,46,8,3,3,1162234.4668753312,1896560.9616219066,41.87183400094,-87.679845000002,"{""latitude"":""41.87183400094"",""longitude"":""-87.679845000002"",""human_address"":""{\""address\"": \""\"", \""city\"": \""\"", \""state\"": \""\"", \""zip\"": \""\""}""}"
SR26-00475683,311 INFORMATION ONLY CALL,311IOC,311 City Services,311 City Services,Completed,Phone Call,2026-03-17T08:03:06.000,2026-03-17T08:31:14.000,2111 W Lexington ST,Demo City,Illinois,60612,2111,W,Lexington,ST,,,28,28,7,K024,2,12,1225,46,8,3,3,1162234.4668753312,1896560.9616219066,41.87183400094,-87.679845000002,"{""latitude"":""41.87183400094"",""longitude"":""-87.679845000002"",""human_address"":""{\""address\"": \""\"", \""city\"": \""\"", \""state\"": \""\"", \""zip\"": \""\""}""}"
SR26-00475682,Tree Removal Inspection,SEE,Streets and Sanitation,Streets and Sanitation,Open,Phone Call,2026-03-17T08:03:01.000,2026-03-17T08:03:03.000,6853 N DOWAGIAC AVE,Demo City,Illinois,60646,6853,N,DOWAGIAC,AVE,,,12,45,1,C005,2,16,1621,9,8,3,3,1138274.9486423528,1944960.7837871963,42.005115000941,-87.766636500002,"{""latitude"":""42.005115000941"",""longitude"":""-87.766636500002"",""human_address"":""{\""address\"": \""\"", \""city\"": \""\"", \""state\"": \""\"", \""zip\"": \""\""}""}"
SR26-00475681,311 INFORMATION ONLY CALL,311IOC,311 City Services,311 City Services,Completed,Phone Call,2026-03-17T08:02:59.000,2026-03-17T08:30:49.000,2111 W Lexington ST,Demo City,Illinois,60612,2111,W,Lexington,ST,,,28,28,7,K024,2,12,1225,46,8,3,3,1162234.4668753312,1896560.9616219066,41.87183400094,-87.679845000002,"{""latitude"":""41.87183400094"",""longitude"":""-87.679845000002"",""human_address"":""{\""address\"": \""\"", \""city\"": \""\"", \""state\"": \""\"", \""zip\"": \""\""}""}"
SR26-00475680,Vacant/Abandoned Building Complaint,BBK,,DOB - Buildings,Open,Mobile Device,2026-03-17T08:02:31.000,2026-03-17T08:02:37.000,9810 S CHAPPEL AVE,,,,9810,S,CHAPPEL,AVE,,,51,7,15,V045,3,04,0431,41,8,3,3,1191486.6011118859,1840271.2449667265,41.71671000094,-87.574275000002,"{""latitude"":""41.71671000094"",""longitude"":""-87.574275000002"",""human_address"":""{\""address\"": \""\"", \""city\"": \""\"", \""state\"": \""\"", \""zip\"": \""\""}""}"
SR26-00475679,Aircraft Noise Complaint,AVN,,Aviation,Completed,Internet,2026-03-17T08:02:19.000,2026-03-17T08:31:34.000,10510 W ZEMKE RD,Demo City,Illinois,60666,10510,W,ZEMKE,RD,,,76,41,,,5,16,1654,27,8,3,3,1105376.7673561182,1941043.7883293368,41.994900000941,-87.887749500002,"{""latitude"":""41.994900000941"",""longitude"":""-87.887749500002"",""human_address"":""{\""address\"": \""\"", \""city\"": \""\"", \""state\"": \""\"", \""zip\"": \""\""}""}"
SR26-00475678,311 INFORMATION ONLY CALL,311IOC,311 City Services,311 City Services,Completed,Phone Call,2026-03-17T08:01:58.000,2026-03-17T08:31:34.000,2111 W Lexington ST,Demo City,Illinois,60612,2111,W,Lexington,ST,,,28,28,7,K024,2,12,1225,46,8,3,3,1162234.4668753312,1896560.9616219066,41.87183400094,-87.679845000002,"{""latitude"":""41.87183400094"",""longitude"":""-87.679845000002"",""human_address"":""{\""address\"": \""\"", \""city\"": \""\"", \""state\"": \""\"", \""zip\"": \""\""}""}"
SR26-00475677,311 INFORMATION ONLY CALL,311IOC,311 City Services,311 City Services,Completed,Phone Call,2026-03-17T08:01:45.000,2026-03-17T08:31:14.000,2111 W Lexington ST,Demo City,Illinois,60612,2111,W,Lexington,ST,,,28,28,7,K024,2,12,1225,46,8,3,3,1162234.4668753312,1896560.9616219066,41.87183400094,-87.679845000002,"{""latitude"":""41.87183400094"",""longitude"":""-87.679845000002"",""human_address"":""{\""address\"": \""\"", \""city\"": \""\"", \""state\"": \""\"", \""zip\"": \""\""}""}"
SR26-00475676,311 INFORMATION ONLY CALL,311IOC,311 City Services,311 City Services,Completed,Phone Call,2026-03-17T08:01:44.000,2026-03-17T08:31:34.000,2111 W Lexington ST,Demo City,Illinois,60612,2111,W,Lexington,ST,,,28,28,7,K024,2,12,1225,46,8,3,3,1162234.4668753312,1896560.9616219066,41.87183400094,-87.679845000002,"{""latitude"":""41.87183400094"",""longitude"":""-87.679845000002"",""human_address"":""{\""address\"": \""\"", \""city\"": \""\"", \""state\"": \""\"", \""zip\"": \""\""}""}"
SR26-00475675,311 INFORMATION ONLY CALL,311IOC,311 City Services,311 City Services,Completed,Phone Call,2026-03-17T08:01:39.000,2026-03-17T08:31:34.000,2111 W Lexington ST,Demo City,Illinois,60612,2111,W,Lexington,ST,,,28,28,7,K024,2,12,1225,46,8,3,3,1162234.4668753312,1896560.9616219066,41.87183400094,-87.679845000002,"{""latitude"":""41.87183400094"",""longitude"":""-87.679845000002"",""human_address"":""{\""address\"": \""\"", \""city\"": \""\"", \""state\"": \""\"", \""zip\"": \""\""}""}"
SR26-00475674,Aircraft Noise Complaint,AVN,,Aviation,Completed,Internet,2026-03-17T08:01:35.000,2026-03-17T08:31:14.000,10510 W ZEMKE RD,Demo City,Illinois,60666,10510,W,ZEMKE,RD,,,76,41,,,5,16,1654,27,8,3,3,1105376.7673561182,1941043.7883293368,41.994900000941,-87.887749500002,"{""latitude"":""41.994900000941"",""longitude"":""-87.887749500002"",""human_address"":""{\""address\"": \""\"", \""city\"": \""\"", \""state\"": \""\"", \""zip\"": \""\""}""}"
SR26-00475673,311 INFORMATION ONLY CALL,311IOC,311 City Services,311 City Services,Completed,Phone Call,2026-03-17T08:00:54.000,2026-03-17T08:31:14.000,2111 W Lexington ST,Demo City,Illinois,60612,2111,W,Lexington,ST,,,28,28,7,K024,2,12,1225,46,8,3,3,1162234.4668753312,1896560.9616219066,41.87183400094,-87.679845000002,"{""latitude"":""41.87183400094"",""longitude"":""-87.679845000002"",""human_address"":""{\""address\"": \""\"", \""city\"": \""\"", \""state\"": \""\"", \""zip\"": \""\""}""}"
SR26-00475672,311 INFORMATION ONLY CALL,311IOC,311 City Services,311 City Services,Completed,Phone Call,2026-03-17T08:00:30.000,2026-03-17T08:31:14.000,2111 W Lexington ST,Demo City,Illinois,60612,2111,W,Lexington,ST,,,28,28,7,K024,2,12,1225,46,8,3,3,1162234.4668753312,1896560.9616219066,41.87183400094,-87.679845000002,"{""latitude"":""41.87183400094"",""longitude"":""-87.679845000002"",""human_address"":""{\""address\"": \""\"", \""city\"": \""\"", \""state\"": \""\"", \""zip\"": \""\""}""}"
SR26-00475671,Tree Debris Clean-Up Request,SEL,311 City Services,Streets and Sanitation,Open,Phone Call,2026-03-17T08:00:28.000,2026-03-17T08:00:31.000,11319 S CARPENTER ST,Demo City,Illinois,60643,11319,S,CARPENTER,ST,,,75,21,13,N049,3,22,2234,8,8,3,3,1171418.564346187,1829657.044852402,41.68804500094,-87.648084000002,"{""latitude"":""41.68804500094"",""longitude"":""-87.648084000002"",""human_address"":""{\""address\"": \""\"", \""city\"": \""\"", \""state\"": \""\"", \""zip\"": \""\""}""}"
SR26-00475670,311 INFORMATION ONLY CALL,311IOC,311 City Services,311 City Services,Completed,Phone Call,2026-03-17T08:00:18.000,2026-03-17T08:30:49.000,2111 W Lexington ST,Demo City,Illinois,60612,2111,W,Lexington,ST,,,28,28,7,K024,2,12,1225,46,8,3,3,1162234.4668753312,1896560.9616219066,41.87183400094,-87.679845000002,"{""latitude"":""41.87183400094"",""longitude"":""-87.679845000002"",""human_address"":""{\""address\"": \""\"", \""city\"": \""\"", \""state\"": \""\"", \""zip\"": \""\""}""}"
SR26-00475669,Fly Dumping Complaint,SDR,311 City Services,Streets and Sanitation,Open,Phone Call,2026-03-17T08:00:15.000,2026-03-17T08:00:18.000,11317 S CARPENTER ST,Demo City,Illinois,60643,11317,S,CARPENTER,ST,,,75,21,13,N049,3,22,2234,8,8,3,3,1171418.329564139,1829686.5601961291,41.68812600094,-87.648084000002,"{""latitude"":""41.68812600094"",""longitude"":""-87.648084000002"",""human_address"":""{\""address\"": \""\"", \""city\"": \""\"", \""state\"": \""\"", \""zip\"": \""\""}""}"
SR26-00475668,311 INFORMATION ONLY CALL,311IOC,311 City Services,311 City Services,Completed,Phone Call,2026-03-17T08:00:08.000,2026-03-17T08:31:34.000,2111 W Lexington ST,Demo City,Illinois,60612,2111,W,Lexington,ST,,,28,28,7,K024,2,12,1225,46,8,3,3,1162234.4668753312,1896560.9616219066,41.87183400094,-87.679845000002,"{""latitude"":""41.87183400094"",""longitude"":""-87.679845000002"",""human_address"":""{\""address\"": \""\"", \""city\"": \""\"", \""state\"": \""\"", \""zip\"": \""\""}""}"
SR26-00475667,Abandoned Vehicle Complaint,SKA,,Streets and Sanitation,Open,SPOTCSR,2026-03-17T07:59:48.000,2026-03-17T08:31:34.000,3512 N OSCEOLA AVE,CHICAGO,IL,60634,3512,N,OSCEOLA,AVE,,,17,38,3,X114,3,16,1631,6,7,3,3,1125718.8116485327,1922539.373071567,41.943807000941,-87.813333000002,"{""latitude"":""41.943807000941"",""longitude"":""-87.813333000002"",""human_address"":""{\""address\"": \""\"", \""city\"": \""\"", \""state\"": \""\"", \""zip\"": \""\""}""}"
SR26-00475665,311 INFORMATION ONLY CALL,311IOC,311 City Services,311 City Services,Completed,Phone Call,2026-03-17T07:59:36.000,2026-03-17T08:31:14.000,2111 W Lexington ST,Demo City,Illinois,60612,2111,W,Lexington,ST,,,28,28,7,K024,2,12,1225,46,7,3,3,1162234.4668753312,1896560.9616219066,41.87183400094,-87.679845000002,"{""latitude"":""41.87183400094"",""longitude"":""-87.679845000002"",""human_address"":""{\""address\"": \""\"", \""city\"": \""\"", \""state\"": \""\"", \""zip\"": \""\""}""}"
SR26-00475664,Stray Animal Complaint,EAE,311 City Services,Animal Care and Control,Completed,Phone Call,2026-03-17T07:59:30.000,2026-03-17T10:25:06.000,8331 S STEWART AVE,Demo City,Illinois,60620,8331,S,STEWART,AVE,,,44,21,14,P042,2,06,0622,31,7,3,3,1175100.4377069895,1849561.7134742266,41.742585050808,-87.634013144201,"{""latitude"":""41.742585050808"",""longitude"":""-87.634013144201"",""human_address"":""{\""address\"": \""\"", \""city\"": \""\"", \""state\"": \""\"", \""zip\"": \""\""}""}"
SR26-00475663,311 INFORMATION ONLY CALL,311IOC,311 City Services,311 City Services,Completed,Phone Call,2026-03-17T07:59:22.000,2026-03-17T08:31:34.000,2111 W Lexington ST,Demo City,Illinois,60612,2111,W,Lexington,ST,,,28,28,7,K024,2,12,1225,46,7,3,3,1162234.4668753312,1896560.9616219066,41.87183400094,-87.679845000002,"{""latitude"":""41.87183400094"",""longitude"":""-87.679845000002"",""human_address"":""{\""address\"": \""\"", \""city\"": \""\"", \""state\"": \""\"", \""zip\"": \""\""}""}"
SR26-00475661,311 INFORMATION ONLY CALL,311IOC,311 City Services,311 City Services,Completed,Phone Call,2026-03-17T07:58:51.000,2026-03-17T08:30:49.000,2111 W Lexington ST,Demo City,Illinois,60612,2111,W,Lexington,ST,,,28,28,7,K024,2,12,1225,46,7,3,3,1162234.4668753312,1896560.9616219066,41.87183400094,-87.679845000002,"{""latitude"":""41.87183400094"",""longitude"":""-87.679845000002"",""human_address"":""{\""address\"": \""\"", \""city\"": \""\"", \""state\"": \""\"", \""zip\"": \""\""}""}"
SR26-00475660,Aircraft Noise Complaint,AVN,,Aviation,Completed,Internet,2026-03-17T07:58:48.000,2026-03-17T08:31:34.000,10510 W ZEMKE RD,Demo City,Illinois,60666,10510,W,ZEMKE,RD,,,76,41,,,5,16,1654,27,7,3,3,1105376.7673561182,1941043.7883293368,41.994900000941,-87.887749500002,"{""latitude"":""41.994900000941"",""longitude"":""-87.887749500002"",""human_address"":""{\""address\"": \""\"", \""city\"": \""\"", \""state\"": \""\"", \""zip\"": \""\""}""}"
SR26-00475659,Cab Feedback,CSC,311 City Services,BACP - Business Affairs and Consumer Protection,Open,Phone Call,2026-03-17T07:58:34.000,2026-03-17T07:58:35.000,5051 W GUNNISON ST,Demo City,Illinois,60630,5051,W,GUNNISON,ST,,,11,45,1,D010,2,16,1623,31,7,3,3,1141613.1074037016,1931706.5125096978,41.968683000941,-87.754684500002,"{""latitude"":""41.968683000941"",""longitude"":""-87.754684500002"",""human_address"":""{\""address\"": \""\"", \""city\"": \""\"", \""state\"": \""\"", \""zip\"": \""\""}""}"
SR26-00475658,311 INFORMATION ONLY CALL,311IOC,311 City Services,311 City Services,Completed,Phone Call,2026-03-17T07:58:18.000,2026-03-17T08:31:34.000,2111 W Lexington ST,Demo City,Illinois,60612,2111,W,Lexington,ST,,,28,28,7,K024,2,12,1225,46,7,3,3,1162234.4668753312,1896560.9616219066,41.87183400094,-87.679845000002,"{""latitude"":""41.87183400094"",""longitude"":""-87.679845000002"",""human_address"":""{\""address\"": \""\"", \""city\"": \""\"", \""state\"": \""\"", \""zip\"": \""\""}""}"
SR26-00475656,311 INFORMATION ONLY CALL,311IOC,311 City Services,311 City Services,Completed,Phone Call,2026-03-17T07:58:11.000,2026-03-17T08:31:34.000,2111 W Lexington ST,Demo City,Illinois,60612,2111,W,Lexington,ST,,,28,28,7,K024,2,12,1225,46,7,3,3,1162234.4668753312,1896560.9616219066,41.87183400094,-87.679845000002,"{""latitude"":""41.87183400094"",""longitude"":""-87.679845000002"",""human_address"":""{\""address\"": \""\"", \""city\"": \""\"", \""state\"": \""\"", \""zip\"": \""\""}""}"
SR26-00475655,Aircraft Noise Complaint,AVN,,Aviation,Completed,Internet,2026-03-17T07:57:40.000,2026-03-17T08:31:34.000,10510 W ZEMKE RD,Demo City,Illinois,60666,10510,W,ZEMKE,RD,,,76,41,,,5,16,1654,27,7,3,3,1105376.7673561182,1941043.7883293368,41.994900000941,-87.887749500002,"{""latitude"":""41.994900000941"",""longitude"":""-87.887749500002"",""human_address"":""{\""address\"": \""\"", \""city\"": \""\"", \""state\"": \""\"", \""zip\"": \""\""}""}"
SR26-00475654,311 INFORMATION ONLY CALL,311IOC,311 City Services,311 City Services,Completed,Phone Call,2026-03-17T07:56:47.000,2026-03-17T08:31:34.000,2111 W Lexington ST,Demo City,Illinois,60612,2111,W,Lexington,ST,,,28,28,7,K024,2,12,1225,46,7,3,3,1162234.4668753312,1896560.9616219066,41.87183400094,-87.679845000002,"{""latitude"":""41.87183400094"",""longitude"":""-87.679845000002"",""human_address"":""{\""address\"": \""\"", \""city\"": \""\"", \""state\"": \""\"", \""zip\"": \""\""}""}"
SR26-00475653,Graffiti Removal Request,GRAF,,Streets and Sanitation,Open,Mobile Device,2026-03-17T07:56:31.000,2026-03-17T07:56:33.000,3345 N ASHLAND AVE,,,,3345,N,ASHLAND,AVE,,,6,32,4,M014,2,19,1922,2,7,3,3,1165160.2926223087,1922477.4547604257,41.942889000941,-87.668365500002,"{""latitude"":""41.942889000941"",""longitude"":""-87.668365500002"",""human_address"":""{\""address\"": \""\"", \""city\"": \""\"", \""state\"": \""\"", \""zip\"": \""\""}""}"
SR26-00475652,Pothole in Street Complaint,PHF,311 City Services,CDOT - Department of Transportation,Open,Phone Call,2026-03-17T07:56:27.000,2026-03-17T07:56:28.000,7104 S WESTERN AVE,Demo City,Illinois,60636,7104,S,WESTERN,AVE,,,66,17,11,J039,3,08,0832,5,7,3,3,1161470.1623576598,1857418.0039968428,41.76443700094,-87.683737500002,"{""latitude"":""41.76443700094"",""longitude"":""-87.683737500002"",""human_address"":""{\""address\"": \""\"", \""city\"": \""\"", \""state\"": \""\"", \""zip\"": \""\""}""}"
SR26-00475651,311 INFORMATION ONLY CALL,311IOC,311 City Services,311 City Services,Completed,Phone Call,2026-03-17T07:55:51.000,2026-03-17T08:31:34.000,2111 W Lexington ST,Demo City,Illinois,60612,2111,W,Lexington,ST,,,28,28,7,K024,2,12,1225,46,7,3,3,1162234.4668753312,1896560.9616219066,41.87183400094,-87.679845000002,"{""latitude"":""41.87183400094"",""longitude"":""-87.679845000002"",""human_address"":""{\""address\"": \""\"", \""city\"": \""\"", \""state\"": \""\"", \""zip\"": \""\""}""}"
SR26-00475650,Graffiti Removal Request,GRAF,,Streets and Sanitation,Completed,Mobile Device,2026-03-17T07:55:43.000,2026-03-17T09:22:26.000,3401 N ASHLAND AVE,,,,3401,N,ASHLAND,AVE,,,6,47,4,M014,2,19,1922,30,7,3,3,1165149.7892958098,1922726.639799881,41.943573000941,-87.668397000002,"{""latitude"":""41.943573000941"",""longitude"":""-87.668397000002"",""human_address"":""{\""address\"": \""\"", \""city\"": \""\"", \""state\"": \""\"", \""zip\"": \""\""}""}"
SR26-00475649,Sign Repair Request - All Other Signs,PCE,,CDOT - Department of Transportation,Open,Internet,2026-03-17T07:55:42.000,2026-03-17T07:55:44.000,3400 W MONTROSE AVE,Demo City,Illinois,60618,3400,W,MONTROSE,AVE,1,,14,33,2,H011,2,17,1723,20,7,3,3,1152878.8628498605,1929109.002108866,41.961339000941,-87.713329500002,"{""latitude"":""41.961339000941"",""longitude"":""-87.713329500002"",""human_address"":""{\""address\"": \""\"", \""city\"": \""\"", \""state\"": \""\"", \""zip\"": \""\""}""}"
SR26-00475648,Street Light Out Complaint,SFD,CDOT - Department of Transportation,CDOT - Department of Transportation,Open,Phone Call,2026-03-17T07:55:36.000,2026-03-17T07:55:50.000,2801 S KOLIN AVE,Demo City,Illinois,60623,2801,S,KOLIN,AVE,,,30,22,8,F028,3,10,1031,20,7,3,3,1147924.7524176082,1884983.8970638474,41.84035200094,-87.732679500002,"{""latitude"":""41.84035200094"",""longitude"":""-87.732679500002"",""human_address"":""{\""address\"": \""\"", \""city\"": \""\"", \""state\"": \""\"", \""zip\"": \""\""}""}"
SR26-00475647,Abandoned Vehicle Complaint,SKA,,Streets and Sanitation,Open,Mobile Device,2026-03-17T07:55:31.000,2026-03-17T07:55:36.000,2724 W ARMITAGE AVE,,,,2724,W,ARMITAGE,AVE,,,22,1,5,J017,3,14,1431,34,7,3,3,1157759.3199606142,1913244.342455227,41.917707000941,-87.695820000002,"{""latitude"":""41.917707000941"",""longitude"":""-87.695820000002"",""human_address"":""{\""address\"": \""\"", \""city\"": \""\"", \""state\"": \""\"", \""zip\"": \""\""}""}"
SR26-00475646,311 INFORMATION ONLY CALL,311IOC,311 City Services,311 City Services,Completed,Phone Call,2026-03-17T07:54:59.000,2026-03-17T08:31:34.000,2111 W Lexington ST,Demo City,Illinois,60612,2111,W,Lexington,ST,,,28,28,7,K024,2,12,1225,46,7,3,3,1162234.4668753312,1896560.9616219066,41.87183400094,-87.679845000002,"{""latitude"":""41.87183400094"",""longitude"":""-87.679845000002"",""human_address"":""{\""address\"": \""\"", \""city\"": \""\"", \""state\"": \""\"", \""zip\"": \""\""}""}"
SR26-00475645,Aircraft Noise Complaint,AVN,,Aviation,Completed,Internet,2026-03-17T07:54:42.000,2026-03-17T08:31:34.000,10510 W ZEMKE RD,Demo City,Illinois,60666,10510,W,ZEMKE,RD,,,76,41,,,5,16,1654,27,7,3,3,1105376.7673561182,1941043.7883293368,41.994900000941,-87.887749500002,"{""latitude"":""41.994900000941"",""longitude"":""-87.887749500002"",""human_address"":""{\""address\"": \""\"", \""city\"": \""\"", \""state\"": \""\"", \""zip\"": \""\""}""}"
SR26-00475644,311 INFORMATION ONLY CALL,311IOC,311 City Services,311 City Services,Completed,Phone Call,2026-03-17T07:54:36.000,2026-03-17T08:31:34.000,2111 W Lexington ST,Demo City,Illinois,60612,2111,W,Lexington,ST,,,28,28,7,K024,2,12,1225,46,7,3,3,1162234.4668753312,1896560.9616219066,41.87183400094,-87.679845000002,"{""latitude"":""41.87183400094"",""longitude"":""-87.679845000002"",""human_address"":""{\""address\"": \""\"", \""city\"": \""\"", \""state\"": \""\"", \""zip\"": \""\""}""}"
SR26-00475643,311 INFORMATION ONLY CALL,311IOC,311 City Services,311 City Services,Completed,Phone Call,2026-03-17T07:54:31.000,2026-03-17T08:31:34.000,2111 W Lexington ST,Demo City,Illinois,60612,2111,W,Lexington,ST,,,28,28,7,K024,2,12,1225,46,7,3,3,1162234.4668753312,1896560.9616219066,41.87183400094,-87.679845000002,"{""latitude"":""41.87183400094"",""longitude"":""-87.679845000002"",""human_address"":""{\""address\"": \""\"", \""city\"": \""\"", \""state\"": \""\"", \""zip\"": \""\""}""}"
SR26-00475642,311 INFORMATION ONLY CALL,311IOC,311 City Services,311 City Services,Completed,Phone Call,2026-03-17T07:54:23.000,2026-03-17T08:31:34.000,2111 W Lexington ST,Demo City,Illinois,60612,2111,W,Lexington,ST,,,28,28,7,K024,2,12,1225,46,7,3,3,1162234.4668753312,1896560.9616219066,41.87183400094,-87.679845000002,"{""latitude"":""41.87183400094"",""longitude"":""-87.679845000002"",""human_address"":""{\""address\"": \""\"", \""city\"": \""\"", \""state\"": \""\"", \""zip\"": \""\""}""}"
SR26-00475641,Abandoned Vehicle Complaint,SKA,,Streets and Sanitation,Open,Internet,2026-03-17T07:53:51.000,2026-03-17T07:53:55.000,1129 N LAWNDALE AVE,Demo City,Illinois,60651,1129,N,LAWNDALE,AVE,,,23,36,6,G020,1,11,1112,24,7,3,3,1151571.7714215103,1907410.3704374493,41.901822000941,-87.718707000002,"{""latitude"":""41.901822000941"",""longitude"":""-87.718707000002"",""human_address"":""{\""address\"": \""\"", \""city\"": \""\"", \""state\"": \""\"", \""zip\"": \""\""}""}"
SR26-00475640,311 INFORMATION ONLY CALL,311IOC,311 City Services,311 City Services,Completed,Phone Call,2026-03-17T07:53:19.000,2026-03-17T08:31:14.000,2111 W Lexington ST,Demo City,Illinois,60612,2111,W,Lexington,ST,,,28,28,7,K024,2,12,1225,46,7,3,3,1162234.4668753312,1896560.9616219066,41.87183400094,-87.679845000002,"{""latitude"":""41.87183400094"",""longitude"":""-87.679845000002"",""human_address"":""{\""address\"": \""\"", \""city\"": \""\"", \""state\"": \""\"", \""zip\"": \""\""}""}"
SR26-00475639,311 INFORMATION ONLY CALL,311IOC,311 City Services,311 City Services,Completed,Phone Call,2026-03-17T07:53:09.000,2026-03-17T08:31:14.000,2111 W Lexington ST,Demo City,Illinois,60612,2111,W,Lexington,ST,,,28,28,7,K024,2,12,1225,46,7,3,3,1162234.4668753312,1896560.9616219066,41.87183400094,-87.679845000002,"{""latitude"":""41.87183400094"",""longitude"":""-87.679845000002"",""human_address"":""{\""address\"": \""\"", \""city\"": \""\"", \""state\"": \""\"", \""zip\"": \""\""}""}"
SR26-00475638,Street Light Out Complaint,SFD,CDOT - Department of Transportation,CDOT - Department of Transportation,Open,Phone Call,2026-03-17T07:53:00.000,2026-03-17T07:53:07.000,3624 W 32ND ST,Demo City,Illinois,60623,3624,W,32ND,ST,,,30,22,8,G029,3,10,1032,7,7,3,3,1152567.1479305646,1883164.9755592311,41.835270296639,-87.715691599859,"{""latitude"":""41.835270296639"",""longitude"":""-87.715691599859"",""human_address"":""{\""address\"": \""\"", \""city\"": \""\"", \""state\"": \""\"", \""zip\"": \""\""}""}"
SR26-00475637,Garbage Cart Maintenance,SIE,,Streets and Sanitation,Open,Mobile Device,2026-03-17T07:52:55.000,2026-03-17T07:52:57.000,106 E 90TH ST,,,,106,E,90TH,ST,,,44,6,14,Q043,3,06,0634,50,7,3,3,1178873.4383932427,1845424.1136272585,41.73114600094,-87.620314500002,"{""latitude"":""41.73114600094"",""longitude"":""-87.620314500002"",""human_address"":""{\""address\"": \""\"", \""city\"": \""\"", \""state\"": \""\"", \""zip\"": \""\""}""}"
SR26-00475636,Sanitation Code Violation,SCB,,Streets and Sanitation,Open,Mobile Device,2026-03-17T07:52:51.000,2026-03-17T07:52:53.000,3005 W ARDMORE AVE,,,,3005,W,ARDMORE,AVE,,,2,50,2,I008,1,20,2011,29,7,3,3,1155235.9785459253,1938312.9432869647,41.986548000941,-87.704415000002,"{""latitude"":""41.986548000941"",""longitude"":""-87.704415000002"",""human_address"":""{\""address\"": \""\"", \""city\"": \""\"", \""state\"": \""\"", \""zip\"": \""\""}""}"
SR26-00475634,Aircraft Noise Complaint,AVN,,Aviation,Completed,Internet,2026-03-17T07:52:47.000,2026-03-17T08:30:49.000,10510 W ZEMKE RD,Demo City,Illinois,60666,10510,W,ZEMKE,RD,,,76,41,,,5,16,1654,27,7,3,3,1105376.7673561182,1941043.7883293368,41.994900000941,-87.887749500002,"{""latitude"":""41.994900000941"",""longitude"":""-87.887749500002"",""human_address"":""{\""address\"": \""\"", \""city\"": \""\"", \""state\"": \""\"", \""zip\"": \""\""}""}"
SR26-00475635,311 INFORMATION ONLY CALL,311IOC,311 City Services,311 City Services,Completed,Phone Call,2026-03-17T07:52:47.000,2026-03-17T08:31:14.000,2111 W Lexington ST,Demo City,Illinois,60612,2111,W,Lexington,ST,,,28,28,7,K024,2,12,1225,46,7,3,3,1162234.4668753312,1896560.9616219066,41.87183400094,-87.679845000002,"{""latitude"":""41.87183400094"",""longitude"":""-87.679845000002"",""human_address"":""{\""address\"": \""\"", \""city\"": \""\"", \""state\"": \""\"", \""zip\"": \""\""}""}"
SR26-00475633,311 INFORMATION ONLY CALL,311IOC,311 City Services,311 City Services,Completed,Phone Call,2026-03-17T07:52:33.000,2026-03-17T08:31:34.000,2111 W Lexington ST,Demo City,Illinois,60612,2111,W,Lexington,ST,,,28,28,7,K024,2,12,1225,46,7,3,3,1162234.4668753312,1896560.9616219066,41.87183400094,-87.679845000002,"{""latitude"":""41.87183400094"",""longitude"":""-87.679845000002"",""human_address"":""{\""address\"": \""\"", \""city\"": \""\"", \""state\"": \""\"", \""zip\"": \""\""}""}"
SR26-00475632,Garbage Cart Maintenance,SIE,,Streets and Sanitation,Open,Internet,2026-03-17T07:52:30.000,2026-03-17T07:52:33.000,5322 N MAGNOLIA AVE,Demo City,Illinois,60640,5322,N,MAGNOLIA,AVE,,,77,48,2,M009,1,20,2013,2,7,3,3,1166922.0635031862,1935600.6976874266,41.978862000941,-87.661512000002,"{""latitude"":""41.978862000941"",""longitude"":""-87.661512000002"",""human_address"":""{\""address\"": \""\"", \""city\"": \""\"", \""state\"": \""\"", \""zip\"": \""\""}""}"
SR26-00475631,311 INFORMATION ONLY CALL,311IOC,311 City Services,311 City Services,Completed,Phone Call,2026-03-17T07:52:25.000,2026-03-17T08:30:49.000,2111 W Lexington ST,Demo City,Illinois,60612,2111,W,Lexington,ST,,,28,28,7,K024,2,12,1225,46,7,3,3,1162234.4668753312,1896560.9616219066,41.87183400094,-87.679845000002,"{""latitude"":""41.87183400094"",""longitude"":""-87.679845000002"",""human_address"":""{\""address\"": \""\"", \""city\"": \""\"", \""state\"": \""\"", \""zip\"": \""\""}""}"
SR26-00475630,311 INFORMATION ONLY CALL,311IOC,311 City Services,311 City Services,Completed,Phone Call,2026-03-17T07:52:10.000,2026-03-17T08:30:49.000,2111 W Lexington ST,Demo City,Illinois,60612,2111,W,Lexington,ST,,,28,28,7,K024,2,12,1225,46,7,3,3,1162234.4668753312,1896560.9616219066,41.87183400094,-87.679845000002,"{""latitude"":""41.87183400094"",""longitude"":""-87.679845000002"",""human_address"":""{\""address\"": \""\"", \""city\"": \""\"", \""state\"": \""\"", \""zip\"": \""\""}""}"
SR26-00475629,Pothole in Street Complaint,PHF,311 City Services,CDOT - Department of Transportation,Open,Phone Call,2026-03-17T07:52:09.000,2026-03-17T07:52:11.000,5615 N CHRISTIANA AVE,Demo City,Illinois,60659,5615,N,CHRISTIANA,AVE,,,13,39,2,H008,1,17,1711,16,7,3,3,1153052.9425755972,1937185.8346328468,41.983498861074,-87.712474281737,"{""latitude"":""41.983498861074"",""longitude"":""-87.712474281737"",""human_address"":""{\""address\"": \""\"", \""city\"": \""\"", \""state\"": \""\"", \""zip\"": \""\""}""}"
SR26-00475628,Street Light Out Complaint,SFD,CDOT - Department of Transportation,CDOT - Department of Transportation,Open,Phone Call,2026-03-17T07:51:58.000,2026-03-17T07:52:11.000,3040 S CENTRAL PARK AVE,Demo City,Illinois,60623,3040,S,CENTRAL PARK,AVE,,,30,22,8,G028,3,10,1032,7,7,3,3,1152833.9230303734,1884035.7844589434,41.837654638821,-87.714689697972,"{""latitude"":""41.837654638821"",""longitude"":""-87.714689697972"",""human_address"":""{\""address\"": \""\"", \""city\"": \""\"", \""state\"": \""\"", \""zip\"": \""\""}""}"
SR26-00475627,Blue Recycling Cart,SRRC,,Streets and Sanitation,Open,Internet,2026-03-17T07:51:52.000,2026-03-17T07:51:55.000,1938 N WINCHESTER AVE,Demo City,Illinois,60622,1938,N,WINCHESTER,AVE,,,22,32,5,L018,3,14,1434,31,7,3,3,1162951.351555606,1913076.8880997398,41.917140000941,-87.676749000002,"{""latitude"":""41.917140000941"",""longitude"":""-87.676749000002"",""human_address"":""{\""address\"": \""\"", \""city\"": \""\"", \""state\"": \""\"", \""zip\"": \""\""}""}"
SR26-00475626,Abandoned Vehicle Complaint,SKA,,Streets and Sanitation,Open,SPOTCSR,2026-03-17T07:51:51.000,2026-03-17T08:31:34.000,3227 S HAMILTON AVE,CHICAGO,IL,60608,3227,S,HAMILTON,AVE,,,59,12,8,K029,1,09,0912,8,7,3,3,1162627.9130888418,1883215.3189686132,41.83520400094,-87.678774000002,"{""latitude"":""41.83520400094"",""longitude"":""-87.678774000002"",""human_address"":""{\""address\"": \""\"", \""city\"": \""\"", \""state\"": \""\"", \""zip\"": \""\""}""}"
SR26-00475625,Sign Repair Request - All Other Signs,PCE,,CDOT - Department of Transportation,Open,Mobile Device,2026-03-17T07:51:50.000,2026-03-17T07:51:52.000,2000 N WESTERN AVE,,,,2000,N,WESTERN,AVE,,,22,1,5,J017,3,14,1431,9,7,3,3,1159951.358113714,1913293.5381622734,41.917797000941,-87.687765000002,"{""latitude"":""41.917797000941"",""longitude"":""-87.687765000002"",""human_address"":""{\""address\"": \""\"", \""city\"": \""\"", \""state\"": \""\"", \""zip\"": \""\""}""}"
SR26-00475624,Aircraft Noise Complaint,AVN,,Aviation,Completed,Internet,2026-03-17T07:51:41.000,2026-03-17T08:31:34.000,10510 W ZEMKE RD,Demo City,Illinois,60666,10510,W,ZEMKE,RD,,,76,41,,,5,16,1654,27,7,3,3,1105376.7673561182,1941043.7883293368,41.994900000941,-87.887749500002,"{""latitude"":""41.994900000941"",""longitude"":""-87.887749500002"",""human_address"":""{\""address\"": \""\"", \""city\"": \""\"", \""state\"": \""\"", \""zip\"": \""\""}""}"
SR26-00475623,Ice and Snow Removal Request,SDO,,Streets and Sanitation,Completed,Mobile Device,2026-03-17T07:51:05.000,2026-03-17T08:13:58.000,250 E GRAND AVE,,,,250,E,GRAND,AVE,,,8,2,5,Q021,3,18,1834,35,7,3,3,1178399.1960687307,1904059.37163282,41.89205700094,-87.620269500002,"{""latitude"":""41.89205700094"",""longitude"":""-87.620269500002"",""human_address"":""{\""address\"": \""\"", \""city\"": \""\"", \""state\"": \""\"", \""zip\"": \""\""}""}"
SR26-00475621,Street Light Out Complaint,SFD,CDOT - Department of Transportation,CDOT - Department of Transportation,Open,Phone Call,2026-03-17T07:50:07.000,2026-03-17T07:50:17.000,3031 S HOMAN AVE,Demo City,Illinois,60623,3031,S,HOMAN,AVE,,,30,22,8,H028,3,10,1032,15,7,3,3,1154248.3470303006,1884186.0817376105,41.83803900094,-87.709495500002,"{""latitude"":""41.83803900094"",""longitude"":""-87.709495500002"",""human_address"":""{\""address\"": \""\"", \""city\"": \""\"", \""state\"": \""\"", \""zip\"": \""\""}""}"
SR26-00475620,Aircraft Noise Complaint,AVN,,Aviation,Completed,Internet,2026-03-17T07:49:43.000,2026-03-17T08:30:49.000,10510 W ZEMKE RD,Demo City,Illinois,60666,10510,W,ZEMKE,RD,,,76,41,,,5,16,1654,27,7,3,3,1105376.7673561182,1941043.7883293368,41.994900000941,-87.887749500002,"{""latitude"":""41.994900000941"",""longitude"":""-87.887749500002"",""human_address"":""{\""address\"": \""\"", \""city\"": \""\"", \""state\"": \""\"", \""zip\"": \""\""}""}"
SR26-00475619,Aircraft Noise Complaint,AVN,,Aviation,Completed,Internet,2026-03-17T07:49:34.000,2026-03-17T08:30:49.000,10510 W ZEMKE RD,Demo City,Illinois,60666,10510,W,ZEMKE,RD,,,76,41,,,5,16,1654,27,7,3,3,1105376.7673561182,1941043.7883293368,41.994900000941,-87.887749500002,"{""latitude"":""41.994900000941"",""longitude"":""-87.887749500002"",""human_address"":""{\""address\"": \""\"", \""city\"": \""\"", \""state\"": \""\"", \""zip\"": \""\""}""}"
SR26-00475618,311 INFORMATION ONLY CALL,311IOC,311 City Services,311 City Services,Completed,Phone Call,2026-03-17T07:49:30.000,2026-03-17T08:30:49.000,2111 W Lexington ST,Demo City,Illinois,60612,2111,W,Lexington,ST,,,28,28,7,K024,2,12,1225,46,7,3,3,1162234.4668753312,1896560.9616219066,41.87183400094,-87.679845000002,"{""latitude"":""41.87183400094"",""longitude"":""-87.679845000002"",""human_address"":""{\""address\"": \""\"", \""city\"": \""\"", \""state\"": \""\"", \""zip\"": \""\""}""}"
SR26-00475617,Street Light Out Complaint,SFD,CDOT - Department of Transportation,CDOT - Department of Transportation,Open,Phone Call,2026-03-17T07:49:03.000,2026-03-17T07:49:13.000,3222 W 31ST ST,Demo City,Illinois,60623,3222,W,31ST,ST,,,30,22,8,H028,3,10,1032,15,7,3,3,1155263.4458219984,1883915.8995817539,41.837277296639,-87.705777845307,"{""latitude"":""41.837277296639"",""longitude"":""-87.705777845307"",""human_address"":""{\""address\"": \""\"", \""city\"": \""\"", \""state\"": \""\"", \""zip\"": \""\""}""}"
SR26-00475616,Finance Parking Code Enforcement Review,FPCE,,Finance,Completed,Mobile Device,2026-03-17T07:48:30.000,2026-03-17T07:48:33.000,4733 S LEAMINGTON AVE,,,,4733,S,LEAMINGTON,AVE,,,56,22,8,D033,1,08,0814,8,7,3,3,1142902.3237014879,1872614.35276888,41.80650300094,-87.751417500002,"{""latitude"":""41.80650300094"",""longitude"":""-87.751417500002"",""human_address"":""{\""address\"": \""\"", \""city\"": \""\"", \""state\"": \""\"", \""zip\"": \""\""}""}"
SR26-00475615,Aircraft Noise Complaint,AVN,,Aviation,Completed,Internet,2026-03-17T07:48:24.000,2026-03-17T08:30:49.000,10510 W ZEMKE RD,Demo City,Illinois,60666,10510,W,ZEMKE,RD,,,76,41,,,5,16,1654,27,7,3,3,1105376.7673561182,1941043.7883293368,41.994900000941,-87.887749500002,"{""latitude"":""41.994900000941"",""longitude"":""-87.887749500002"",""human_address"":""{\""address\"": \""\"", \""city\"": \""\"", \""state\"": \""\"", \""zip\"": \""\""}""}"
SR26-00475614,Tree Removal Inspection,SEE,Streets and Sanitation,Streets and Sanitation,Open,Phone Call,2026-03-17T07:48:19.000,2026-03-17T07:48:21.000,3248 W ARGYLE ST,Demo City,Illinois,60625,3248,W,ARGYLE,ST,,,14,33,2,H010,1,17,1713,2,7,3,3,1153598.6911181333,1933131.987531396,41.972364000941,-87.710575500002,"{""latitude"":""41.972364000941"",""longitude"":""-87.710575500002"",""human_address"":""{\""address\"": \""\"", \""city\"": \""\"", \""state\"": \""\"", \""zip\"": \""\""}""}"
SR26-00475613,Water in Basement Complaint,AAF,311 City Services,DWM - Department of Water Management,Completed,Phone Call,2026-03-17T07:48:01.000,2026-03-17T09:07:04.000,9351 S WALLACE ST,Demo City,Illinois,60620,9351,S,WALLACE,ST,,,73,9,14,O044,2,22,2223,35,7,3,3,1174025.120181653,1842672.122642539,41.72370300094,-87.638157000002,"{""latitude"":""41.72370300094"",""longitude"":""-87.638157000002"",""human_address"":""{\""address\"": \""\"", \""city\"": \""\"", \""state\"": \""\"", \""zip\"": \""\""}""}"
SR26-00475612,Street Light Out Complaint,SFD,CDOT - Department of Transportation,CDOT - Department of Transportation,Open,Phone Call,2026-03-17T07:47:55.000,2026-03-17T07:48:02.000,2628 W 26TH ST,Demo City,Illinois,60608,2628,W,26TH,ST,,,30,25,8,J027,3,10,1034,16,7,3,3,1159122.1900704626,1886757.23348602,41.84499600094,-87.691540500002,"{""latitude"":""41.84499600094"",""longitude"":""-87.691540500002"",""human_address"":""{\""address\"": \""\"", \""city\"": \""\"", \""state\"": \""\"", \""zip\"": \""\""}""}"
SR26-00475609,311 INFORMATION ONLY CALL,311IOC,311 City Services,311 City Services,Completed,Phone Call,2026-03-17T07:47:30.000,2026-03-17T08:30:49.000,2111 W Lexington ST,Demo City,Illinois,60612,2111,W,Lexington,ST,,,25,37,6,C019,3,25,2532,5,7,3,3,1138810.9543740556,1908123.8891706578,41.904021296639,-87.765562353381,"{""latitude"":""41.904021296639"",""longitude"":""-87.765562353381"",""human_address"":""{\""address\"": \""\"", \""city\"": \""\"", \""state\"": \""\"", \""zip\"": \""\""}""}"
SR26-00475608,Garbage Cart Maintenance,SIE,311 City Services,Streets and Sanitation,Open,Phone Call,2026-03-17T07:47:07.000,2026-03-17T07:47:09.000,5734 N MAPLEWOOD AVE,Demo City,Illinois,60659,5734,N,MAPLEWOOD,AVE,,,2,40,2,J008,1,20,2011,2,7,3,3,1158216.458598756,1938141.5103397216,41.986017000941,-87.693457500002,"{""latitude"":""41.986017000941"",""longitude"":""-87.693457500002"",""human_address"":""{\""address\"": \""\"", \""city\"": \""\"", \""state\"": \""\"", \""zip\"": \""\""}""}"
SR26-00475607,311 INFORMATION ONLY CALL,311IOC,311 City Services,311 City Services,Completed,Phone Call,2026-03-17T07:46:50.000,2026-03-17T08:30:49.000,2111 W Lexington ST,Demo City,Illinois,60612,2111,W,Lexington,ST,,,28,28,7,K024,2,12,1225,46,7,3,3,1162234.4668753312,1896560.9616219066,41.87183400094,-87.679845000002,"{""latitude"":""41.87183400094"",""longitude"":""-87.679845000002"",""human_address"":""{\""address\"": \""\"", \""city\"": \""\"", \""state\"": \""\"", \""zip\"": \""\""}""}"
SR26-00475606,Graffiti Removal Request,GRAF,,Streets and Sanitation,Open,Mobile Device,2026-03-17T07:46:46.000,2026-03-17T07:46:48.000,2625 W FULLERTON AVE,,,,2625,W,FULLERTON,AVE,,,22,1,5,J017,3,14,1431,16,7,3,3,1158348.1965996732,1915741.3704063897,41.924547000941,-87.693588000002,"{""latitude"":""41.924547000941"",""longitude"":""-87.693588000002"",""human_address"":""{\""address\"": \""\"", \""city\"": \""\"", \""state\"": \""\"", \""zip\"": \""\""}""}"
SR26-00475605,Street Light Out Complaint,SFD,CDOT - Department of Transportation,CDOT - Department of Transportation,Open,Phone Call,2026-03-17T07:46:43.000,2026-03-17T07:46:52.000,2526 S WESTERN AVE,Demo City,Illinois,60612,2526,S,WESTERN,AVE,,,28,28,7,J023,3,11,1135,11,7,3,3,1159509.2295123166,1897776.8456586406,41.87522700094,-87.689817000002,"{""latitude"":""41.87522700094"",""longitude"":""-87.689817000002"",""human_address"":""{\""address\"": \""\"", \""city\"": \""\"", \""state\"": \""\"", \""zip\"": \""\""}""}"
SR26-00475604,Aircraft Noise Complaint,AVN,,Aviation,Completed,Internet,2026-03-17T07:46:26.000,2026-03-17T08:30:49.000,10510 W ZEMKE RD,Demo City,Illinois,60666,10510,W,ZEMKE,RD,,,76,41,,,5,16,1654,27,7,3,3,1105376.7673561182,1941043.7883293368,41.994900000941,-87.887749500002,"{""latitude"":""41.994900000941"",""longitude"":""-87.887749500002"",""human_address"":""{\""address\"": \""\"", \""city\"": \""\"", \""state\"": \""\"", \""zip\"": \""\""}""}"
SR26-00475603,311 INFORMATION ONLY CALL,311IOC,311 City Services,311 City Services,Completed,Phone Call,2026-03-17T07:46:16.000,2026-03-17T08:31:14.000,2111 W Lexington ST,Demo City,Illinois,60612,2111,W,Lexington,ST,,,28,28,7,K024,2,12,1225,46,7,3,3,1162234.4668753312,1896560.9616219066,41.87183400094,-87.679845000002,"{""latitude"":""41.87183400094"",""longitude"":""-87.679845000002"",""human_address"":""{\""address\"": \""\"", \""city\"": \""\"", \""state\"": \""\"", \""zip\"": \""\""}""}"
SR26-00475602,311 INFORMATION ONLY CALL,311IOC,311 City Services,311 City Services,Completed,Phone Call,2026-03-17T07:46:11.000,2026-03-17T08:31:14.000,2111 W Lexington ST,Demo City,Illinois,60612,2111,W,Lexington,ST,,,28,28,7,K024,2,12,1225,46,7,3,3,1162234.4668753312,1896560.9616219066,41.87183400094,-87.679845000002,"{""latitude"":""41.87183400094"",""longitude"":""-87.679845000002"",""human_address"":""{\""address\"": \""\"", \""city\"": \""\"", \""state\"": \""\"", \""zip\"": \""\""}""}"
SR26-00475599,Aircraft Noise Complaint,AVN,,Aviation,Completed,Internet,2026-03-17T07:45:43.000,2026-03-17T08:31:14.000,10510 W ZEMKE RD,Demo City,Illinois,60666,10510,W,ZEMKE,RD,,,76,41,,,5,16,1654,27,7,3,3,1105376.7673561182,1941043.7883293368,41.994900000941,-87.887749500002,"{""latitude"":""41.994900000941"",""longitude"":""-87.887749500002"",""human_address"":""{\""address\"": \""\"", \""city\"": \""\"", \""state\"": \""\"", \""zip\"": \""\""}""}"
SR26-00475598,311 INFORMATION ONLY CALL,311IOC,311 City Services,311 City Services,Completed,Phone Call,2026-03-17T07:45:23.000,2026-03-17T08:30:49.000,2111 W Lexington ST,Demo City,Illinois,60612,2111,W,Lexington,ST,,,28,28,7,K024,2,12,1225,46,7,3,3,1162234.4668753312,1896560.9616219066,41.87183400094,-87.679845000002,"{""latitude"":""41.87183400094"",""longitude"":""-87.679845000002"",""human_address"":""{\""address\"": \""\"", \""city\"": \""\"", \""state\"": \""\"", \""zip\"": \""\""}""}"
SR26-00475597,311 INFORMATION ONLY CALL,311IOC,311 City Services,311 City Services,Completed,Phone Call,2026-03-17T07:45:14.000,2026-03-17T08:31:34.000,2111 W Lexington ST,Demo City,Illinois,60612,2111,W,Lexington,ST,,,28,28,7,K024,2,12,1225,46,7,3,3,1162234.4668753312,1896560.9616219066,41.87183400094,-87.679845000002,"{""latitude"":""41.87183400094"",""longitude"":""-87.679845000002"",""human_address"":""{\""address\"": \""\"", \""city\"": \""\"", \""state\"": \""\"", \""zip\"": \""\""}""}"
SR26-00475596,311 INFORMATION ONLY CALL,311IOC,311 City Services,311 City Services,Completed,Phone Call,2026-03-17T07:45:07.000,2026-03-17T08:30:49.000,2111 W Lexington ST,Demo City,Illinois,60612,2111,W,Lexington,ST,,,28,28,7,K024,2,12,1225,46,7,3,3,1162234.4668753312,1896560.9616219066,41.87183400094,-87.679845000002,"{""latitude"":""41.87183400094"",""longitude"":""-87.679845000002"",""human_address"":""{\""address\"": \""\"", \""city\"": \""\"", \""state\"": \""\"", \""zip\"": \""\""}""}"
SR26-00475595,311 INFORMATION ONLY CALL,311IOC,311 City Services,311 City Services,Completed,Phone Call,2026-03-17T07:45:06.000,2026-03-17T08:31:34.000,2111 W Lexington ST,Demo City,Illinois,60612,2111,W,Lexington,ST,,,28,28,7,K024,2,12,1225,46,7,3,3,1162234.4668753312,1896560.9616219066,41.87183400094,-87.679845000002,"{""latitude"":""41.87183400094"",""longitude"":""-87.679845000002"",""human_address"":""{\""address\"": \""\"", \""city\"": \""\"", \""state\"": \""\"", \""zip\"": \""\""}""}"
SR26-00475594,Street Light Out Complaint,SFD,CDOT - Department of Transportation,CDOT - Department of Transportation,Open,Phone Call,2026-03-17T07:44:43.000,2026-03-17T07:44:50.000,2147 W 22ND PL,Demo City,Illinois,60608,2147,W,22ND,PL,,,31,25,8,K027,3,10,1034,1,7,3,3,1162224.8747790437,1888961.6660108676,41.85098100094,-87.680092500002,"{""latitude"":""41.85098100094"",""longitude"":""-87.680092500002"",""human_address"":""{\""address\"": \""\"", \""city\"": \""\"", \""state\"": \""\"", \""zip\"": \""\""}""}"
SR26-00475593,311 INFORMATION ONLY CALL,311IOC,311 City Services,311 City Services,Completed,Phone Call,2026-03-17T07:44:07.000,2026-03-17T08:30:49.000,2111 W Lexington ST,Demo City,Illinois,60612,2111,W,Lexington,ST,,,28,28,7,K024,2,12,1225,46,7,3,3,1162234.4668753312,1896560.9616219066,41.87183400094,-87.679845000002,"{""latitude"":""41.87183400094"",""longitude"":""-87.679845000002"",""human_address"":""{\""address\"": \""\"", \""city\"": \""\"", \""state\"": \""\"", \""zip\"": \""\""}""}"
SR26-00475592,311 INFORMATION ONLY CALL,311IOC,311 City Services,311 City Services,Completed,Phone Call,2026-03-17T07:43:26.000,2026-03-17T08:30:49.000,2111 W Lexington ST,Demo City,Illinois,60612,2111,W,Lexington,ST,,,28,28,7,K024,2,12,1225,46,7,3,3,1162234.4668753312,1896560.9616219066,41.87183400094,-87.679845000002,"{""latitude"":""41.87183400094"",""longitude"":""-87.679845000002"",""human_address"":""{\""address\"": \""\"", \""city\"": \""\"", \""state\"": \""\"", \""zip\"": \""\""}""}"
SR26-00475591,Street Light Out Complaint,SFD,CDOT - Department of Transportation,CDOT - Department of Transportation,Open,Phone Call,2026-03-17T07:43:11.000,2026-03-17T07:43:23.000,2257 W 23RD PL,Demo City,Illinois,60608,2257,W,23RD,PL,,,31,25,8,K027,3,10,1034,26,7,3,3,1161475.843563338,1888300.028066529,41.84918100094,-87.682860000002,"{""latitude"":""41.84918100094"",""longitude"":""-87.682860000002"",""human_address"":""{\""address\"": \""\"", \""city\"": \""\"", \""state\"": \""\"", \""zip\"": \""\""}""}"
SR26-00475589,Aircraft Noise Complaint,AVN,,Aviation,Completed,Internet,2026-03-17T07:42:43.000,2026-03-17T08:31:14.000,10510 W ZEMKE RD,Demo City,Illinois,60666,10510,W,ZEMKE,RD,,,76,41,,,5,16,1654,27,7,3,3,1105376.7673561182,1941043.7883293368,41.994900000941,-87.887749500002,"{""latitude"":""41.994900000941"",""longitude"":""-87.887749500002"",""human_address"":""{\""address\"": \""\"", \""city\"": \""\"", \""state\"": \""\"", \""zip\"": \""\""}""}"
SR26-00475588,311 INFORMATION ONLY CALL,311IOC,311 City Services,311 City Services,Completed,Phone Call,2026-03-17T07:42:42.000,2026-03-17T08:31:34.000,2111 W Lexington ST,Demo City,Illinois,60612,2111,W,Lexington,ST,,,28,28,7,K024,2,12,1225,46,7,3,3,1162234.4668753312,1896560.9616219066,41.87183400094,-87.679845000002,"{""latitude"":""41.87183400094"",""longitude"":""-87.679845000002"",""human_address"":""{\""address\"": \""\"", \""city\"": \""\"", \""state\"": \""\"", \""zip\"": \""\""}""}"
SR26-00475587,Aircraft Noise Complaint,AVN,,Aviation,Completed,Internet,2026-03-17T07:41:54.000,2026-03-17T08:30:49.000,10510 W ZEMKE RD,Demo City,Illinois,60666,10510,W,ZEMKE,RD,,,76,41,,,5,16,1654,27,7,3,3,1105376.7673561182,1941043.7883293368,41.994900000941,-87.887749500002,"{""latitude"":""41.994900000941"",""longitude"":""-87.887749500002"",""human_address"":""{\""address\"": \""\"", \""city\"": \""\"", \""state\"": \""\"", \""zip\"": \""\""}""}"
SR26-00475586,Street Light Out Complaint,SFD,CDOT - Department of Transportation,CDOT - Department of Transportation,Open,Phone Call,2026-03-17T07:41:45.000,2026-03-17T07:41:53.000,2364 S WOLCOTT AVE,Demo City,Illinois,60608,2364,S,WOLCOTT,AVE,,,31,25,8,L027,3,10,1034,15,7,3,3,1164058.0499695037,1888210.9565472775,41.848882516109,-87.673385536296,"{""latitude"":""41.848882516109"",""longitude"":""-87.673385536296"",""human_address"":""{\""address\"": \""\"", \""city\"": \""\"", \""state\"": \""\"", \""zip\"": \""\""}""}"
SR26-00475585,Aircraft Noise Complaint,AVN,,Aviation,Completed,Internet,2026-03-17T07:41:43.000,2026-03-17T08:31:34.000,10510 W ZEMKE RD,Demo City,Illinois,60666,10510,W,ZEMKE,RD,,,76,41,,,5,16,1654,27,7,3,3,1105376.7673561182,1941043.7883293368,41.994900000941,-87.887749500002,"{""latitude"":""41.994900000941"",""longitude"":""-87.887749500002"",""human_address"":""{\""address\"": \""\"", \""city\"": \""\"", \""state\"": \""\"", \""zip\"": \""\""}""}"
SR26-00475584,311 INFORMATION ONLY CALL,311IOC,311 City Services,311 City Services,Completed,Phone Call,2026-03-17T07:41:11.000,2026-03-17T08:30:49.000,2111 W Lexington ST,Demo City,Illinois,60612,2111,W,Lexington,ST,,,28,28,7,K024,2,12,1225,46,7,3,3,1162234.4668753312,1896560.9616219066,41.87183400094,-87.679845000002,"{""latitude"":""41.87183400094"",""longitude"":""-87.679845000002"",""human_address"":""{\""address\"": \""\"", \""city\"": \""\"", \""state\"": \""\"", \""zip\"": \""\""}""}"
SR26-00475583,311 INFORMATION ONLY CALL,311IOC,311 City Services,311 City Services,Completed,Phone Call,2026-03-17T07:41:06.000,2026-03-17T08:31:34.000,2111 W Lexington ST,Demo City,Illinois,60612,2111,W,Lexington,ST,,,28,28,7,K024,2,12,1225,46,7,3,3,1162234.4668753312,1896560.9616219066,41.87183400094,-87.679845000002,"{""latitude"":""41.87183400094"",""longitude"":""-87.679845000002"",""human_address"":""{\""address\"": \""\"", \""city\"": \""\"", \""state\"": \""\"", \""zip\"": \""\""}""}"
SR26-00475582,Garbage Cart Maintenance,SIE,311 City Services,Streets and Sanitation,Open,Phone Call,2026-03-17T07:40:46.000,2026-03-17T07:40:48.000,827 S CARPENTER ST,Demo City,Illinois,60607,827,S,CARPENTER,ST,,,28,34,7,N024,3,12,1232,25,7,3,3,1169547.5121552604,1896335.718585963,41.87106000094,-87.653002500002,"{""latitude"":""41.87106000094"",""longitude"":""-87.653002500002"",""human_address"":""{\""address\"": \""\"", \""city\"": \""\"", \""state\"": \""\"", \""zip\"": \""\""}""}"
SR26-00475581,Sewer Cleaning Inspection Request,CHECKFOR,,DWM - Department of Water Management,Open,Internet,2026-03-17T07:40:45.000,2026-03-17T07:52:17.000,7029 N RAVENSWOOD AVE,Demo City,Illinois,60626,7029,N,RAVENSWOOD,AVE,,,1,49,2,L005,2,24,2424,3,7,3,3,1163092.6880408518,1946880.4319487903,42.009895482576,-87.67527591393,"{""latitude"":""42.009895482576"",""longitude"":""-87.67527591393"",""human_address"":""{\""address\"": \""\"", \""city\"": \""\"", \""state\"": \""\"", \""zip\"": \""\""}""}"
SR26-00475580,Aircraft Noise Complaint,AVN,,Aviation,Completed,Internet,2026-03-17T07:40:44.000,2026-03-17T08:31:14.000,10510 W ZEMKE RD,Demo City,Illinois,60666,10510,W,ZEMKE,RD,,,76,41,,,5,16,1654,27,7,3,3,1105376.7673561182,1941043.7883293368,41.994900000941,-87.887749500002,"{""latitude"":""41.994900000941"",""longitude"":""-87.887749500002"",""human_address"":""{\""address\"": \""\"", \""city\"": \""\"", \""state\"": \""\"", \""zip\"": \""\""}""}"
SR26-00475579,311 INFORMATION ONLY CALL,311IOC,311 City Services,311 City Services,Completed,Phone Call,2026-03-17T07:39:31.000,2026-03-17T08:30:49.000,2111 W Lexington ST,Demo City,Illinois,60612,2111,W,Lexington,ST,,,28,28,7,K024,2,12,1225,46,7,3,3,1162234.4668753312,1896560.9616219066,41.87183400094,-87.679845000002,"{""latitude"":""41.87183400094"",""longitude"":""-87.679845000002"",""human_address"":""{\""address\"": \""\"", \""city\"": \""\"", \""state\"": \""\"", \""zip\"": \""\""}""}"
SR26-00475578,Street Light Out Complaint,SFD,CDOT - Department of Transportation,CDOT - Department of Transportation,Open,Phone Call,2026-03-17T07:39:11.000,2026-03-17T07:39:27.000,2356 S WOLCOTT AVE,Demo City,Illinois,60608,2356,S,WOLCOTT,AVE,,,31,25,8,L027,3,10,1034,15,7,3,3,1164054.457317059,1888322.5903997058,41.849188926191,-87.673395573116,"{""latitude"":""41.849188926191"",""longitude"":""-87.673395573116"",""human_address"":""{\""address\"": \""\"", \""city\"": \""\"", \""state\"": \""\"", \""zip\"": \""\""}""}"
SR26-00475577,311 INFORMATION ONLY CALL,311IOC,311 City Services,311 City Services,Completed,Phone Call,2026-03-17T07:39:09.000,2026-03-17T08:30:49.000,2111 W Lexington ST,Demo City,Illinois,60612,2111,W,Lexington,ST,,,28,28,7,K024,2,12,1225,46,7,3,3,1162234.4668753312,1896560.9616219066,41.87183400094,-87.679845000002,"{""latitude"":""41.87183400094"",""longitude"":""-87.679845000002"",""human_address"":""{\""address\"": \""\"", \""city\"": \""\"", \""state\"": \""\"", \""zip\"": \""\""}""}"
SR26-00475576,Report an Injured Animal,EAQ,311 City Services,Animal Care and Control,Completed,Phone Call,2026-03-17T07:39:07.000,2026-03-17T09:53:48.000,13292 S ELLIS AVE,Demo City,Illinois,,13292,S,ELLIS,AVE,,,54,10,14,S054,3,05,0533,15,7,3,3,1185515.3800998772,1817293.7696410317,41.653799151204,-87.596863984488,"{""latitude"":""41.653799151204"",""longitude"":""-87.596863984488"",""human_address"":""{\""address\"": \""\"", \""city\"": \""\"", \""state\"": \""\"", \""zip\"": \""\""}""}"
SR26-00475575,Tree Debris Clean-Up Request,SEL,Streets and Sanitation,Streets and Sanitation,Open,Phone Call,2026-03-17T07:38:49.000,2026-03-17T07:38:51.000,7515 W PALATINE AVE,Demo City,Illinois,60631,7515,W,PALATINE,AVE,,,10,41,1,X107,1,16,1612,37,7,3,3,1125326.2894223703,1941257.8141520652,41.995179000941,-87.814359000002,"{""latitude"":""41.995179000941"",""longitude"":""-87.814359000002"",""human_address"":""{\""address\"": \""\"", \""city\"": \""\"", \""state\"": \""\"", \""zip\"": \""\""}""}"
SR26-00475574,Aircraft Noise Complaint,AVN,,Aviation,Completed,Internet,2026-03-17T07:38:38.000,2026-03-17T08:30:49.000,10510 W ZEMKE RD,Demo City,Illinois,60666,10510,W,ZEMKE,RD,,,76,41,,,5,16,1654,27,7,3,3,1105376.7673561182,1941043.7883293368,41.994900000941,-87.887749500002,"{""latitude"":""41.994900000941"",""longitude"":""-87.887749500002"",""human_address"":""{\""address\"": \""\"", \""city\"": \""\"", \""state\"": \""\"", \""zip\"": \""\""}""}"
SR26-00475573,311 INFORMATION ONLY CALL,311IOC,311 City Services,311 City Services,Completed,Phone Call,2026-03-17T07:38:28.000,2026-03-17T08:31:14.000,2111 W Lexington ST,Demo City,Illinois,60612,2111,W,Lexington,ST,,,28,28,7,K024,2,12,1225,46,7,3,3,1162234.4668753312,1896560.9616219066,41.87183400094,-87.679845000002,"{""latitude"":""41.87183400094"",""longitude"":""-87.679845000002"",""human_address"":""{\""address\"": \""\"", \""city\"": \""\"", \""state\"": \""\"", \""zip\"": \""\""}""}"
SR26-00475572,Pothole in Street Complaint,PHF,,CDOT - Department of Transportation,Open,Internet,2026-03-17T07:38:12.000,2026-03-17T07:45:21.000,2421 S STATE ST,Demo City,Illinois,60616,2421,S,STATE,ST,1,,33,3,9,Q027,3,01,0131,3,7,3,3,1176803.1517019733,1888217.8006495168,41.84862300094,-87.626610000002,"{""latitude"":""41.84862300094"",""longitude"":""-87.626610000002"",""human_address"":""{\""address\"": \""\"", \""city\"": \""\"", \""state\"": \""\"", \""zip\"": \""\""}""}"
SR26-00475571,311 INFORMATION ONLY CALL,311IOC,311 City Services,311 City Services,Completed,Phone Call,2026-03-17T07:38:06.000,2026-03-17T08:31:14.000,2111 W Lexington ST,Demo City,Illinois,60612,2111,W,Lexington,ST,,,28,28,7,K024,2,12,1225,46,7,3,3,1162234.4668753312,1896560.9616219066,41.87183400094,-87.679845000002,"{""latitude"":""41.87183400094"",""longitude"":""-87.679845000002"",""human_address"":""{\""address\"": \""\"", \""city\"": \""\"", \""state\"": \""\"", \""zip\"": \""\""}""}"
SR26-00475570,Street Light Out Complaint,SFD,CDOT - Department of Transportation,CDOT - Department of Transportation,Open,Phone Call,2026-03-17T07:37:57.000,2026-03-17T07:38:05.000,2234 S BLUE ISLAND AVE,Demo City,Illinois,60608,2234,S,BLUE ISLAND,AVE,,,31,25,8,L027,3,10,1034,15,7,3,3,1165527.951892131,1889278.9257735135,41.85178200094,-87.667960500002,"{""latitude"":""41.85178200094"",""longitude"":""-87.667960500002"",""human_address"":""{\""address\"": \""\"", \""city\"": \""\"", \""state\"": \""\"", \""zip\"": \""\""}""}"
SR26-00475569,311 INFORMATION ONLY CALL,311IOC,311 City Services,311 City Services,Completed,Phone Call,2026-03-17T07:37:40.000,2026-03-17T08:30:49.000,2111 W Lexington ST,Demo City,Illinois,60612,2111,W,Lexington,ST,,,28,28,7,K024,2,12,1225,46,7,3,3,1162234.4668753312,1896560.9616219066,41.87183400094,-87.679845000002,"{""latitude"":""41.87183400094"",""longitude"":""-87.679845000002"",""human_address"":""{\""address\"": \""\"", \""city\"": \""\"", \""state\"": \""\"", \""zip\"": \""\""}""}"
SR26-00475568,Traffic Signal Out Complaint,SFB,CDOT - Department of Transportation,CDOT - Department of Transportation,Open,Phone Call,2026-03-17T07:37:39.000,2026-03-17T09:51:11.000,1326 S LAKE SHORE DR,Demo City,Illinois,60605,1326,S,LAKE SHORE,DR,,,33,4,7,Q025,3,01,0132,25,7,3,3,1178796.031807302,1894265.2818200476,41.865172437783,-87.619111441847,"{""latitude"":""41.865172437783"",""longitude"":""-87.619111441847"",""human_address"":""{\""address\"": \""\"", \""city\"": \""\"", \""state\"": \""\"", \""zip\"": \""\""}""}"
SR26-00475567,Traffic Signal Out Complaint,SFB,,CDOT - Department of Transportation,Open,Mobile Device,2026-03-17T07:37:36.000,2026-03-17T07:40:08.000,6400 W SOMERSET AVE,,,,6400,W,SOMERSET,AVE,,,10,41,1,Z108,1,16,1612,26,7,3,3,1132511.0940300093,1937553.6810755278,41.984892000941,-87.788016000002,"{""latitude"":""41.984892000941"",""longitude"":""-87.788016000002"",""human_address"":""{\""address\"": \""\"", \""city\"": \""\"", \""state\"": \""\"", \""zip\"": \""\""}""}"
SR26-00475566,Finance Parking Code Enforcement Review,FPCE,,Finance,Completed,Mobile Device,2026-03-17T07:37:33.000,2026-03-17T07:37:33.000,4733 S LEAMINGTON AVE,,,,4733,S,LEAMINGTON,AVE,,,56,22,8,D033,1,08,0814,8,7,3,3,1142902.3237014879,1872614.35276888,41.80650300094,-87.751417500002,"{""latitude"":""41.80650300094"",""longitude"":""-87.751417500002"",""human_address"":""{\""address\"": \""\"", \""city\"": \""\"", \""state\"": \""\"", \""zip\"": \""\""}""}"
SR26-00475565,Tree Removal Inspection,SEE,Alderman,Streets and Sanitation,Open,Phone Call,2026-03-17T07:37:28.000,2026-03-17T07:37:30.000,11322 S HOMEWOOD AVE,Demo City,Illinois,60643,11322,S,HOMEWOOD,AVE,,,75,19,13,L049,1,22,2212,17,7,3,3,1165270.6061671951,1829274.4169361044,41.68712700094,-87.670602000002,"{""latitude"":""41.68712700094"",""longitude"":""-87.670602000002"",""human_address"":""{\""address\"": \""\"", \""city\"": \""\"", \""state\"": \""\"", \""zip\"": \""\""}""}"
SR26-00475564,Garbage Cart Maintenance,SIE,311 City Services,Streets and Sanitation,Open,Phone Call,2026-03-17T07:37:23.000,2026-03-17T07:37:25.000,1313 S TROY ST,Demo City,Illinois,60623,1313,S,TROY,ST,,,29,24,7,I025,2,10,1022,14,7,3,3,1155655.0252871453,1893714.1651929587,41.86415700094,-87.704077500002,"{""latitude"":""41.86415700094"",""longitude"":""-87.704077500002"",""human_address"":""{\""address\"": \""\"", \""city\"": \""\"", \""state\"": \""\"", \""zip\"": \""\""}""}"
SR26-00475563,Aircraft Noise Complaint,AVN,,Aviation,Completed,Internet,2026-03-17T07:37:22.000,2026-03-17T08:31:14.000,10510 W ZEMKE RD,Demo City,Illinois,60666,10510,W,ZEMKE,RD,,,76,41,,,5,16,1654,27,7,3,3,1105376.7673561182,1941043.7883293368,41.994900000941,-87.887749500002,"{""latitude"":""41.994900000941"",""longitude"":""-87.887749500002"",""human_address"":""{\""address\"": \""\"", \""city\"": \""\"", \""state\"": \""\"", \""zip\"": \""\""}""}"
SR26-00475562,Aircraft Noise Complaint,AVN,,Aviation,Completed,Internet,2026-03-17T07:37:21.000,2026-03-17T08:30:49.000,10510 W ZEMKE RD,Demo City,Illinois,60666,10510,W,ZEMKE,RD,,,76,41,,,5,16,1654,27,7,3,3,1105376.7673561182,1941043.7883293368,41.994900000941,-87.887749500002,"{""latitude"":""41.994900000941"",""longitude"":""-87.887749500002"",""human_address"":""{\""address\"": \""\"", \""city\"": \""\"", \""state\"": \""\"", \""zip\"": \""\""}""}"
SR26-00475561,311 INFORMATION ONLY CALL,311IOC,311 City Services,311 City Services,Completed,Phone Call,2026-03-17T07:37:01.000,2026-03-17T08:31:14.000,2111 W Lexington ST,Demo City,Illinois,60612,2111,W,Lexington,ST,,,28,28,7,K024,2,12,1225,46,7,3,3,1162234.4668753312,1896560.9616219066,41.87183400094,-87.679845000002,"{""latitude"":""41.87183400094"",""longitude"":""-87.679845000002"",""human_address"":""{\""address\"": \""\"", \""city\"": \""\"", \""state\"": \""\"", \""zip\"": \""\""}""}"
SR26-00475560,Aircraft Noise Complaint,AVN,,Aviation,Completed,Internet,2026-03-17T07:35:56.000,2026-03-17T08:31:14.000,10510 W ZEMKE RD,Demo City,Illinois,60666,10510,W,ZEMKE,RD,,,76,41,,,5,16,1654,27,7,3,3,1105376.7673561182,1941043.7883293368,41.994900000941,-87.887749500002,"{""latitude"":""41.994900000941"",""longitude"":""-87.887749500002"",""human_address"":""{\""address\"": \""\"", \""city\"": \""\"", \""state\"": \""\"", \""zip\"": \""\""}""}"
SR26-00475557,Aircraft Noise Complaint,AVN,,Aviation,Completed,Internet,2026-03-17T07:35:26.000,2026-03-17T08:31:14.000,10510 W ZEMKE RD,Demo City,Illinois,60666,10510,W,ZEMKE,RD,,,76,41,,,5,16,1654,27,7,3,3,1105376.7673561182,1941043.7883293368,41.994900000941,-87.887749500002,"{""latitude"":""41.994900000941"",""longitude"":""-87.887749500002"",""human_address"":""{\""address\"": \""\"", \""city\"": \""\"", \""state\"": \""\"", \""zip\"": \""\""}""}"
SR26-00475556,311 INFORMATION ONLY CALL,311IOC,311 City Services,311 City Services,Completed,Phone Call,2026-03-17T07:35:17.000,2026-03-17T08:30:49.000,2111 W Lexington ST,Demo City,Illinois,60612,2111,W,Lexington,ST,,,28,28,7,K024,2,12,1225,46,7,3,3,1162234.4668753312,1896560.9616219066,41.87183400094,-87.679845000002,"{""latitude"":""41.87183400094"",""longitude"":""-87.679845000002"",""human_address"":""{\""address\"": \""\"", \""city\"": \""\"", \""state\"": \""\"", \""zip\"": \""\""}""}"
SR26-00475555,311 INFORMATION ONLY CALL,311IOC,311 City Services,311 City Services,Completed,Phone Call,2026-03-17T07:35:13.000,2026-03-17T08:31:14.000,2111 W Lexington ST,Demo City,Illinois,60612,2111,W,Lexington,ST,,,28,28,7,K024,2,12,1225,46,7,3,3,1162234.4668753312,1896560.9616219066,41.87183400094,-87.679845000002,"{""latitude"":""41.87183400094"",""longitude"":""-87.679845000002"",""human_address"":""{\""address\"": \""\"", \""city\"": \""\"", \""state\"": \""\"", \""zip\"": \""\""}""}"
SR26-00475554,Tree Debris Clean-Up Request,SEL,Streets and Sanitation,Streets and Sanitation,Open,Phone Call,2026-03-17T07:35:05.000,2026-03-17T07:35:07.000,6957 N OLEANDER AVE,Demo City,Illinois,60631,6957,N,OLEANDER,AVE,,,9,41,1,X105,1,16,1611,4,7,3,3,1125194.6820633302,1945819.1759426708,42.007698000941,-87.814741500002,"{""latitude"":""42.007698000941"",""longitude"":""-87.814741500002"",""human_address"":""{\""address\"": \""\"", \""city\"": \""\"", \""state\"": \""\"", \""zip\"": \""\""}""}"
SR26-00475553,Aircraft Noise Complaint,AVN,,Aviation,Completed,Internet,2026-03-17T07:35:02.000,2026-03-17T08:31:14.000,10510 W ZEMKE RD,Demo City,Illinois,60666,10510,W,ZEMKE,RD,,,76,41,,,5,16,1654,27,7,3,3,1105376.7673561182,1941043.7883293368,41.994900000941,-87.887749500002,"{""latitude"":""41.994900000941"",""longitude"":""-87.887749500002"",""human_address"":""{\""address\"": \""\"", \""city\"": \""\"", \""state\"": \""\"", \""zip\"": \""\""}""}"
SR26-00475552,311 INFORMATION ONLY CALL,311IOC,311 City Services,311 City Services,Completed,Phone Call,2026-03-17T07:34:43.000,2026-03-17T08:31:14.000,2111 W Lexington ST,Demo City,Illinois,60612,2111,W,Lexington,ST,,,28,28,7,K024,2,12,1225,46,7,3,3,1162234.4668753312,1896560.9616219066,41.87183400094,-87.679845000002,"{""latitude"":""41.87183400094"",""longitude"":""-87.679845000002"",""human_address"":""{\""address\"": \""\"", \""city\"": \""\"", \""state\"": \""\"", \""zip\"": \""\""}""}"
SR26-00475551,311 INFORMATION ONLY CALL,311IOC,311 City Services,311 City Services,Completed,Phone Call,2026-03-17T07:34:31.000,2026-03-17T08:31:14.000,2111 W Lexington ST,Demo City,Illinois,60612,2111,W,Lexington,ST,,,28,28,7,K024,2,12,1225,46,7,3,3,1162234.4668753312,1896560.9616219066,41.87183400094,-87.679845000002,"{""latitude"":""41.87183400094"",""longitude"":""-87.679845000002"",""human_address"":""{\""address\"": \""\"", \""city\"": \""\"", \""state\"": \""\"", \""zip\"": \""\""}""}"
SR26-00475550,311 INFORMATION ONLY CALL,311IOC,311 City Services,311 City Services,Completed,Phone Call,2026-03-17T07:34:28.000,2026-03-17T08:31:14.000,2111 W Lexington ST,Demo City,Illinois,60612,2111,W,Lexington,ST,,,28,28,7,K024,2,12,1225,46,7,3,3,1162234.4668753312,1896560.9616219066,41.87183400094,-87.679845000002,"{""latitude"":""41.87183400094"",""longitude"":""-87.679845000002"",""human_address"":""{\""address\"": \""\"", \""city\"": \""\"", \""state\"": \""\"", \""zip\"": \""\""}""}"
SR26-00475549,Tree Planting Request,SED,Streets and Sanitation,Streets and Sanitation,Open,Phone Call,2026-03-17T07:34:25.000,2026-03-17T07:34:29.000,3859 W 107TH ST,Demo City,Illinois,60655,3859,W,107TH,ST,,,74,19,13,G048,1,22,2211,16,7,3,3,1152305.7626526353,1833290.9279541185,41.69841300094,-87.717960000002,"{""latitude"":""41.69841300094"",""longitude"":""-87.717960000002"",""human_address"":""{\""address\"": \""\"", \""city\"": \""\"", \""state\"": \""\"", \""zip\"": \""\""}""}"
SR26-00475547,311 INFORMATION ONLY CALL,311IOC,311 City Services,311 City Services,Completed,Phone Call,2026-03-17T07:34:05.000,2026-03-17T08:31:14.000,2111 W Lexington ST,Demo City,Illinois,60612,2111,W,Lexington,ST,,,28,28,7,K024,2,12,1225,46,7,3,3,1162234.4668753312,1896560.9616219066,41.87183400094,-87.679845000002,"{""latitude"":""41.87183400094"",""longitude"":""-87.679845000002"",""human_address"":""{\""address\"": \""\"", \""city\"": \""\"", \""state\"": \""\"", \""zip\"": \""\""}""}"
SR26-00475548,311 INFORMATION ONLY CALL,311IOC,311 City Services,311 City Services,Completed,Phone Call,2026-03-17T07:34:05.000,2026-03-17T08:31:14.000,2111 W Lexington ST,Demo City,Illinois,60612,2111,W,Lexington,ST,,,28,28,7,K024,2,12,1225,46,7,3,3,1162234.4668753312,1896560.9616219066,41.87183400094,-87.679845000002,"{""latitude"":""41.87183400094"",""longitude"":""-87.679845000002"",""human_address"":""{\""address\"": \""\"", \""city\"": \""\"", \""state\"": \""\"", \""zip\"": \""\""}""}"
SR26-00475545,Aircraft Noise Complaint,AVN,,Aviation,Completed,Internet,2026-03-17T07:33:46.000,2026-03-17T08:31:14.000,10510 W ZEMKE RD,Demo City,Illinois,60666,10510,W,ZEMKE,RD,,,76,41,,,5,16,1654,27,7,3,3,1105376.7673561182,1941043.7883293368,41.994900000941,-87.887749500002,"{""latitude"":""41.994900000941"",""longitude"":""-87.887749500002"",""human_address"":""{\""address\"": \""\"", \""city\"": \""\"", \""state\"": \""\"", \""zip\"": \""\""}""}"
SR26-00475544,Pothole in Street Complaint,PHF,311 City Services,CDOT - Department of Transportation,Open,Phone Call,2026-03-17T07:33:39.000,2026-03-17T07:33:41.000,3500 N SACRAMENTO AVE,Demo City,Illinois,60618,3500,N,SACRAMENTO,AVE,,,21,33,4,I014,3,17,1733,4,7,3,3,1155746.4848560805,1923118.1417328075,41.944842271195,-87.702948532222,"{""latitude"":""41.944842271195"",""longitude"":""-87.702948532222"",""human_address"":""{\""address\"": \""\"", \""city\"": \""\"", \""state\"": \""\"", \""zip\"": \""\""}""}"
SR26-00475543,Restaurant Complaint,HFB,311 City Services,Health,Open,Phone Call,2026-03-17T07:33:35.000,2026-03-17T07:33:36.000,5020 S ASHLAND AVE,Demo City,Illinois,60609,5020,S,ASHLAND,AVE,,,61,20,8,L033,3,09,0931,20,7,3,3,1166419.1557591222,1871325.891456107,41.80249800094,-87.665202000002,"{""latitude"":""41.80249800094"",""longitude"":""-87.665202000002"",""human_address"":""{\""address\"": \""\"", \""city\"": \""\"", \""state\"": \""\"", \""zip\"": \""\""}""}"
SR26-00475541,311 INFORMATION ONLY CALL,311IOC,311 City Services,311 City Services,Completed,Phone Call,2026-03-17T07:33:27.000,2026-03-17T08:31:14.000,2111 W Lexington ST,Demo City,Illinois,60612,2111,W,Lexington,ST,,,28,28,7,K024,2,12,1225,46,7,3,3,1162234.4668753312,1896560.9616219066,41.87183400094,-87.679845000002,"{""latitude"":""41.87183400094"",""longitude"":""-87.679845000002"",""human_address"":""{\""address\"": \""\"", \""city\"": \""\"", \""state\"": \""\"", \""zip\"": \""\""}""}"
SR26-00475539,311 INFORMATION ONLY CALL,311IOC,311 City Services,311 City Services,Completed,Phone Call,2026-03-17T07:32:50.000,2026-03-17T08:30:49.000,2111 W Lexington ST,Demo City,Illinois,60612,2111,W,Lexington,ST,,,28,28,7,K024,2,12,1225,46,7,3,3,1162234.4668753312,1896560.9616219066,41.87183400094,-87.679845000002,"{""latitude"":""41.87183400094"",""longitude"":""-87.679845000002"",""human_address"":""{\""address\"": \""\"", \""city\"": \""\"", \""state\"": \""\"", \""zip\"": \""\""}""}"
SR26-00475540,Aircraft Noise Complaint,AVN,,Aviation,Completed,Internet,2026-03-17T07:32:50.000,2026-03-17T08:31:14.000,10510 W ZEMKE RD,Demo City,Illinois,60666,10510,W,ZEMKE,RD,,,76,41,,,5,16,1654,27,7,3,3,1105376.7673561182,1941043.7883293368,41.994900000941,-87.887749500002,"{""latitude"":""41.994900000941"",""longitude"":""-87.887749500002"",""human_address"":""{\""address\"": \""\"", \""city\"": \""\"", \""state\"": \""\"", \""zip\"": \""\""}""}"
SR26-00475535,311 INFORMATION ONLY CALL,311IOC,311 City Services,311 City Services,Completed,Phone Call,2026-03-17T07:31:40.000,2026-03-17T08:30:49.000,2111 W Lexington ST,Demo City,Illinois,60612,2111,W,Lexington,ST,,,28,28,7,K024,2,12,1225,46,7,3,3,1162234.4668753312,1896560.9616219066,41.87183400094,-87.679845000002,"{""latitude"":""41.87183400094"",""longitude"":""-87.679845000002"",""human_address"":""{\""address\"": \""\"", \""city\"": \""\"", \""state\"": \""\"", \""zip\"": \""\""}""}"
SR26-00475533,311 INFORMATION ONLY CALL,311IOC,311 City Services,311 City Services,Completed,Phone Call,2026-03-17T07:31:35.000,2026-03-17T08:31:14.000,2111 W Lexington ST,Demo City,Illinois,60612,2111,W,Lexington,ST,,,28,28,7,K024,2,12,1225,46,7,3,3,1162234.4668753312,1896560.9616219066,41.87183400094,-87.679845000002,"{""latitude"":""41.87183400094"",""longitude"":""-87.679845000002"",""human_address"":""{\""address\"": \""\"", \""city\"": \""\"", \""state\"": \""\"", \""zip\"": \""\""}""}"
SR26-00475532,311 INFORMATION ONLY CALL,311IOC,311 City Services,311 City Services,Completed,Phone Call,2026-03-17T07:31:26.000,2026-03-17T08:31:14.000,2111 W Lexington ST,Demo City,Illinois,60612,2111,W,Lexington,ST,,,28,28,7,K024,2,12,1225,46,7,3,3,1162234.4668753312,1896560.9616219066,41.87183400094,-87.679845000002,"{""latitude"":""41.87183400094"",""longitude"":""-87.679845000002"",""human_address"":""{\""address\"": \""\"", \""city\"": \""\"", \""state\"": \""\"", \""zip\"": \""\""}""}"
SR26-00475531,Sign Repair Request - All Other Signs,PCE,311 City Services,CDOT - Department of Transportation,Open,Phone Call,2026-03-17T07:31:22.000,2026-03-17T07:31:24.000,3041 S SHIELDS AVE,Demo City,Illinois,60616,3041,S,SHIELDS,AVE,,,34,11,9,P028,1,09,0914,14,7,3,3,1174545.5327920124,1884483.3300287235,41.83842600094,-87.635007000002,"{""latitude"":""41.83842600094"",""longitude"":""-87.635007000002"",""human_address"":""{\""address\"": \""\"", \""city\"": \""\"", \""state\"": \""\"", \""zip\"": \""\""}""}"
SR26-00475530,Aircraft Noise Complaint,AVN,,Aviation,Completed,Internet,2026-03-17T07:31:16.000,2026-03-17T08:31:14.000,10510 W ZEMKE RD,Demo City,Illinois,60666,10510,W,ZEMKE,RD,,,76,41,,,5,16,1654,27,7,3,3,1105376.7673561182,1941043.7883293368,41.994900000941,-87.887749500002,"{""latitude"":""41.994900000941"",""longitude"":""-87.887749500002"",""human_address"":""{\""address\"": \""\"", \""city\"": \""\"", \""state\"": \""\"", \""zip\"": \""\""}""}"
SR26-00475529,311 INFORMATION ONLY CALL,311IOC,311 City Services,311 City Services,Completed,Phone Call,2026-03-17T07:30:55.000,2026-03-17T08:31:14.000,2111 W Lexington ST,Demo City,Illinois,60612,2111,W,Lexington,ST,,,28,28,7,K024,2,12,1225,46,7,3,3,1162234.4668753312,1896560.9616219066,41.87183400094,-87.679845000002,"{""latitude"":""41.87183400094"",""longitude"":""-87.679845000002"",""human_address"":""{\""address\"": \""\"", \""city\"": \""\"", \""state\"": \""\"", \""zip\"": \""\""}""}"
SR26-00475528,Commercial Fire Safety Inspection Request,FAC,,Fire,Open,Mobile Device,2026-03-17T07:30:38.000,2026-03-17T07:30:40.000,2233 S ARCHER AVE,,,,2233,S,ARCHER,AVE,,,34,11,9,P027,1,09,0914,14,7,3,3,1174107.2436719877,1889530.6445961043,41.85228600094,-87.636465000002,"{""latitude"":""41.85228600094"",""longitude"":""-87.636465000002"",""human_address"":""{\""address\"": \""\"", \""city\"": \""\"", \""state\"": \""\"", \""zip\"": \""\""}""}"
SR26-00475527,Aircraft Noise Complaint,AVN,,Aviation,Completed,Internet,2026-03-17T07:30:08.000,2026-03-17T08:30:49.000,10510 W ZEMKE RD,Demo City,Illinois,60666,10510,W,ZEMKE,RD,,,76,41,,,5,16,1654,27,7,3,3,1105376.7673561182,1941043.7883293368,41.994900000941,-87.887749500002,"{""latitude"":""41.994900000941"",""longitude"":""-87.887749500002"",""human_address"":""{\""address\"": \""\"", \""city\"": \""\"", \""state\"": \""\"", \""zip\"": \""\""}""}"
SR26-00475526,Missed Garbage Pick-Up Complaint,SCC,,Streets and Sanitation,Open,Internet,2026-03-17T07:30:07.000,2026-03-17T07:30:10.000,1736 N SAWYER AVE,Demo City,Illinois,60647,1736,N,SAWYER,AVE,,,23,26,5,H018,2,14,1422,29,7,3,3,1154228.4934253288,1911522.7161105592,41.913054000941,-87.708838500002,"{""latitude"":""41.913054000941"",""longitude"":""-87.708838500002"",""human_address"":""{\""address\"": \""\"", \""city\"": \""\"", \""state\"": \""\"", \""zip\"": \""\""}""}"
SR26-00475525,Ice and Snow Removal Request,SDO,311 City Services,Streets and Sanitation,Completed,Phone Call,2026-03-17T07:29:55.000,2026-03-17T10:13:36.000,5411 S DREXEL AVE,Demo City,Illinois,60615,5411,S,DREXEL,AVE,,,41,20,12,S034,3,02,0233,15,7,3,3,1183235.1039947749,1869645.6379175445,41.79751200094,-87.603583500002,"{""latitude"":""41.79751200094"",""longitude"":""-87.603583500002"",""human_address"":""{\""address\"": \""\"", \""city\"": \""\"", \""state\"": \""\"", \""zip\"": \""\""}""}"
SR26-00475524,Garbage Cart Maintenance,SIE,,Streets and Sanitation,Open,Mobile Device,2026-03-17T07:29:43.000,2026-03-17T07:29:47.000,9212 S JUSTINE ST,,,,9212,S,JUSTINE,ST,,,73,21,13,M044,2,22,2221,18,7,3,3,1167543.9797188512,1843548.8339334629,41.72625000094,-87.661872000002,"{""latitude"":""41.72625000094"",""longitude"":""-87.661872000002"",""human_address"":""{\""address\"": \""\"", \""city\"": \""\"", \""state\"": \""\"", \""zip\"": \""\""}""}"
SR26-00475523,Aircraft Noise Complaint,AVN,,Aviation,Completed,Internet,2026-03-17T07:29:00.000,2026-03-17T07:32:07.000,10510 W ZEMKE RD,Demo City,Illinois,60666,10510,W,ZEMKE,RD,,,76,41,,,5,16,1654,27,7,3,3,1105376.7673561182,1941043.7883293368,41.994900000941,-87.887749500002,"{""latitude"":""41.994900000941"",""longitude"":""-87.887749500002"",""human_address"":""{\""address\"": \""\"", \""city\"": \""\"", \""state\"": \""\"", \""zip\"": \""\""}""}"
SR26-00475520,311 INFORMATION ONLY CALL,311IOC,311 City Services,311 City Services,Completed,Phone Call,2026-03-17T07:28:20.000,2026-03-17T07:32:19.000,2111 W Lexington ST,Demo City,Illinois,60612,2111,W,Lexington,ST,,,28,28,7,K024,2,12,1225,46,7,3,3,1162234.4668753312,1896560.9616219066,41.87183400094,-87.679845000002,"{""latitude"":""41.87183400094"",""longitude"":""-87.679845000002"",""human_address"":""{\""address\"": \""\"", \""city\"": \""\"", \""state\"": \""\"", \""zip\"": \""\""}""}"
SR26-00475519,311 INFORMATION ONLY CALL,311IOC,311 City Services,311 City Services,Completed,Phone Call,2026-03-17T07:28:07.000,2026-03-17T07:32:07.000,2111 W Lexington ST,Demo City,Illinois,60612,2111,W,Lexington,ST,,,28,28,7,K024,2,12,1225,46,7,3,3,1162234.4668753312,1896560.9616219066,41.87183400094,-87.679845000002,"{""latitude"":""41.87183400094"",""longitude"":""-87.679845000002"",""human_address"":""{\""address\"": \""\"", \""city\"": \""\"", \""state\"": \""\"", \""zip\"": \""\""}""}"
SR26-00475516,Alley Pothole Complaint,PHB,Alderman,CDOT - Department of Transportation,Open,Phone Call,2026-03-17T07:27:36.000,2026-03-17T07:27:39.000,4900 W AUGUSTA BLVD,Demo City,Illinois,60651,4900,W,AUGUSTA,BLVD,,,25,37,6,D020,3,15,1531,20,7,3,3,1143489.164415875,1906223.5490846515,41.898720296639,-87.748425476504,"{""latitude"":""41.898720296639"",""longitude"":""-87.748425476504"",""human_address"":""{\""address\"": \""\"", \""city\"": \""\"", \""state\"": \""\"", \""zip\"": \""\""}""}"
SR26-00475515,311 INFORMATION ONLY CALL,311IOC,311 City Services,311 City Services,Completed,Phone Call,2026-03-17T07:26:56.000,2026-03-17T07:32:19.000,2111 W Lexington ST,Demo City,Illinois,60612,2111,W,Lexington,ST,,,28,28,7,K024,2,12,1225,46,7,3,3,1162234.4668753312,1896560.9616219066,41.87183400094,-87.679845000002,"{""latitude"":""41.87183400094"",""longitude"":""-87.679845000002"",""human_address"":""{\""address\"": \""\"", \""city\"": \""\"", \""state\"": \""\"", \""zip\"": \""\""}""}"
SR26-00475513,311 INFORMATION ONLY CALL,311IOC,311 City Services,311 City Services,Completed,Phone Call,2026-03-17T07:26:40.000,2026-03-17T07:32:19.000,2111 W Lexington ST,Demo City,Illinois,60612,2111,W,Lexington,ST,,,28,28,7,K024,2,12,1225,46,7,3,3,1162234.4668753312,1896560.9616219066,41.87183400094,-87.679845000002,"{""latitude"":""41.87183400094"",""longitude"":""-87.679845000002"",""human_address"":""{\""address\"": \""\"", \""city\"": \""\"", \""state\"": \""\"", \""zip\"": \""\""}""}"
SR26-00475512,Street Light Out Complaint,SFD,,CDOT - Department of Transportation,Open,Internet,2026-03-17T07:26:31.000,2026-03-17T07:26:40.000,11330 S ABERDEEN ST,Demo City,Illinois,60643,11330,S,ABERDEEN,ST,,,75,21,13,N049,3,22,2234,32,7,3,3,1171001.940041885,1829542.0456029058,41.687738508512,-87.649612567649,"{""latitude"":""41.687738508512"",""longitude"":""-87.649612567649"",""human_address"":""{\""address\"": \""\"", \""city\"": \""\"", \""state\"": \""\"", \""zip\"": \""\""}""}"
SR26-00475510,Pet Wellness Check Request,PET,311 City Services,Animal Care and Control,Open,Phone Call,2026-03-17T07:26:26.000,2026-03-17T07:26:28.000,4318 S WESTERN AVE,Demo City,Illinois,60609,4318,S,WESTERN,AVE,,,58,15,8,J032,2,09,0922,9,7,3,3,1160943.1174830308,1875865.7539219907,41.81507100094,-87.685159500002,"{""latitude"":""41.81507100094"",""longitude"":""-87.685159500002"",""human_address"":""{\""address\"": \""\"", \""city\"": \""\"", \""state\"": \""\"", \""zip\"": \""\""}""}"
SR26-00475509,Aircraft Noise Complaint,AVN,,Aviation,Completed,Internet,2026-03-17T07:26:06.000,2026-03-17T07:32:19.000,10510 W ZEMKE RD,Demo City,Illinois,60666,10510,W,ZEMKE,RD,,,76,41,,,5,16,1654,27,7,3,3,1105376.7673561182,1941043.7883293368,41.994900000941,-87.887749500002,"{""latitude"":""41.994900000941"",""longitude"":""-87.887749500002"",""human_address"":""{\""address\"": \""\"", \""city\"": \""\"", \""state\"": \""\"", \""zip\"": \""\""}""}"
SR26-00475508,311 INFORMATION ONLY CALL,311IOC,311 City Services,311 City Services,Completed,Phone Call,2026-03-17T07:26:05.000,2026-03-17T07:32:19.000,2111 W Lexington ST,Demo City,Illinois,60612,2111,W,Lexington,ST,,,28,28,7,K024,2,12,1225,46,7,3,3,1162234.4668753312,1896560.9616219066,41.87183400094,-87.679845000002,"{""latitude"":""41.87183400094"",""longitude"":""-87.679845000002"",""human_address"":""{\""address\"": \""\"", \""city\"": \""\"", \""state\"": \""\"", \""zip\"": \""\""}""}"
SR26-00475507,Pothole in Street Complaint,PHF,,CDOT - Department of Transportation,Open,Mobile Device,2026-03-17T07:26:03.000,2026-03-17T07:45:45.000,4050 N CENTRAL AVE,,,,4050,N,CENTRAL,AVE,1,,15,38,3,B012,2,16,1624,40,7,3,3,1138207.9756146749,1926590.2771501131,41.954706000941,-87.767329500002,"{""latitude"":""41.954706000941"",""longitude"":""-87.767329500002"",""human_address"":""{\""address\"": \""\"", \""city\"": \""\"", \""state\"": \""\"", \""zip\"": \""\""}""}"
SR26-00475506,311 INFORMATION ONLY CALL,311IOC,311 City Services,311 City Services,Completed,Phone Call,2026-03-17T07:26:00.000,2026-03-17T07:32:19.000,2111 W Lexington ST,Demo City,Illinois,60612,2111,W,Lexington,ST,,,28,28,7,K024,2,12,1225,46,7,3,3,1162234.4668753312,1896560.9616219066,41.87183400094,-87.679845000002,"{""latitude"":""41.87183400094"",""longitude"":""-87.679845000002"",""human_address"":""{\""address\"": \""\"", \""city\"": \""\"", \""state\"": \""\"", \""zip\"": \""\""}""}"
SR26-00475504,311 INFORMATION ONLY CALL,311IOC,311 City Services,311 City Services,Completed,Phone Call,2026-03-17T07:25:37.000,2026-03-17T07:32:19.000,2111 W Lexington ST,Demo City,Illinois,60612,2111,W,Lexington,ST,,,25,29,6,B021,1,15,1511,44,7,3,3,1137543.5761125416,1904549.262674451,41.89423500094,-87.770304000002,"{""latitude"":""41.89423500094"",""longitude"":""-87.770304000002"",""human_address"":""{\""address\"": \""\"", \""city\"": \""\"", \""state\"": \""\"", \""zip\"": \""\""}""}"
SR26-00475503,311 INFORMATION ONLY CALL,311IOC,311 City Services,311 City Services,Completed,Phone Call,2026-03-17T07:25:33.000,2026-03-17T07:31:47.000,2111 W Lexington ST,Demo City,Illinois,60612,2111,W,Lexington,ST,,,28,28,7,K024,2,12,1225,46,7,3,3,1162234.4668753312,1896560.9616219066,41.87183400094,-87.679845000002,"{""latitude"":""41.87183400094"",""longitude"":""-87.679845000002"",""human_address"":""{\""address\"": \""\"", \""city\"": \""\"", \""state\"": \""\"", \""zip\"": \""\""}""}"
SR26-00475502,Abandoned Vehicle Complaint,SKA,,Streets and Sanitation,Open,Internet,2026-03-17T07:25:28.000,2026-03-17T08:00:03.000,1808 W ADDISON ST,Demo City,Illinois,60613,1808,W,ADDISON,ST,,,5,47,4,L013,2,19,1922,27,7,3,3,1163489.5981718875,1924002.7894335398,41.947110000941,-87.674463000002,"{""latitude"":""41.947110000941"",""longitude"":""-87.674463000002"",""human_address"":""{\""address\"": \""\"", \""city\"": \""\"", \""state\"": \""\"", \""zip\"": \""\""}""}"
SR26-00475501,Street Light Out Complaint,SFD,,CDOT - Department of Transportation,Open,Mobile Device,2026-03-17T07:25:25.000,2026-03-17T07:25:37.000,8525 S KOLMAR AVE,,,,8525,S,KOLMAR,AVE,,,70,18,10,E042,3,08,0834,28,7,3,3,1147668.272478225,1847505.0574968194,41.73750900094,-87.734578500002,"{""latitude"":""41.73750900094"",""longitude"":""-87.734578500002"",""human_address"":""{\""address\"": \""\"", \""city\"": \""\"", \""state\"": \""\"", \""zip\"": \""\""}""}"
SR26-00475500,Fly Dumping Complaint,SDR,,Streets and Sanitation,Open,Mobile Device,2026-03-17T07:25:16.000,2026-03-17T07:25:20.000,9212 S JUSTINE ST,,,,9212,S,JUSTINE,ST,,,73,21,13,M044,2,22,2221,18,7,3,3,1167543.9797188512,1843548.8339334629,41.72625000094,-87.661872000002,"{""latitude"":""41.72625000094"",""longitude"":""-87.661872000002"",""human_address"":""{\""address\"": \""\"", \""city\"": \""\"", \""state\"": \""\"", \""zip\"": \""\""}""}"
SR26-00475499,311 INFORMATION ONLY CALL,311IOC,311 City Services,311 City Services,Completed,Phone Call,2026-03-17T07:24:51.000,2026-03-17T07:32:07.000,2111 W Lexington ST,Demo City,Illinois,60612,2111,W,Lexington,ST,,,28,28,7,K024,2,12,1225,46,7,3,3,1162234.4668753312,1896560.9616219066,41.87183400094,-87.679845000002,"{""latitude"":""41.87183400094"",""longitude"":""-87.679845000002"",""human_address"":""{\""address\"": \""\"", \""city\"": \""\"", \""state\"": \""\"", \""zip\"": \""\""}""}"
SR26-00475498,Stray Animal Complaint,EAE,311 City Services,Animal Care and Control,Canceled,Phone Call,2026-03-17T07:24:44.000,2026-03-17T08:57:32.000,4834 S LAPORTE AVE,Demo City,Illinois,60638,4834,S,LAPORTE,AVE,,,56,22,8,D033,1,08,0814,8,7,3,3,1144101.7177429555,1871973.1246009388,41.80472100094,-87.747034500002,"{""latitude"":""41.80472100094"",""longitude"":""-87.747034500002"",""human_address"":""{\""address\"": \""\"", \""city\"": \""\"", \""state\"": \""\"", \""zip\"": \""\""}""}"
SR26-00475497,Graffiti Removal Request,GRAF,,Streets and Sanitation,Open,Mobile Device,2026-03-17T07:24:28.000,2026-03-17T07:24:30.000,1916 W ELLEN ST,,,,1916,W,ELLEN,ST,,,24,1,5,L019,2,14,1424,11,7,3,3,1163300.5533330187,1908907.6590328382,41.905692000941,-87.675583500002,"{""latitude"":""41.905692000941"",""longitude"":""-87.675583500002"",""human_address"":""{\""address\"": \""\"", \""city\"": \""\"", \""state\"": \""\"", \""zip\"": \""\""}""}"
SR26-00475496,311 INFORMATION ONLY CALL,311IOC,311 City Services,311 City Services,Completed,Phone Call,2026-03-17T07:24:27.000,2026-03-17T07:32:19.000,2111 W Lexington ST,Demo City,Illinois,60612,2111,W,Lexington,ST,,,28,28,7,K024,2,12,1225,46,7,3,3,1162234.4668753312,1896560.9616219066,41.87183400094,-87.679845000002,"{""latitude"":""41.87183400094"",""longitude"":""-87.679845000002"",""human_address"":""{\""address\"": \""\"", \""city\"": \""\"", \""state\"": \""\"", \""zip\"": \""\""}""}"
SR26-00475495,Sign Repair Request - All Other Signs,PCE,311 City Services,CDOT - Department of Transportation,Open,Phone Call,2026-03-17T07:24:21.000,2026-03-17T07:24:21.000,2500 N WASHTENAW AVE,Demo City,Illinois,,2500,N,WASHTENAW,AVE,1,,22,1,4,J016,3,14,1431,3,7,3,3,1157947.4319550518,1916508.5689144423,41.926660445553,-87.695039600112,"{""latitude"":""41.926660445553"",""longitude"":""-87.695039600112"",""human_address"":""{\""address\"": \""\"", \""city\"": \""\"", \""state\"": \""\"", \""zip\"": \""\""}""}"
SR26-00475493,Abandoned Vehicle Complaint,SKA,,Streets and Sanitation,Open,Mobile Device,2026-03-17T07:24:14.000,2026-03-17T07:24:21.000,5413 S FAIRFIELD AVE,,,,5413,S,FAIRFIELD,AVE,,,63,14,11,J034,2,09,0923,14,7,3,3,1159032.2375182586,1868570.4225991815,41.79509100094,-87.692368500002,"{""latitude"":""41.79509100094"",""longitude"":""-87.692368500002"",""human_address"":""{\""address\"": \""\"", \""city\"": \""\"", \""state\"": \""\"", \""zip\"": \""\""}""}"
SR26-00475492,Ice and Snow Removal Request,SDO,311 City Services,Streets and Sanitation,Completed,Phone Call,2026-03-17T07:24:09.000,2026-03-17T10:13:36.000,1141 W 85TH ST,Demo City,Illinois,,1141,W,85TH,ST,,,71,17,13,N042,1,06,0613,33,7,3,3,1170136.6739807187,1848435.128618032,41.739602800589,-87.652233093533,"{""latitude"":""41.739602800589"",""longitude"":""-87.652233093533"",""human_address"":""{\""address\"": \""\"", \""city\"": \""\"", \""state\"": \""\"", \""zip\"": \""\""}""}"
SR26-00475488,Water On Street Complaint,AAE,311 City Services,DWM - Department of Water Management,Open,Phone Call,2026-03-17T07:23:10.000,2026-03-17T07:27:32.000,903 E 84TH ST,Demo City,Illinois,,903,E,84TH,ST,,,44,8,14,S042,3,06,0632,41,7,3,3,1183686.2394012164,1849479.2603880316,41.742163017706,-87.602557489839,"{""latitude"":""41.742163017706"",""longitude"":""-87.602557489839"",""human_address"":""{\""address\"": \""\"", \""city\"": \""\"", \""state\"": \""\"", \""zip\"": \""\""}""}"
SR26-00475487,Buildings - Plumbing Violation,BBC,311 City Services,DOB - Buildings,Open,Phone Call,2026-03-17T07:23:09.000,2026-03-17T07:23:11.000,4134 W 24TH PL,Demo City,Illinois,60623,4134,W,24TH,PL,,,30,22,8,F027,1,10,1013,17,7,3,3,1149274.037388982,1887538.4407435043,41.84733600094,-87.727662000002,"{""latitude"":""41.84733600094"",""longitude"":""-87.727662000002"",""human_address"":""{\""address\"": \""\"", \""city\"": \""\"", \""state\"": \""\"", \""zip\"": \""\""}""}"
SR26-00475486,311 INFORMATION ONLY CALL,311IOC,311 City Services,311 City Services,Completed,Phone Call,2026-03-17T07:23:01.000,2026-03-17T07:32:07.000,2111 W Lexington ST,Demo City,Illinois,60612,2111,W,Lexington,ST,,,28,28,7,K024,2,12,1225,46,7,3,3,1162234.4668753312,1896560.9616219066,41.87183400094,-87.679845000002,"{""latitude"":""41.87183400094"",""longitude"":""-87.679845000002"",""human_address"":""{\""address\"": \""\"", \""city\"": \""\"", \""state\"": \""\"", \""zip\"": \""\""}""}"
SR26-00475483,Aircraft Noise Complaint,AVN,,Aviation,Completed,Internet,2026-03-17T07:22:20.000,2026-03-17T07:31:47.000,10510 W ZEMKE RD,Demo City,Illinois,60666,10510,W,ZEMKE,RD,,,76,41,,,5,16,1654,27,7,3,3,1105376.7673561182,1941043.7883293368,41.994900000941,-87.887749500002,"{""latitude"":""41.994900000941"",""longitude"":""-87.887749500002"",""human_address"":""{\""address\"": \""\"", \""city\"": \""\"", \""state\"": \""\"", \""zip\"": \""\""}""}"
SR26-00475482,Sewer Cleaning Inspection Request,CHECKFOR,311 City Services,DWM - Department of Water Management,Open,Phone Call,2026-03-17T07:22:00.000,2026-03-17T07:26:12.000,1141 W 85TH ST,Demo City,Illinois,,1141,W,85TH,ST,,,71,17,13,N042,1,06,0613,33,7,3,3,1170136.6739807187,1848435.128618032,41.739602800589,-87.652233093533,"{""latitude"":""41.739602800589"",""longitude"":""-87.652233093533"",""human_address"":""{\""address\"": \""\"", \""city\"": \""\"", \""state\"": \""\"", \""zip\"": \""\""}""}"
SR26-00475481,Tree Planting Request,SED,Streets and Sanitation,Streets and Sanitation,Open,Phone Call,2026-03-17T07:21:50.000,2026-03-17T07:21:55.000,5840 W ALTGELD ST,Demo City,Illinois,60639,5840,W,ALTGELD,ST,,,19,30,3,B016,1,25,2515,11,7,3,3,1136842.77543604,1916037.893901103,41.925773778144,-87.772602026544,"{""latitude"":""41.925773778144"",""longitude"":""-87.772602026544"",""human_address"":""{\""address\"": \""\"", \""city\"": \""\"", \""state\"": \""\"", \""zip\"": \""\""}""}"
SR26-00475479,Building Violation,BBA,311 City Services,DOB - Buildings,Open,Phone Call,2026-03-17T07:21:20.000,2026-03-17T07:21:24.000,4134 W 24TH PL,Demo City,Illinois,60623,4134,W,24TH,PL,,,30,22,8,F027,1,10,1013,17,7,3,3,1149274.037388982,1887538.4407435043,41.84733600094,-87.727662000002,"{""latitude"":""41.84733600094"",""longitude"":""-87.727662000002"",""human_address"":""{\""address\"": \""\"", \""city\"": \""\"", \""state\"": \""\"", \""zip\"": \""\""}""}"
SR26-00475478,Tree Removal Inspection,SEE,311 City Services,Streets and Sanitation,Open,Phone Call,2026-03-17T07:20:51.000,2026-03-17T07:20:54.000,328 E 117TH ST,Demo City,Illinois,60628,328,E,117TH,ST,,,53,9,14,Q050,3,05,0532,28,7,3,3,1180334.5003089374,1827384.6631930994,41.68161000094,-87.615513000002,"{""latitude"":""41.68161000094"",""longitude"":""-87.615513000002"",""human_address"":""{\""address\"": \""\"", \""city\"": \""\"", \""state\"": \""\"", \""zip\"": \""\""}""}"
SR26-00475477,311 INFORMATION ONLY CALL,311IOC,311 City Services,311 City Services,Completed,Phone Call,2026-03-17T07:20:50.000,2026-03-17T07:32:19.000,2111 W Lexington ST,Demo City,Illinois,60612,2111,W,Lexington,ST,,,28,28,7,K024,2,12,1225,46,7,3,3,1162234.4668753312,1896560.9616219066,41.87183400094,-87.679845000002,"{""latitude"":""41.87183400094"",""longitude"":""-87.679845000002"",""human_address"":""{\""address\"": \""\"", \""city\"": \""\"", \""state\"": \""\"", \""zip\"": \""\""}""}"
SR26-00475474,Snow – Uncleared Sidewalk Complaint,SWSNOREM,,CDOT - Department of Transportation,Completed,Mobile Device,2026-03-17T07:20:23.000,2026-03-17T09:28:57.000,4751 N BEACON ST,,,,4751,N,BEACON,ST,,,3,46,2,M011,1,19,1913,2,7,3,3,1166249.909200025,1931889.213045491,41.968692000941,-87.664090500002,"{""latitude"":""41.968692000941"",""longitude"":""-87.664090500002"",""human_address"":""{\""address\"": \""\"", \""city\"": \""\"", \""state\"": \""\"", \""zip\"": \""\""}""}"
SR26-00475473,Building Violation,BBA,,DOB - Buildings,Open,Internet,2026-03-17T07:20:05.000,2026-03-17T07:20:09.000,6357 S KILDARE AVE,Demo City,Illinois,60629,6357,S,KILDARE,AVE,,,65,13,10,F037,1,08,0813,35,7,3,3,1148887.8528121477,1861868.7199510268,41.77690200094,-87.729741000002,"{""latitude"":""41.77690200094"",""longitude"":""-87.729741000002"",""human_address"":""{\""address\"": \""\"", \""city\"": \""\"", \""state\"": \""\"", \""zip\"": \""\""}""}"
SR26-00475472,Garbage Cart Maintenance,SIE,311 City Services,Streets and Sanitation,Open,Phone Call,2026-03-17T07:19:50.000,2026-03-17T07:19:52.000,328 E 117TH ST,Demo City,Illinois,60628,328,E,117TH,ST,,,53,9,14,Q050,3,05,0532,28,7,3,3,1180334.5003089374,1827384.6631930994,41.68161000094,-87.615513000002,"{""latitude"":""41.68161000094"",""longitude"":""-87.615513000002"",""human_address"":""{\""address\"": \""\"", \""city\"": \""\"", \""state\"": \""\"", \""zip\"": \""\""}""}"
SR26-00475470,Pothole in Street Complaint,PHF,,CDOT - Department of Transportation,Open,Mobile Device,2026-03-17T07:19:26.000,2026-03-17T07:19:27.000,5516 S ASHLAND AVE,,,,5516,S,ASHLAND,AVE,,,67,16,11,L035,1,07,0715,10,7,3,3,1166523.1017210216,1867899.3696984723,41.79309300094,-87.664918500002,"{""latitude"":""41.79309300094"",""longitude"":""-87.664918500002"",""human_address"":""{\""address\"": \""\"", \""city\"": \""\"", \""state\"": \""\"", \""zip\"": \""\""}""}"
SR26-00475471,Water On Street Complaint,AAE,311 City Services,DWM - Department of Water Management,Open,Phone Call,2026-03-17T07:19:26.000,2026-03-17T07:50:25.000,3057 N DAMEN AVE,Demo City,Illinois,60618,3057,N,DAMEN,AVE,1,,5,32,4,L015,3,19,1931,41,7,3,3,1162546.4749450602,1920538.6328204607,41.937624000941,-87.678027000002,"{""latitude"":""41.937624000941"",""longitude"":""-87.678027000002"",""human_address"":""{\""address\"": \""\"", \""city\"": \""\"", \""state\"": \""\"", \""zip\"": \""\""}""}"
SR26-00475469,Traffic Signal Out Complaint,SFB,311 City Services,CDOT - Department of Transportation,Completed,Phone Call,2026-03-17T07:18:57.000,2026-03-17T10:13:58.000,8304 S STONY ISLAND AVE,Demo City,Illinois,,8304,S,STONY ISLAND,AVE,1,,45,8,15,U042,1,04,0411,6,7,3,3,1188251.72436471,1850263.0242404426,41.744206134323,-87.585804878235,"{""latitude"":""41.744206134323"",""longitude"":""-87.585804878235"",""human_address"":""{\""address\"": \""\"", \""city\"": \""\"", \""state\"": \""\"", \""zip\"": \""\""}""}"
SR26-00475468,Missed Garbage Pick-Up Complaint,SCC,,Streets and Sanitation,Open,Internet,2026-03-17T07:18:54.000,2026-03-17T07:18:56.000,11259 S WHIPPLE ST,Demo City,Illinois,60655,11259,S,WHIPPLE,ST,,,74,19,13,I049,1,22,2211,52,7,3,3,1158120.4926925544,1829581.259805197,41.68811700094,-87.696769500002,"{""latitude"":""41.68811700094"",""longitude"":""-87.696769500002"",""human_address"":""{\""address\"": \""\"", \""city\"": \""\"", \""state\"": \""\"", \""zip\"": \""\""}""}"
SR26-00475467,311 INFORMATION ONLY CALL,311IOC,311 City Services,311 City Services,Completed,Phone Call,2026-03-17T07:18:29.000,2026-03-17T07:32:19.000,2111 W Lexington ST,Demo City,Illinois,60612,2111,W,Lexington,ST,,,28,28,7,K024,2,12,1225,46,7,3,3,1162234.4668753312,1896560.9616219066,41.87183400094,-87.679845000002,"{""latitude"":""41.87183400094"",""longitude"":""-87.679845000002"",""human_address"":""{\""address\"": \""\"", \""city\"": \""\"", \""state\"": \""\"", \""zip\"": \""\""}""}"
SR26-00475466,Pothole in Street Complaint,PHF,,CDOT - Department of Transportation,Open,Internet,2026-03-17T07:18:15.000,2026-03-17T07:18:17.000,2102 N MAGNOLIA AVE,Demo City,Illinois,60614,2102,N,MAGNOLIA,AVE,,,7,2,5,M017,1,18,1811,22,7,3,3,1167539.783360586,1914139.0497552082,41.919957000941,-87.659860500002,"{""latitude"":""41.919957000941"",""longitude"":""-87.659860500002"",""human_address"":""{\""address\"": \""\"", \""city\"": \""\"", \""state\"": \""\"", \""zip\"": \""\""}""}"
SR26-00475465,Fly Dumping Complaint,SDR,,Streets and Sanitation,Completed,Mobile Device,2026-03-17T07:18:10.000,2026-03-17T07:33:55.000,4151 W MADISON ST,,,,4151,W,MADISON,ST,,,26,28,6,F023,1,11,1115,26,7,3,3,1148518.8473114627,1899563.2051660633,41.88034800094,-87.730123500002,"{""latitude"":""41.88034800094"",""longitude"":""-87.730123500002"",""human_address"":""{\""address\"": \""\"", \""city\"": \""\"", \""state\"": \""\"", \""zip\"": \""\""}""}"
SR26-00475464,Aircraft Noise Complaint,AVN,,Aviation,Completed,Internet,2026-03-17T07:17:41.000,2026-03-17T07:32:19.000,10510 W ZEMKE RD,Demo City,Illinois,60666,10510,W,ZEMKE,RD,,,76,41,,,5,16,1654,27,7,3,3,1105376.7673561182,1941043.7883293368,41.994900000941,-87.887749500002,"{""latitude"":""41.994900000941"",""longitude"":""-87.887749500002"",""human_address"":""{\""address\"": \""\"", \""city\"": \""\"", \""state\"": \""\"", \""zip\"": \""\""}""}"
SR26-00475463,Garbage Cart Maintenance,SIE,,Streets and Sanitation,Completed,Internet,2026-03-17T07:17:24.000,2026-03-17T08:14:41.000,3834 S NORMAL AVE,Demo City,Illinois,60609,3834,S,NORMAL,AVE,,,60,11,9,O030,1,09,0915,29,7,3,3,1173517.7519416506,1879338.8631926912,41.82433200094,-87.638931000002,"{""latitude"":""41.82433200094"",""longitude"":""-87.638931000002"",""human_address"":""{\""address\"": \""\"", \""city\"": \""\"", \""state\"": \""\"", \""zip\"": \""\""}""}"
SR26-00475462,Graffiti Removal Request,GRAF,,Streets and Sanitation,Open,Internet,2026-03-17T07:17:01.000,2026-03-17T07:17:03.000,2750 W MADISON ST,Demo City,Illinois,60612,2750,W,MADISON,ST,,,27,27,7,J022,2,12,1222,30,7,3,3,1157812.1930316612,1900027.2233388464,41.88143700094,-87.695986500002,"{""latitude"":""41.88143700094"",""longitude"":""-87.695986500002"",""human_address"":""{\""address\"": \""\"", \""city\"": \""\"", \""state\"": \""\"", \""zip\"": \""\""}""}"
SR26-00475461,311 INFORMATION ONLY CALL,311IOC,311 City Services,311 City Services,Completed,Phone Call,2026-03-17T07:15:26.000,2026-03-17T07:32:07.000,2111 W Lexington ST,Demo City,Illinois,60612,2111,W,Lexington,ST,,,28,28,7,K024,2,12,1225,46,7,3,3,1162234.4668753312,1896560.9616219066,41.87183400094,-87.679845000002,"{""latitude"":""41.87183400094"",""longitude"":""-87.679845000002"",""human_address"":""{\""address\"": \""\"", \""city\"": \""\"", \""state\"": \""\"", \""zip\"": \""\""}""}"
SR26-00475458,Aircraft Noise Complaint,AVN,,Aviation,Completed,Internet,2026-03-17T07:14:26.000,2026-03-17T07:32:19.000,10510 W ZEMKE RD,Demo City,Illinois,60666,10510,W,ZEMKE,RD,,,76,41,,,5,16,1654,27,7,3,3,1105376.7673561182,1941043.7883293368,41.994900000941,-87.887749500002,"{""latitude"":""41.994900000941"",""longitude"":""-87.887749500002"",""human_address"":""{\""address\"": \""\"", \""city\"": \""\"", \""state\"": \""\"", \""zip\"": \""\""}""}"
SR26-00475457,Aircraft Noise Complaint,AVN,,Aviation,Completed,Internet,2026-03-17T07:14:19.000,2026-03-17T07:32:19.000,10510 W ZEMKE RD,Demo City,Illinois,60666,10510,W,ZEMKE,RD,,,76,41,,,5,16,1654,27,7,3,3,1105376.7673561182,1941043.7883293368,41.994900000941,-87.887749500002,"{""latitude"":""41.994900000941"",""longitude"":""-87.887749500002"",""human_address"":""{\""address\"": \""\"", \""city\"": \""\"", \""state\"": \""\"", \""zip\"": \""\""}""}"
SR26-00475456,Pothole in Street Complaint,PHF,,CDOT - Department of Transportation,Open,Internet,2026-03-17T07:13:58.000,2026-03-17T07:14:00.000,2112 N ASHLAND AVE,Demo City,Illinois,60614,2112,N,ASHLAND,AVE,,,22,32,5,L017,3,14,1432,37,7,3,3,1165022.2215873292,1914381.7990558597,41.920677000941,-87.669103500002,"{""latitude"":""41.920677000941"",""longitude"":""-87.669103500002"",""human_address"":""{\""address\"": \""\"", \""city\"": \""\"", \""state\"": \""\"", \""zip\"": \""\""}""}"
SR26-00475455,Abandoned Vehicle Complaint,SKA,,Streets and Sanitation,Completed,SPOTCSR,2026-03-17T07:13:49.000,2026-03-17T10:30:50.000,500 E LOWER WACKER NB LSD ER,CHICAGO,IL,60601,500,E,LOWER WACKER NB LSD ER,,,,32,42,7,R022,1,01,0114,29,7,3,3,1179754.2552232074,1902410.367275363,41.887501048324,-87.615343698168,"{""latitude"":""41.887501048324"",""longitude"":""-87.615343698168"",""human_address"":""{\""address\"": \""\"", \""city\"": \""\"", \""state\"": \""\"", \""zip\"": \""\""}""}"
SR26-00475454,311 INFORMATION ONLY CALL,311IOC,311 City Services,311 City Services,Completed,Phone Call,2026-03-17T07:13:47.000,2026-03-17T07:32:19.000,2111 W Lexington ST,Demo City,Illinois,60612,2111,W,Lexington,ST,,,28,28,7,K024,2,12,1225,46,7,3,3,1162234.4668753312,1896560.9616219066,41.87183400094,-87.679845000002,"{""latitude"":""41.87183400094"",""longitude"":""-87.679845000002"",""human_address"":""{\""address\"": \""\"", \""city\"": \""\"", \""state\"": \""\"", \""zip\"": \""\""}""}"
SR26-00475453,Street Light Out Complaint,SFD,311 City Services,CDOT - Department of Transportation,Open,Phone Call,2026-03-17T07:13:38.000,2026-03-17T07:13:47.000,5238 W BLOOMINGDALE AVE,Demo City,Illinois,60639,5238,W,BLOOMINGDALE,AVE,,,25,37,6,C018,3,25,2532,26,7,3,3,1140993.5865000037,1911525.2152427752,41.913315000941,-87.757461000002,"{""latitude"":""41.913315000941"",""longitude"":""-87.757461000002"",""human_address"":""{\""address\"": \""\"", \""city\"": \""\"", \""state\"": \""\"", \""zip\"": \""\""}""}"
SR26-00475452,Graffiti Removal Request,GRAF,,Streets and Sanitation,Open,Internet,2026-03-17T07:13:35.000,2026-03-17T07:13:36.000,2800 W MADISON ST,Demo City,Illinois,60612,2800,W,MADISON,ST,1,,27,27,7,I022,2,12,1222,49,7,3,3,1157686.1194139358,1900006.6087857855,41.88138300094,-87.696450000002,"{""latitude"":""41.88138300094"",""longitude"":""-87.696450000002"",""human_address"":""{\""address\"": \""\"", \""city\"": \""\"", \""state\"": \""\"", \""zip\"": \""\""}""}"
SR26-00475450,Vacant/Abandoned Building Complaint,BBK,311 City Services,DOB - Buildings,Open,Phone Call,2026-03-17T07:13:11.000,2026-03-17T07:13:15.000,1420 W 95TH ST,Demo City,Illinois,60643,1420,W,95TH,ST,,,73,21,13,M044,2,22,2222,22,7,3,3,1168419.5458417418,1841761.3581272394,41.721326111607,-87.658716033297,"{""latitude"":""41.721326111607"",""longitude"":""-87.658716033297"",""human_address"":""{\""address\"": \""\"", \""city\"": \""\"", \""state\"": \""\"", \""zip\"": \""\""}""}"
SR26-00475446,311 INFORMATION ONLY CALL,311IOC,311 City Services,311 City Services,Completed,Phone Call,2026-03-17T07:12:53.000,2026-03-17T07:32:19.000,2111 W Lexington ST,Demo City,Illinois,60612,2111,W,Lexington,ST,,,28,28,7,K024,2,12,1225,46,7,3,3,1162234.4668753312,1896560.9616219066,41.87183400094,-87.679845000002,"{""latitude"":""41.87183400094"",""longitude"":""-87.679845000002"",""human_address"":""{\""address\"": \""\"", \""city\"": \""\"", \""state\"": \""\"", \""zip\"": \""\""}""}"
SR26-00475444,Pothole in Street Complaint,PHF,,CDOT - Department of Transportation,Open,Mobile Device,2026-03-17T07:12:45.000,2026-03-17T07:23:21.000,3150 W BRYN MAWR AVE,,,,3150,W,BRYN MAWR,AVE,1,,13,39,2,I008,1,17,1711,13,7,3,3,1154123.8406205927,1937137.1870418969,41.983344000941,-87.708537000002,"{""latitude"":""41.983344000941"",""longitude"":""-87.708537000002"",""human_address"":""{\""address\"": \""\"", \""city\"": \""\"", \""state\"": \""\"", \""zip\"": \""\""}""}"
SR26-00475443,311 INFORMATION ONLY CALL,311IOC,311 City Services,311 City Services,Completed,Phone Call,2026-03-17T07:12:35.000,2026-03-17T07:32:07.000,2111 W Lexington ST,Demo City,Illinois,60612,2111,W,Lexington,ST,,,28,28,7,K024,2,12,1225,46,7,3,3,1162234.4668753312,1896560.9616219066,41.87183400094,-87.679845000002,"{""latitude"":""41.87183400094"",""longitude"":""-87.679845000002"",""human_address"":""{\""address\"": \""\"", \""city\"": \""\"", \""state\"": \""\"", \""zip\"": \""\""}""}"
SR26-00475442,Graffiti Removal Request,GRAF,,Streets and Sanitation,Open,Internet,2026-03-17T07:12:26.000,2026-03-17T07:12:27.000,2800 W MADISON ST,Demo City,Illinois,60612,2800,W,MADISON,ST,1,,27,27,7,I022,2,12,1222,49,7,3,3,1157686.1194139358,1900006.6087857855,41.88138300094,-87.696450000002,"{""latitude"":""41.88138300094"",""longitude"":""-87.696450000002"",""human_address"":""{\""address\"": \""\"", \""city\"": \""\"", \""state\"": \""\"", \""zip\"": \""\""}""}"
SR26-00475441,Tree Removal Inspection,SEE,Streets and Sanitation,Streets and Sanitation,Canceled,Phone Call,2026-03-17T07:12:12.000,2026-03-17T07:13:08.000,12401 S WENTWORTH AVE,Demo City,Illinois,60628,12401,S,WENTWORTH,AVE,,,53,9,14,P052,2,05,0523,4,7,3,3,1177263.007919619,1822662.746133467,41.66872200094,-87.626898000002,"{""latitude"":""41.66872200094"",""longitude"":""-87.626898000002"",""human_address"":""{\""address\"": \""\"", \""city\"": \""\"", \""state\"": \""\"", \""zip\"": \""\""}""}"
SR26-00475440,311 INFORMATION ONLY CALL,311IOC,311 City Services,311 City Services,Completed,Phone Call,2026-03-17T07:12:00.000,2026-03-17T07:32:19.000,2111 W Lexington ST,Demo City,Illinois,60612,2111,W,Lexington,ST,,,28,28,7,K024,2,12,1225,46,7,3,3,1162234.4668753312,1896560.9616219066,41.87183400094,-87.679845000002,"{""latitude"":""41.87183400094"",""longitude"":""-87.679845000002"",""human_address"":""{\""address\"": \""\"", \""city\"": \""\"", \""state\"": \""\"", \""zip\"": \""\""}""}"
SR26-00475439,311 INFORMATION ONLY CALL,311IOC,311 City Services,311 City Services,Completed,Phone Call,2026-03-17T07:11:19.000,2026-03-17T07:31:47.000,2111 W Lexington ST,Demo City,Illinois,60612,2111,W,Lexington,ST,,,28,28,7,K024,2,12,1225,46,7,3,3,1162234.4668753312,1896560.9616219066,41.87183400094,-87.679845000002,"{""latitude"":""41.87183400094"",""longitude"":""-87.679845000002"",""human_address"":""{\""address\"": \""\"", \""city\"": \""\"", \""state\"": \""\"", \""zip\"": \""\""}""}"
SR26-00475438,311 INFORMATION ONLY CALL,311IOC,311 City Services,311 City Services,Completed,Phone Call,2026-03-17T07:11:09.000,2026-03-17T07:31:47.000,2111 W Lexington ST,Demo City,Illinois,60612,2111,W,Lexington,ST,,,28,28,7,K024,2,12,1225,46,7,3,3,1162234.4668753312,1896560.9616219066,41.87183400094,-87.679845000002,"{""latitude"":""41.87183400094"",""longitude"":""-87.679845000002"",""human_address"":""{\""address\"": \""\"", \""city\"": \""\"", \""state\"": \""\"", \""zip\"": \""\""}""}"
SR26-00475437,Graffiti Removal Request,GRAF,,Streets and Sanitation,Open,Internet,2026-03-17T07:10:58.000,2026-03-17T07:13:35.000,2800 W MADISON ST,Demo City,Illinois,60612,2800,W,MADISON,ST,,,27,27,7,I022,2,12,1222,49,7,3,3,1157686.1194139358,1900006.6087857855,41.88138300094,-87.696450000002,"{""latitude"":""41.88138300094"",""longitude"":""-87.696450000002"",""human_address"":""{\""address\"": \""\"", \""city\"": \""\"", \""state\"": \""\"", \""zip\"": \""\""}""}"
SR26-00475436,Aircraft Noise Complaint,AVN,,Aviation,Completed,Internet,2026-03-17T07:10:41.000,2026-03-17T07:32:07.000,10510 W ZEMKE RD,Demo City,Illinois,60666,10510,W,ZEMKE,RD,,,76,41,,,5,16,1654,27,7,3,3,1105376.7673561182,1941043.7883293368,41.994900000941,-87.887749500002,"{""latitude"":""41.994900000941"",""longitude"":""-87.887749500002"",""human_address"":""{\""address\"": \""\"", \""city\"": \""\"", \""state\"": \""\"", \""zip\"": \""\""}""}"
SR26-00475435,311 INFORMATION ONLY CALL,311IOC,311 City Services,311 City Services,Completed,Phone Call,2026-03-17T07:10:05.000,2026-03-17T07:31:47.000,2111 W Lexington ST,Demo City,Illinois,60612,2111,W,Lexington,ST,,,28,28,7,K024,2,12,1225,46,7,3,3,1162234.4668753312,1896560.9616219066,41.87183400094,-87.679845000002,"{""latitude"":""41.87183400094"",""longitude"":""-87.679845000002"",""human_address"":""{\""address\"": \""\"", \""city\"": \""\"", \""state\"": \""\"", \""zip\"": \""\""}""}"
SR26-00475433,Traffic Signal Out Complaint,SFB,CDOT - Department of Transportation,CDOT - Department of Transportation,Open,Phone Call,2026-03-17T07:09:54.000,2026-03-17T07:09:59.000,6600 S STONY ISLAND AVE,Demo City,Illinois,,6600,S,STONY ISLAND,AVE,,,42,5,12,T037,2,03,0321,25,7,3,3,1188019.843922964,1861549.5141346073,41.775182807423,-87.586295376507,"{""latitude"":""41.775182807423"",""longitude"":""-87.586295376507"",""human_address"":""{\""address\"": \""\"", \""city\"": \""\"", \""state\"": \""\"", \""zip\"": \""\""}""}"
SR26-00475434,Aircraft Noise Complaint,AVN,,Aviation,Completed,Internet,2026-03-17T07:09:54.000,2026-03-17T07:32:19.000,10510 W ZEMKE RD,Demo City,Illinois,60666,10510,W,ZEMKE,RD,,,76,41,,,5,16,1654,27,7,3,3,1105376.7673561182,1941043.7883293368,41.994900000941,-87.887749500002,"{""latitude"":""41.994900000941"",""longitude"":""-87.887749500002"",""human_address"":""{\""address\"": \""\"", \""city\"": \""\"", \""state\"": \""\"", \""zip\"": \""\""}""}"
SR26-00475432,Abandoned Vehicle Complaint,SKA,,Streets and Sanitation,Completed,SPOTCSR,2026-03-17T07:09:49.000,2026-03-17T10:30:38.000,500 E LOWER WACKER NB LSD ER,CHICAGO,IL,60601,500,E,LOWER WACKER NB LSD ER,,,,32,42,7,R022,1,01,0114,29,7,3,3,1179754.2552232074,1902410.367275363,41.887501048324,-87.615343698168,"{""latitude"":""41.887501048324"",""longitude"":""-87.615343698168"",""human_address"":""{\""address\"": \""\"", \""city\"": \""\"", \""state\"": \""\"", \""zip\"": \""\""}""}"
SR26-00475431,311 INFORMATION ONLY CALL,311IOC,311 City Services,311 City Services,Completed,Phone Call,2026-03-17T07:09:48.000,2026-03-17T07:32:19.000,2111 W Lexington ST,Demo City,Illinois,60612,2111,W,Lexington,ST,,,28,28,7,K024,2,12,1225,46,7,3,3,1162234.4668753312,1896560.9616219066,41.87183400094,-87.679845000002,"{""latitude"":""41.87183400094"",""longitude"":""-87.679845000002"",""human_address"":""{\""address\"": \""\"", \""city\"": \""\"", \""state\"": \""\"", \""zip\"": \""\""}""}"
SR26-00475429,Traffic Signal Out Complaint,SFB,CDOT - Department of Transportation,CDOT - Department of Transportation,Open,Phone Call,2026-03-17T07:09:09.000,2026-03-17T07:09:18.000,5501 S PULASKI RD,Demo City,Illinois,,5501,S,PULASKI,RD,,,62,23,10,G035,1,08,0813,26,7,3,3,1150639.4347600462,1867824.7020435312,41.793212228721,-87.723164719724,"{""latitude"":""41.793212228721"",""longitude"":""-87.723164719724"",""human_address"":""{\""address\"": \""\"", \""city\"": \""\"", \""state\"": \""\"", \""zip\"": \""\""}""}"
SR26-00475427,Aircraft Noise Complaint,AVN,,Aviation,Completed,Internet,2026-03-17T07:07:19.000,2026-03-17T07:32:19.000,10510 W ZEMKE RD,Demo City,Illinois,60666,10510,W,ZEMKE,RD,,,76,41,,,5,16,1654,27,7,3,3,1105376.7673561182,1941043.7883293368,41.994900000941,-87.887749500002,"{""latitude"":""41.994900000941"",""longitude"":""-87.887749500002"",""human_address"":""{\""address\"": \""\"", \""city\"": \""\"", \""state\"": \""\"", \""zip\"": \""\""}""}"
SR26-00475425,311 INFORMATION ONLY CALL,311IOC,311 City Services,311 City Services,Completed,Phone Call,2026-03-17T07:06:43.000,2026-03-17T07:32:07.000,2111 W Lexington ST,Demo City,Illinois,60612,2111,W,Lexington,ST,,,28,28,7,K024,2,12,1225,46,7,3,3,1162234.4668753312,1896560.9616219066,41.87183400094,-87.679845000002,"{""latitude"":""41.87183400094"",""longitude"":""-87.679845000002"",""human_address"":""{\""address\"": \""\"", \""city\"": \""\"", \""state\"": \""\"", \""zip\"": \""\""}""}"
SR26-00475424,Inspect Public Way Request,PBD,311 City Services,CDOT - Department of Transportation,Open,Phone Call,2026-03-17T07:06:33.000,2026-03-17T07:06:35.000,5844 W HURON ST,Demo City,Illinois,60644,5844,W,HURON,ST,,,25,29,6,B021,1,15,1511,44,7,3,3,1137115.0142560364,1904133.2082899953,41.89310100094,-87.771888000002,"{""latitude"":""41.89310100094"",""longitude"":""-87.771888000002"",""human_address"":""{\""address\"": \""\"", \""city\"": \""\"", \""state\"": \""\"", \""zip\"": \""\""}""}"
SR26-00475422,Aircraft Noise Complaint,AVN,,Aviation,Completed,Internet,2026-03-17T07:05:57.000,2026-03-17T07:32:07.000,10510 W ZEMKE RD,Demo City,Illinois,60666,10510,W,ZEMKE,RD,,,76,41,,,5,16,1654,27,7,3,3,1105376.7673561182,1941043.7883293368,41.994900000941,-87.887749500002,"{""latitude"":""41.994900000941"",""longitude"":""-87.887749500002"",""human_address"":""{\""address\"": \""\"", \""city\"": \""\"", \""state\"": \""\"", \""zip\"": \""\""}""}"
SR26-00475421,Water On Street Complaint,AAE,311 City Services,DWM - Department of Water Management,Open,Phone Call,2026-03-17T07:05:32.000,2026-03-17T07:25:00.000,10916 S UNION AVE,Demo City,Illinois,60628,10916,S,UNION,AVE,,,49,21,14,O048,3,22,2233,2,7,3,3,1173514.471726629,1832392.6795450985,41.69550600094,-87.640330500002,"{""latitude"":""41.69550600094"",""longitude"":""-87.640330500002"",""human_address"":""{\""address\"": \""\"", \""city\"": \""\"", \""state\"": \""\"", \""zip\"": \""\""}""}"
SR26-00475420,Finance Parking Code Enforcement Review,FPCE,,Finance,Completed,Mobile Device,2026-03-17T07:05:25.000,2026-03-17T07:05:26.000,3143 N KIMBALL AVE,,,,3143,N,KIMBALL,AVE,,,21,35,4,H015,1,14,1412,1,7,3,3,1153243.2245500984,1920885.9070015836,41.938767000941,-87.712209000002,"{""latitude"":""41.938767000941"",""longitude"":""-87.712209000002"",""human_address"":""{\""address\"": \""\"", \""city\"": \""\"", \""state\"": \""\"", \""zip\"": \""\""}""}"
SR26-00475419,311 INFORMATION ONLY CALL,311IOC,311 City Services,311 City Services,Completed,Phone Call,2026-03-17T07:05:10.000,2026-03-17T07:32:07.000,2111 W Lexington ST,Demo City,Illinois,60612,2111,W,Lexington,ST,,,28,28,7,K024,2,12,1225,46,7,3,3,1162234.4668753312,1896560.9616219066,41.87183400094,-87.679845000002,"{""latitude"":""41.87183400094"",""longitude"":""-87.679845000002"",""human_address"":""{\""address\"": \""\"", \""city\"": \""\"", \""state\"": \""\"", \""zip\"": \""\""}""}"
SR26-00475418,Blue Recycling Cart,SRRC,Streets and Sanitation,Streets and Sanitation,Open,Salesforce Mobile App,2026-03-17T07:04:57.000,2026-03-17T07:04:59.000,3340 N NATOMA,Demo City,Illinois,60634,3340,N,NATOMA,,,,17,38,3,Z114,3,16,1632,7,7,3,3,1131400.2990025661,1921636.523553745,41.941233000941,-87.792471000002,"{""latitude"":""41.941233000941"",""longitude"":""-87.792471000002"",""human_address"":""{\""address\"": \""\"", \""city\"": \""\"", \""state\"": \""\"", \""zip\"": \""\""}""}"
SR26-00475417,Garbage Cart Maintenance,SIE,311 City Services,Streets and Sanitation,Open,Phone Call,2026-03-17T07:04:38.000,2026-03-17T07:04:40.000,1721 E 92ND ST,Demo City,Illinois,60617,1721,E,92ND,ST,,,48,8,15,U044,1,04,0413,3,7,3,3,1189456.5923154848,1844238.3405578255,41.72764500094,-87.581583000002,"{""latitude"":""41.72764500094"",""longitude"":""-87.581583000002"",""human_address"":""{\""address\"": \""\"", \""city\"": \""\"", \""state\"": \""\"", \""zip\"": \""\""}""}"
SR26-00475416,Check for Leak,WM3,311 City Services,DWM - Department of Water Management,Open,Phone Call,2026-03-17T07:04:01.000,2026-03-17T07:09:03.000,7522 N OVERHILL AVE,Demo City,Illinois,60631,7522,N,OVERHILL,AVE,,,9,41,1,W104,1,16,1611,2,7,3,3,1123991.6368099481,1949409.831099364,42.017571000941,-87.819088500002,"{""latitude"":""42.017571000941"",""longitude"":""-87.819088500002"",""human_address"":""{\""address\"": \""\"", \""city\"": \""\"", \""state\"": \""\"", \""zip\"": \""\""}""}"
SR26-00475415,Graffiti Removal Request,GRAF,,Streets and Sanitation,Open,Mobile Device,2026-03-17T07:03:59.000,2026-03-17T07:04:00.000,500 S MAPLEWOOD AVE,,,,500,S,MAPLEWOOD,AVE,,,28,28,7,J023,3,11,1135,11,7,3,3,1159214.1186687236,1897577.8488211564,41.87468700094,-87.690906000002,"{""latitude"":""41.87468700094"",""longitude"":""-87.690906000002"",""human_address"":""{\""address\"": \""\"", \""city\"": \""\"", \""state\"": \""\"", \""zip\"": \""\""}""}"
SR26-00475413,Aircraft Noise Complaint,AVN,,Aviation,Completed,Internet,2026-03-17T07:03:23.000,2026-03-17T07:31:47.000,10510 W ZEMKE RD,Demo City,Illinois,60666,10510,W,ZEMKE,RD,,,76,41,,,5,16,1654,27,7,3,3,1105376.7673561182,1941043.7883293368,41.994900000941,-87.887749500002,"{""latitude"":""41.994900000941"",""longitude"":""-87.887749500002"",""human_address"":""{\""address\"": \""\"", \""city\"": \""\"", \""state\"": \""\"", \""zip\"": \""\""}""}"
SR26-00475412,311 INFORMATION ONLY CALL,311IOC,311 City Services,311 City Services,Completed,Phone Call,2026-03-17T07:02:56.000,2026-03-17T07:32:07.000,2111 W Lexington ST,Demo City,Illinois,60612,2111,W,Lexington,ST,,,28,28,7,K024,2,12,1225,46,7,3,3,1162234.4668753312,1896560.9616219066,41.87183400094,-87.679845000002,"{""latitude"":""41.87183400094"",""longitude"":""-87.679845000002"",""human_address"":""{\""address\"": \""\"", \""city\"": \""\"", \""state\"": \""\"", \""zip\"": \""\""}""}"
SR26-00475411,311 INFORMATION ONLY CALL,311IOC,311 City Services,311 City Services,Completed,Phone Call,2026-03-17T07:02:53.000,2026-03-17T07:31:47.000,2111 W Lexington ST,Demo City,Illinois,60612,2111,W,Lexington,ST,,,28,28,7,K024,2,12,1225,46,7,3,3,1162234.4668753312,1896560.9616219066,41.87183400094,-87.679845000002,"{""latitude"":""41.87183400094"",""longitude"":""-87.679845000002"",""human_address"":""{\""address\"": \""\"", \""city\"": \""\"", \""state\"": \""\"", \""zip\"": \""\""}""}"
SR26-00475410,Tree Debris Clean-Up Request,SEL,311 City Services,Streets and Sanitation,Open,Phone Call,2026-03-17T07:02:50.000,2026-03-17T07:02:53.000,1710 N KEDVALE AVE,Demo City,Illinois,60639,1710,N,KEDVALE,AVE,,,23,26,6,F018,3,25,2534,22,7,3,3,1148380.0239571983,1911120.0908640802,41.912064000941,-87.730335000002,"{""latitude"":""41.912064000941"",""longitude"":""-87.730335000002"",""human_address"":""{\""address\"": \""\"", \""city\"": \""\"", \""state\"": \""\"", \""zip\"": \""\""}""}"
SR26-00475408,Tree Debris Clean-Up Request,SEL,,Streets and Sanitation,Open,Mobile Device,2026-03-17T07:01:35.000,2026-03-17T07:01:40.000,936 N WINCHESTER AVE,,,,936,N,WINCHESTER,AVE,,,24,36,5,L020,1,12,1212,4,7,3,3,1163148.200185881,1906407.2883072593,41.898834000941,-87.676213500002,"{""latitude"":""41.898834000941"",""longitude"":""-87.676213500002"",""human_address"":""{\""address\"": \""\"", \""city\"": \""\"", \""state\"": \""\"", \""zip\"": \""\""}""}"
SR26-00475407,Aircraft Noise Complaint,AVN,,Aviation,Completed,Internet,2026-03-17T07:01:16.000,2026-03-17T07:32:07.000,10510 W ZEMKE RD,Demo City,Illinois,60666,10510,W,ZEMKE,RD,,,76,41,,,5,16,1654,27,7,3,3,1105376.7673561182,1941043.7883293368,41.994900000941,-87.887749500002,"{""latitude"":""41.994900000941"",""longitude"":""-87.887749500002"",""human_address"":""{\""address\"": \""\"", \""city\"": \""\"", \""state\"": \""\"", \""zip\"": \""\""}""}"
SR26-00475406,Aircraft Noise Complaint,AVN,,Aviation,Completed,Internet,2026-03-17T07:00:24.000,2026-03-17T07:32:07.000,10510 W ZEMKE RD,Demo City,Illinois,60666,10510,W,ZEMKE,RD,,,76,41,,,5,16,1654,27,7,3,3,1105376.7673561182,1941043.7883293368,41.994900000941,-87.887749500002,"{""latitude"":""41.994900000941"",""longitude"":""-87.887749500002"",""human_address"":""{\""address\"": \""\"", \""city\"": \""\"", \""state\"": \""\"", \""zip\"": \""\""}""}"
SR26-00475405,311 INFORMATION ONLY CALL,311IOC,311 City Services,311 City Services,Completed,Phone Call,2026-03-17T06:59:56.000,2026-03-17T07:32:07.000,2111 W Lexington ST,Demo City,Illinois,60612,2111,W,Lexington,ST,,,28,28,7,K024,2,12,1225,46,6,3,3,1162234.4668753312,1896560.9616219066,41.87183400094,-87.679845000002,"{""latitude"":""41.87183400094"",""longitude"":""-87.679845000002"",""human_address"":""{\""address\"": \""\"", \""city\"": \""\"", \""state\"": \""\"", \""zip\"": \""\""}""}"
SR26-00475404,Aircraft Noise Complaint,AVN,,Aviation,Completed,Internet,2026-03-17T06:59:44.000,2026-03-17T07:31:47.000,10510 W ZEMKE RD,Demo City,Illinois,60666,10510,W,ZEMKE,RD,,,76,41,,,5,16,1654,27,6,3,3,1105376.7673561182,1941043.7883293368,41.994900000941,-87.887749500002,"{""latitude"":""41.994900000941"",""longitude"":""-87.887749500002"",""human_address"":""{\""address\"": \""\"", \""city\"": \""\"", \""state\"": \""\"", \""zip\"": \""\""}""}"
SR26-00475403,Water On Street Complaint,AAE,311 City Services,DWM - Department of Water Management,Open,Phone Call,2026-03-17T06:59:24.000,2026-03-17T06:59:25.000,10416 S PRAIRIE AVE,Demo City,Illinois,60628,10416,S,PRAIRIE,AVE,1,,49,9,14,Q047,1,05,0512,40,6,3,3,1179681.3452738766,1835863.8514439035,41.70489300094,-87.617646000002,"{""latitude"":""41.70489300094"",""longitude"":""-87.617646000002"",""human_address"":""{\""address\"": \""\"", \""city\"": \""\"", \""state\"": \""\"", \""zip\"": \""\""}""}"
SR26-00475402,Pothole in Street Complaint,PHF,311 City Services,CDOT - Department of Transportation,Open,Phone Call,2026-03-17T06:58:49.000,2026-03-17T06:58:51.000,10416 S PRAIRIE AVE,Demo City,Illinois,60628,10416,S,PRAIRIE,AVE,,,49,9,14,Q047,1,05,0512,40,6,3,3,1179681.3452738766,1835863.8514439035,41.70489300094,-87.617646000002,"{""latitude"":""41.70489300094"",""longitude"":""-87.617646000002"",""human_address"":""{\""address\"": \""\"", \""city\"": \""\"", \""state\"": \""\"", \""zip\"": \""\""}""}"
SR26-00475399,Pothole in Street Complaint,PHF,,CDOT - Department of Transportation,Open,Mobile Device,2026-03-17T06:57:36.000,2026-03-17T06:57:39.000,1457 N PARKSIDE AVE,,,,1457,N,PARKSIDE,AVE,,,25,29,6,B019,3,25,2531,4,6,3,3,1138466.2466479791,1909363.4308544549,41.907429000941,-87.766798500002,"{""latitude"":""41.907429000941"",""longitude"":""-87.766798500002"",""human_address"":""{\""address\"": \""\"", \""city\"": \""\"", \""state\"": \""\"", \""zip\"": \""\""}""}"
SR26-00475398,Aircraft Noise Complaint,AVN,,Aviation,Completed,Internet,2026-03-17T06:57:28.000,2026-03-17T07:32:07.000,10510 W ZEMKE RD,Demo City,Illinois,60666,10510,W,ZEMKE,RD,,,76,41,,,5,16,1654,27,6,3,3,1105376.7673561182,1941043.7883293368,41.994900000941,-87.887749500002,"{""latitude"":""41.994900000941"",""longitude"":""-87.887749500002"",""human_address"":""{\""address\"": \""\"", \""city\"": \""\"", \""state\"": \""\"", \""zip\"": \""\""}""}"
SR26-00475397,Aircraft Noise Complaint,AVN,,Aviation,Completed,Internet,2026-03-17T06:57:20.000,2026-03-17T07:32:07.000,10510 W ZEMKE RD,Demo City,Illinois,60666,10510,W,ZEMKE,RD,,,76,41,,,5,16,1654,27,6,3,3,1105376.7673561182,1941043.7883293368,41.994900000941,-87.887749500002,"{""latitude"":""41.994900000941"",""longitude"":""-87.887749500002"",""human_address"":""{\""address\"": \""\"", \""city\"": \""\"", \""state\"": \""\"", \""zip\"": \""\""}""}"
SR26-00475395,311 INFORMATION ONLY CALL,311IOC,311 City Services,311 City Services,Completed,Phone Call,2026-03-17T06:56:49.000,2026-03-17T07:32:07.000,2111 W Lexington ST,Demo City,Illinois,60612,2111,W,Lexington,ST,,,28,28,7,K024,2,12,1225,46,6,3,3,1162234.4668753312,1896560.9616219066,41.87183400094,-87.679845000002,"{""latitude"":""41.87183400094"",""longitude"":""-87.679845000002"",""human_address"":""{\""address\"": \""\"", \""city\"": \""\"", \""state\"": \""\"", \""zip\"": \""\""}""}"
SR26-00475394,Pothole in Street Complaint,PHF,,CDOT - Department of Transportation,Open,Mobile Device,2026-03-17T06:56:24.000,2026-03-17T06:56:28.000,1356 N WALLER AVE,,,,1356,N,WALLER,AVE,,,25,29,6,B019,3,25,2531,41,6,3,3,1138016.1798514356,1908694.675459966,41.905602000941,-87.768468000002,"{""latitude"":""41.905602000941"",""longitude"":""-87.768468000002"",""human_address"":""{\""address\"": \""\"", \""city\"": \""\"", \""state\"": \""\"", \""zip\"": \""\""}""}"
SR26-00475392,Cab Feedback,CSC,,BACP - Business Affairs and Consumer Protection,Open,Internet,2026-03-17T06:56:23.000,2026-03-17T06:56:25.000,1 S DEARBORN ST,Demo City,Illinois,60603,1,S,DEARBORN,ST,,,32,34,7,P023,1,01,0112,33,6,3,3,1176095.0277623602,1900248.8674679222,41.88165300094,-87.628846500002,"{""latitude"":""41.88165300094"",""longitude"":""-87.628846500002"",""human_address"":""{\""address\"": \""\"", \""city\"": \""\"", \""state\"": \""\"", \""zip\"": \""\""}""}"
SR26-00475391,Aircraft Noise Complaint,AVN,,Aviation,Completed,Internet,2026-03-17T06:56:13.000,2026-03-17T07:31:47.000,10510 W ZEMKE RD,Demo City,Illinois,60666,10510,W,ZEMKE,RD,,,76,41,,,5,16,1654,27,6,3,3,1105376.7673561182,1941043.7883293368,41.994900000941,-87.887749500002,"{""latitude"":""41.994900000941"",""longitude"":""-87.887749500002"",""human_address"":""{\""address\"": \""\"", \""city\"": \""\"", \""state\"": \""\"", \""zip\"": \""\""}""}"
SR26-00475390,Blue Recycling Cart,SRRC,,Streets and Sanitation,Open,Mobile Device,2026-03-17T06:55:54.000,2026-03-17T06:55:58.000,3212 W WARREN BLVD,,,,3212,W,WARREN,BLVD,,,27,28,7,H022,2,11,1123,20,6,3,3,1154879.1846431426,1900248.3279805142,41.88210300094,-87.706750500002,"{""latitude"":""41.88210300094"",""longitude"":""-87.706750500002"",""human_address"":""{\""address\"": \""\"", \""city\"": \""\"", \""state\"": \""\"", \""zip\"": \""\""}""}"
SR26-00475389,311 INFORMATION ONLY CALL,311IOC,311 City Services,311 City Services,Completed,Phone Call,2026-03-17T06:55:50.000,2026-03-17T07:32:07.000,2111 W Lexington ST,Demo City,Illinois,60612,2111,W,Lexington,ST,,,28,28,7,K024,2,12,1225,46,6,3,3,1162234.4668753312,1896560.9616219066,41.87183400094,-87.679845000002,"{""latitude"":""41.87183400094"",""longitude"":""-87.679845000002"",""human_address"":""{\""address\"": \""\"", \""city\"": \""\"", \""state\"": \""\"", \""zip\"": \""\""}""}"
SR26-00475388,Aircraft Noise Complaint,AVN,,Aviation,Completed,Internet,2026-03-17T06:55:37.000,2026-03-17T07:32:07.000,10510 W ZEMKE RD,Demo City,Illinois,60666,10510,W,ZEMKE,RD,,,76,41,,,5,16,1654,27,6,3,3,1105376.7673561182,1941043.7883293368,41.994900000941,-87.887749500002,"{""latitude"":""41.994900000941"",""longitude"":""-87.887749500002"",""human_address"":""{\""address\"": \""\"", \""city\"": \""\"", \""state\"": \""\"", \""zip\"": \""\""}""}"
SR26-00475387,311 INFORMATION ONLY CALL,311IOC,311 City Services,311 City Services,Completed,Phone Call,2026-03-17T06:55:06.000,2026-03-17T07:32:07.000,2111 W Lexington ST,Demo City,Illinois,60612,2111,W,Lexington,ST,,,28,28,7,K024,2,12,1225,46,6,3,3,1162234.4668753312,1896560.9616219066,41.87183400094,-87.679845000002,"{""latitude"":""41.87183400094"",""longitude"":""-87.679845000002"",""human_address"":""{\""address\"": \""\"", \""city\"": \""\"", \""state\"": \""\"", \""zip\"": \""\""}""}"
SR26-00475386,Clean Vacant Lot Request,SCT,,Streets and Sanitation,Open,Internet,2026-03-17T06:54:27.000,2026-03-17T06:54:29.000,9722 S MERRION AVE,Demo City,Illinois,60617,9722,S,MERRION,AVE,,,51,7,15,V045,3,04,0431,41,6,3,3,1192610.367489438,1840740.3462961304,41.71797000094,-87.570144000002,"{""latitude"":""41.71797000094"",""longitude"":""-87.570144000002"",""human_address"":""{\""address\"": \""\"", \""city\"": \""\"", \""state\"": \""\"", \""zip\"": \""\""}""}"
SR26-00475385,311 INFORMATION ONLY CALL,311IOC,311 City Services,311 City Services,Completed,Phone Call,2026-03-17T06:53:51.000,2026-03-17T07:32:07.000,2111 W Lexington ST,Demo City,Illinois,60612,2111,W,Lexington,ST,,,28,28,7,K024,2,12,1225,46,6,3,3,1162234.4668753312,1896560.9616219066,41.87183400094,-87.679845000002,"{""latitude"":""41.87183400094"",""longitude"":""-87.679845000002"",""human_address"":""{\""address\"": \""\"", \""city\"": \""\"", \""state\"": \""\"", \""zip\"": \""\""}""}"
SR26-00475384,311 INFORMATION ONLY CALL,311IOC,311 City Services,311 City Services,Completed,Phone Call,2026-03-17T06:53:45.000,2026-03-17T07:32:07.000,2111 W Lexington ST,Demo City,Illinois,60612,2111,W,Lexington,ST,,,28,28,7,K024,2,12,1225,46,6,3,3,1162234.4668753312,1896560.9616219066,41.87183400094,-87.679845000002,"{""latitude"":""41.87183400094"",""longitude"":""-87.679845000002"",""human_address"":""{\""address\"": \""\"", \""city\"": \""\"", \""state\"": \""\"", \""zip\"": \""\""}""}"
SR26-00475383,Wire Basket Request,SCS,,Streets and Sanitation,Open,Mobile Device,2026-03-17T06:53:15.000,2026-03-17T07:00:10.000,1011 W WILSON AVE,,,,1011,W,WILSON,AVE,1,,3,46,2,N011,1,19,1914,8,6,3,3,1168667.1273196028,1930635.6403701028,41.965200000941,-87.655239000002,"{""latitude"":""41.965200000941"",""longitude"":""-87.655239000002"",""human_address"":""{\""address\"": \""\"", \""city\"": \""\"", \""state\"": \""\"", \""zip\"": \""\""}""}"
SR26-00475382,Water in Basement Complaint,AAF,311 City Services,DWM - Department of Water Management,Open,Phone Call,2026-03-17T06:53:12.000,2026-03-17T07:20:10.000,8144 S WOOD ST,Demo City,Illinois,60620,8144,S,WOOD,ST,1,,71,17,11,L041,1,06,0614,18,6,3,3,1165685.6827154614,1850497.2228739862,41.74535700094,-87.668482500002,"{""latitude"":""41.74535700094"",""longitude"":""-87.668482500002"",""human_address"":""{\""address\"": \""\"", \""city\"": \""\"", \""state\"": \""\"", \""zip\"": \""\""}""}"
SR26-00475381,Aircraft Noise Complaint,AVN,,Aviation,Completed,Internet,2026-03-17T06:53:04.000,2026-03-17T07:32:07.000,10510 W ZEMKE RD,Demo City,Illinois,60666,10510,W,ZEMKE,RD,,,76,41,,,5,16,1654,27,6,3,3,1105376.7673561182,1941043.7883293368,41.994900000941,-87.887749500002,"{""latitude"":""41.994900000941"",""longitude"":""-87.887749500002"",""human_address"":""{\""address\"": \""\"", \""city\"": \""\"", \""state\"": \""\"", \""zip\"": \""\""}""}"
SR26-00475380,Aircraft Noise Complaint,AVN,,Aviation,Completed,Internet,2026-03-17T06:53:00.000,2026-03-17T07:32:07.000,10510 W ZEMKE RD,Demo City,Illinois,60666,10510,W,ZEMKE,RD,,,76,41,,,5,16,1654,27,6,3,3,1105376.7673561182,1941043.7883293368,41.994900000941,-87.887749500002,"{""latitude"":""41.994900000941"",""longitude"":""-87.887749500002"",""human_address"":""{\""address\"": \""\"", \""city\"": \""\"", \""state\"": \""\"", \""zip\"": \""\""}""}"
SR26-00475379,311 INFORMATION ONLY CALL,311IOC,311 City Services,311 City Services,Completed,Phone Call,2026-03-17T06:52:56.000,2026-03-17T07:32:07.000,2111 W Lexington ST,Demo City,Illinois,60612,2111,W,Lexington,ST,,,28,28,7,K024,2,12,1225,46,6,3,3,1162234.4668753312,1896560.9616219066,41.87183400094,-87.679845000002,"{""latitude"":""41.87183400094"",""longitude"":""-87.679845000002"",""human_address"":""{\""address\"": \""\"", \""city\"": \""\"", \""state\"": \""\"", \""zip\"": \""\""}""}"
SR26-00475378,Dead Animal Pick-Up Request,SGQ,311 City Services,Streets and Sanitation,Open,Phone Call,2026-03-17T06:52:42.000,2026-03-17T06:52:44.000,1401 S BLUE ISLAND AVE,Demo City,Illinois,60608,1401,S,BLUE ISLAND,AVE,,,28,28,7,N025,3,12,1232,29,6,3,3,1168929.6359461618,1893401.9791748957,41.86302300094,-87.655356000002,"{""latitude"":""41.86302300094"",""longitude"":""-87.655356000002"",""human_address"":""{\""address\"": \""\"", \""city\"": \""\"", \""state\"": \""\"", \""zip\"": \""\""}""}"
SR26-00475377,Water in Basement Complaint,AAF,311 City Services,DWM - Department of Water Management,Open,Phone Call,2026-03-17T06:52:12.000,2026-03-17T07:23:40.000,8144 S WOOD ST,Demo City,Illinois,60620,8144,S,WOOD,ST,,,71,17,11,L041,1,06,0614,18,6,3,3,1165685.6827154614,1850497.2228739862,41.74535700094,-87.668482500002,"{""latitude"":""41.74535700094"",""longitude"":""-87.668482500002"",""human_address"":""{\""address\"": \""\"", \""city\"": \""\"", \""state\"": \""\"", \""zip\"": \""\""}""}"
SR26-00475376,Pothole in Street Complaint,PHF,311 City Services,CDOT - Department of Transportation,Open,Phone Call,2026-03-17T06:51:29.000,2026-03-17T06:51:31.000,708 W ROOSEVELT RD,Demo City,Illinois,,708,W,ROOSEVELT,RD,,,28,28,7,O025,3,12,1232,7,6,3,3,1171694.3303142157,1894941.241314279,41.867186491895,-87.645161848807,"{""latitude"":""41.867186491895"",""longitude"":""-87.645161848807"",""human_address"":""{\""address\"": \""\"", \""city\"": \""\"", \""state\"": \""\"", \""zip\"": \""\""}""}"
SR26-00475375,Aircraft Noise Complaint,AVN,,Aviation,Completed,Internet,2026-03-17T06:51:16.000,2026-03-17T07:31:47.000,10510 W ZEMKE RD,Demo City,Illinois,60666,10510,W,ZEMKE,RD,,,76,41,,,5,16,1654,27,6,3,3,1105376.7673561182,1941043.7883293368,41.994900000941,-87.887749500002,"{""latitude"":""41.994900000941"",""longitude"":""-87.887749500002"",""human_address"":""{\""address\"": \""\"", \""city\"": \""\"", \""state\"": \""\"", \""zip\"": \""\""}""}"
SR26-00475374,Traffic Signal Out Complaint,SFB,311 City Services,CDOT - Department of Transportation,Open,Phone Call,2026-03-17T06:50:48.000,2026-03-17T06:50:53.000,8714 S CRANDON AVE,Demo City,Illinois,,8714,S,CRANDON,AVE,,,48,8,15,V043,1,04,0412,17,6,3,3,1192894.1028752201,1847736.5545558585,41.737161352516,-87.568877239185,"{""latitude"":""41.737161352516"",""longitude"":""-87.568877239185"",""human_address"":""{\""address\"": \""\"", \""city\"": \""\"", \""state\"": \""\"", \""zip\"": \""\""}""}"
SR26-00475373,Aircraft Noise Complaint,AVN,,Aviation,Completed,Internet,2026-03-17T06:50:32.000,2026-03-17T07:32:07.000,10510 W ZEMKE RD,Demo City,Illinois,60666,10510,W,ZEMKE,RD,,,76,41,,,5,16,1654,27,6,3,3,1105376.7673561182,1941043.7883293368,41.994900000941,-87.887749500002,"{""latitude"":""41.994900000941"",""longitude"":""-87.887749500002"",""human_address"":""{\""address\"": \""\"", \""city\"": \""\"", \""state\"": \""\"", \""zip\"": \""\""}""}"
SR26-00475372,Aircraft Noise Complaint,AVN,,Aviation,Completed,Internet,2026-03-17T06:50:20.000,2026-03-17T07:31:47.000,10510 W ZEMKE RD,Demo City,Illinois,60666,10510,W,ZEMKE,RD,,,76,41,,,5,16,1654,27,6,3,3,1105376.7673561182,1941043.7883293368,41.994900000941,-87.887749500002,"{""latitude"":""41.994900000941"",""longitude"":""-87.887749500002"",""human_address"":""{\""address\"": \""\"", \""city\"": \""\"", \""state\"": \""\"", \""zip\"": \""\""}""}"
SR26-00475371,311 INFORMATION ONLY CALL,311IOC,311 City Services,311 City Services,Completed,Phone Call,2026-03-17T06:50:13.000,2026-03-17T07:32:07.000,2111 W Lexington ST,Demo City,Illinois,60612,2111,W,Lexington,ST,,,28,28,7,K024,2,12,1225,46,6,3,3,1162234.4668753312,1896560.9616219066,41.87183400094,-87.679845000002,"{""latitude"":""41.87183400094"",""longitude"":""-87.679845000002"",""human_address"":""{\""address\"": \""\"", \""city\"": \""\"", \""state\"": \""\"", \""zip\"": \""\""}""}"
SR26-00475370,311 INFORMATION ONLY CALL,311IOC,311 City Services,311 City Services,Completed,Phone Call,2026-03-17T06:49:58.000,2026-03-17T07:32:07.000,2111 W Lexington ST,Demo City,Illinois,60612,2111,W,Lexington,ST,,,28,28,7,K024,2,12,1225,46,6,3,3,1162234.4668753312,1896560.9616219066,41.87183400094,-87.679845000002,"{""latitude"":""41.87183400094"",""longitude"":""-87.679845000002"",""human_address"":""{\""address\"": \""\"", \""city\"": \""\"", \""state\"": \""\"", \""zip\"": \""\""}""}"
SR26-00475369,Graffiti Removal Request,GRAF,,Streets and Sanitation,Open,Mobile Device,2026-03-17T06:49:43.000,2026-03-17T06:49:45.000,530 S MAPLEWOOD AVE,,,,530,S,MAPLEWOOD,AVE,,,28,28,7,J023,3,11,1135,11,6,3,3,1159214.4149776758,1897374.5053967354,41.87412900094,-87.690910500002,"{""latitude"":""41.87412900094"",""longitude"":""-87.690910500002"",""human_address"":""{\""address\"": \""\"", \""city\"": \""\"", \""state\"": \""\"", \""zip\"": \""\""}""}"
SR26-00475367,Garbage Cart Maintenance,SIE,,Streets and Sanitation,Open,Mobile Device,2026-03-17T06:49:32.000,2026-03-17T06:49:36.000,3212 W WARREN BLVD,,,,3212,W,WARREN,BLVD,,,27,28,7,H022,2,11,1123,20,6,3,3,1154879.1846431426,1900248.3279805142,41.88210300094,-87.706750500002,"{""latitude"":""41.88210300094"",""longitude"":""-87.706750500002"",""human_address"":""{\""address\"": \""\"", \""city\"": \""\"", \""state\"": \""\"", \""zip\"": \""\""}""}"
SR26-00475366,Aircraft Noise Complaint,AVN,,Aviation,Completed,Internet,2026-03-17T06:49:19.000,2026-03-17T07:31:47.000,10510 W ZEMKE RD,Demo City,Illinois,60666,10510,W,ZEMKE,RD,,,76,41,,,5,16,1654,27,6,3,3,1105376.7673561182,1941043.7883293368,41.994900000941,-87.887749500002,"{""latitude"":""41.994900000941"",""longitude"":""-87.887749500002"",""human_address"":""{\""address\"": \""\"", \""city\"": \""\"", \""state\"": \""\"", \""zip\"": \""\""}""}"
SR26-00475365,Tree Removal Inspection,SEE,Streets and Sanitation,Streets and Sanitation,Open,Phone Call,2026-03-17T06:49:17.000,2026-03-17T06:49:19.000,4741 W SCHUBERT AVE,Demo City,Illinois,60639,4741,W,SCHUBERT,AVE,,,19,31,3,E016,2,25,2521,29,6,3,3,1144140.6211329093,1917377.9733093705,41.929317000941,-87.745752000002,"{""latitude"":""41.929317000941"",""longitude"":""-87.745752000002"",""human_address"":""{\""address\"": \""\"", \""city\"": \""\"", \""state\"": \""\"", \""zip\"": \""\""}""}"
SR26-00475364,Aircraft Noise Complaint,AVN,,Aviation,Completed,Internet,2026-03-17T06:49:00.000,2026-03-17T07:31:47.000,10510 W ZEMKE RD,Demo City,Illinois,60666,10510,W,ZEMKE,RD,,,76,41,,,5,16,1654,27,6,3,3,1105376.7673561182,1941043.7883293368,41.994900000941,-87.887749500002,"{""latitude"":""41.994900000941"",""longitude"":""-87.887749500002"",""human_address"":""{\""address\"": \""\"", \""city\"": \""\"", \""state\"": \""\"", \""zip\"": \""\""}""}"
SR26-00475363,311 INFORMATION ONLY CALL,311IOC,311 City Services,311 City Services,Completed,Phone Call,2026-03-17T06:48:54.000,2026-03-17T07:31:47.000,2111 W Lexington ST,Demo City,Illinois,60612,2111,W,Lexington,ST,,,28,28,7,K024,2,12,1225,46,6,3,3,1162234.4668753312,1896560.9616219066,41.87183400094,-87.679845000002,"{""latitude"":""41.87183400094"",""longitude"":""-87.679845000002"",""human_address"":""{\""address\"": \""\"", \""city\"": \""\"", \""state\"": \""\"", \""zip\"": \""\""}""}"
SR26-00475362,311 INFORMATION ONLY CALL,311IOC,311 City Services,311 City Services,Completed,Phone Call,2026-03-17T06:48:26.000,2026-03-17T07:31:47.000,2111 W Lexington ST,Demo City,Illinois,60612,2111,W,Lexington,ST,,,28,28,7,K024,2,12,1225,46,6,3,3,1162234.4668753312,1896560.9616219066,41.87183400094,-87.679845000002,"{""latitude"":""41.87183400094"",""longitude"":""-87.679845000002"",""human_address"":""{\""address\"": \""\"", \""city\"": \""\"", \""state\"": \""\"", \""zip\"": \""\""}""}"
SR26-00475361,Street Light Out Complaint,SFD,,CDOT - Department of Transportation,Open,Mobile Device,2026-03-17T06:48:24.000,2026-03-17T06:48:36.000,852 N DAMEN AVE,,,,852,N,DAMEN,AVE,,,24,36,5,K020,1,12,1212,4,6,3,3,1162846.7359039986,1905935.9711024642,41.897547000941,-87.677334000002,"{""latitude"":""41.897547000941"",""longitude"":""-87.677334000002"",""human_address"":""{\""address\"": \""\"", \""city\"": \""\"", \""state\"": \""\"", \""zip\"": \""\""}""}"
SR26-00475360,Street Light Out Complaint,SFD,,CDOT - Department of Transportation,Open,Mobile Device,2026-03-17T06:48:13.000,2026-03-17T06:48:26.000,8649 S CHAMPLAIN AVE,,,,8649,S,CHAMPLAIN,AVE,,,44,6,14,R042,3,06,0632,3,6,3,3,1182132.5950517405,1847583.1723464741,41.73699600094,-87.608308500002,"{""latitude"":""41.73699600094"",""longitude"":""-87.608308500002"",""human_address"":""{\""address\"": \""\"", \""city\"": \""\"", \""state\"": \""\"", \""zip\"": \""\""}""}"
SR26-00475359,Traffic Signal Out Complaint,SFB,311 City Services,CDOT - Department of Transportation,Completed,Phone Call,2026-03-17T06:47:31.000,2026-03-17T06:48:57.000,8300 S STONY ISLAND AVE,Demo City,Illinois,60617,8300,S,STONY ISLAND,AVE,,,45,8,15,T042,1,04,0412,37,6,3,3,1188149.2665593498,1850209.245105838,41.74406100094,-87.586182000002,"{""latitude"":""41.74406100094"",""longitude"":""-87.586182000002"",""human_address"":""{\""address\"": \""\"", \""city\"": \""\"", \""state\"": \""\"", \""zip\"": \""\""}""}"
SR26-00475358,Aircraft Noise Complaint,AVN,,Aviation,Completed,Internet,2026-03-17T06:47:29.000,2026-03-17T07:31:47.000,10510 W ZEMKE RD,Demo City,Illinois,60666,10510,W,ZEMKE,RD,,,76,41,,,5,16,1654,27,6,3,3,1105376.7673561182,1941043.7883293368,41.994900000941,-87.887749500002,"{""latitude"":""41.994900000941"",""longitude"":""-87.887749500002"",""human_address"":""{\""address\"": \""\"", \""city\"": \""\"", \""state\"": \""\"", \""zip\"": \""\""}""}"
SR26-00475357,Aircraft Noise Complaint,AVN,,Aviation,Completed,Internet,2026-03-17T06:47:28.000,2026-03-17T07:31:47.000,10510 W ZEMKE RD,Demo City,Illinois,60666,10510,W,ZEMKE,RD,,,76,41,,,5,16,1654,27,6,3,3,1105376.7673561182,1941043.7883293368,41.994900000941,-87.887749500002,"{""latitude"":""41.994900000941"",""longitude"":""-87.887749500002"",""human_address"":""{\""address\"": \""\"", \""city\"": \""\"", \""state\"": \""\"", \""zip\"": \""\""}""}"
SR26-00475355,Aircraft Noise Complaint,AVN,,Aviation,Completed,Internet,2026-03-17T06:46:53.000,2026-03-17T07:32:07.000,10510 W ZEMKE RD,Demo City,Illinois,60666,10510,W,ZEMKE,RD,,,76,41,,,5,16,1654,27,6,3,3,1105376.7673561182,1941043.7883293368,41.994900000941,-87.887749500002,"{""latitude"":""41.994900000941"",""longitude"":""-87.887749500002"",""human_address"":""{\""address\"": \""\"", \""city\"": \""\"", \""state\"": \""\"", \""zip\"": \""\""}""}"
SR26-00475354,311 INFORMATION ONLY CALL,311IOC,311 City Services,311 City Services,Completed,Phone Call,2026-03-17T06:46:42.000,2026-03-17T07:31:47.000,2111 W Lexington ST,Demo City,Illinois,60612,2111,W,Lexington,ST,,,31,25,9,O027,3,12,1235,3,6,3,3,1171448.6331576728,1889132.0445230904,41.85125100094,-87.646234500002,"{""latitude"":""41.85125100094"",""longitude"":""-87.646234500002"",""human_address"":""{\""address\"": \""\"", \""city\"": \""\"", \""state\"": \""\"", \""zip\"": \""\""}""}"
SR26-00475353,Tree Removal Inspection,SEE,Streets and Sanitation,Streets and Sanitation,Open,Phone Call,2026-03-17T06:46:23.000,2026-03-17T06:46:26.000,3140 N KENNETH AVE,Demo City,Illinois,60641,3140,N,KENNETH,AVE,,,20,31,3,E015,2,25,2523,5,6,3,3,1146080.7461856797,1920674.4022144105,41.938326000941,-87.738538500002,"{""latitude"":""41.938326000941"",""longitude"":""-87.738538500002"",""human_address"":""{\""address\"": \""\"", \""city\"": \""\"", \""state\"": \""\"", \""zip\"": \""\""}""}"
SR26-00475352,Aircraft Noise Complaint,AVN,,Aviation,Completed,Internet,2026-03-17T06:46:07.000,2026-03-17T07:32:07.000,10510 W ZEMKE RD,Demo City,Illinois,60666,10510,W,ZEMKE,RD,,,76,41,,,5,16,1654,27,6,3,3,1105376.7673561182,1941043.7883293368,41.994900000941,-87.887749500002,"{""latitude"":""41.994900000941"",""longitude"":""-87.887749500002"",""human_address"":""{\""address\"": \""\"", \""city\"": \""\"", \""state\"": \""\"", \""zip\"": \""\""}""}"
SR26-00475351,Aircraft Noise Complaint,AVN,,Aviation,Completed,Internet,2026-03-17T06:45:54.000,2026-03-17T07:31:47.000,10510 W ZEMKE RD,Demo City,Illinois,60666,10510,W,ZEMKE,RD,,,76,41,,,5,16,1654,27,6,3,3,1105376.7673561182,1941043.7883293368,41.994900000941,-87.887749500002,"{""latitude"":""41.994900000941"",""longitude"":""-87.887749500002"",""human_address"":""{\""address\"": \""\"", \""city\"": \""\"", \""state\"": \""\"", \""zip\"": \""\""}""}"
SR26-00475350,Aircraft Noise Complaint,AVN,,Aviation,Completed,Internet,2026-03-17T06:45:43.000,2026-03-17T07:32:07.000,10510 W ZEMKE RD,Demo City,Illinois,60666,10510,W,ZEMKE,RD,,,76,41,,,5,16,1654,27,6,3,3,1105376.7673561182,1941043.7883293368,41.994900000941,-87.887749500002,"{""latitude"":""41.994900000941"",""longitude"":""-87.887749500002"",""human_address"":""{\""address\"": \""\"", \""city\"": \""\"", \""state\"": \""\"", \""zip\"": \""\""}""}"
SR26-00475349,311 INFORMATION ONLY CALL,311IOC,311 City Services,311 City Services,Completed,Phone Call,2026-03-17T06:45:41.000,2026-03-17T07:32:07.000,2111 W Lexington ST,Demo City,Illinois,60612,2111,W,Lexington,ST,,,70,18,10,H040,3,08,0835,31,6,3,3,1154438.1128536544,1854145.2954651641,41.75559900094,-87.709599000002,"{""latitude"":""41.75559900094"",""longitude"":""-87.709599000002"",""human_address"":""{\""address\"": \""\"", \""city\"": \""\"", \""state\"": \""\"", \""zip\"": \""\""}""}"
SR26-00475348,311 INFORMATION ONLY CALL,311IOC,311 City Services,311 City Services,Completed,Phone Call,2026-03-17T06:45:34.000,2026-03-17T07:32:07.000,2111 W Lexington ST,Demo City,Illinois,60612,2111,W,Lexington,ST,,,28,28,7,K024,2,12,1225,46,6,3,3,1162234.4668753312,1896560.9616219066,41.87183400094,-87.679845000002,"{""latitude"":""41.87183400094"",""longitude"":""-87.679845000002"",""human_address"":""{\""address\"": \""\"", \""city\"": \""\"", \""state\"": \""\"", \""zip\"": \""\""}""}"
SR26-00475347,311 INFORMATION ONLY CALL,311IOC,311 City Services,311 City Services,Completed,Phone Call,2026-03-17T06:45:11.000,2026-03-17T07:31:47.000,2111 W Lexington ST,Demo City,Illinois,60612,2111,W,Lexington,ST,,,28,28,7,K024,2,12,1225,46,6,3,3,1162234.4668753312,1896560.9616219066,41.87183400094,-87.679845000002,"{""latitude"":""41.87183400094"",""longitude"":""-87.679845000002"",""human_address"":""{\""address\"": \""\"", \""city\"": \""\"", \""state\"": \""\"", \""zip\"": \""\""}""}"
SR26-00475346,311 INFORMATION ONLY CALL,311IOC,311 City Services,311 City Services,Completed,Phone Call,2026-03-17T06:44:59.000,2026-03-17T07:32:07.000,2111 W Lexington ST,Demo City,Illinois,60612,2111,W,Lexington,ST,,,28,28,7,K024,2,12,1225,46,6,3,3,1162234.4668753312,1896560.9616219066,41.87183400094,-87.679845000002,"{""latitude"":""41.87183400094"",""longitude"":""-87.679845000002"",""human_address"":""{\""address\"": \""\"", \""city\"": \""\"", \""state\"": \""\"", \""zip\"": \""\""}""}"
SR26-00475345,311 INFORMATION ONLY CALL,311IOC,311 City Services,311 City Services,Completed,Phone Call,2026-03-17T06:44:57.000,2026-03-17T07:32:07.000,2111 W Lexington ST,Demo City,Illinois,60612,2111,W,Lexington,ST,,,28,28,7,K024,2,12,1225,46,6,3,3,1162234.4668753312,1896560.9616219066,41.87183400094,-87.679845000002,"{""latitude"":""41.87183400094"",""longitude"":""-87.679845000002"",""human_address"":""{\""address\"": \""\"", \""city\"": \""\"", \""state\"": \""\"", \""zip\"": \""\""}""}"
SR26-00475343,Street Light Out Complaint,SFD,,CDOT - Department of Transportation,Open,Internet,2026-03-17T06:44:46.000,2026-03-17T06:44:55.000,2629 S SAWYER AVE,Demo City,Illinois,60623,2629,S,SAWYER,AVE,,,30,25,8,H028,3,10,1032,15,6,3,3,1155197.3126774197,1886229.711499408,41.84362800094,-87.705958500002,"{""latitude"":""41.84362800094"",""longitude"":""-87.705958500002"",""human_address"":""{\""address\"": \""\"", \""city\"": \""\"", \""state\"": \""\"", \""zip\"": \""\""}""}"
SR26-00475342,Aircraft Noise Complaint,AVN,,Aviation,Completed,Internet,2026-03-17T06:44:12.000,2026-03-17T07:32:07.000,10510 W ZEMKE RD,Demo City,Illinois,60666,10510,W,ZEMKE,RD,,,76,41,,,5,16,1654,27,6,3,3,1105376.7673561182,1941043.7883293368,41.994900000941,-87.887749500002,"{""latitude"":""41.994900000941"",""longitude"":""-87.887749500002"",""human_address"":""{\""address\"": \""\"", \""city\"": \""\"", \""state\"": \""\"", \""zip\"": \""\""}""}"
SR26-00475341,Aircraft Noise Complaint,AVN,,Aviation,Completed,Internet,2026-03-17T06:44:12.000,2026-03-17T07:32:07.000,10510 W ZEMKE RD,Demo City,Illinois,60666,10510,W,ZEMKE,RD,,,76,41,,,5,16,1654,27,6,3,3,1105376.7673561182,1941043.7883293368,41.994900000941,-87.887749500002,"{""latitude"":""41.994900000941"",""longitude"":""-87.887749500002"",""human_address"":""{\""address\"": \""\"", \""city\"": \""\"", \""state\"": \""\"", \""zip\"": \""\""}""}"
SR26-00475340,311 INFORMATION ONLY CALL,311IOC,311 City Services,311 City Services,Completed,Phone Call,2026-03-17T06:44:11.000,2026-03-17T07:31:47.000,2111 W Lexington ST,Demo City,Illinois,60612,2111,W,Lexington,ST,,,28,28,7,K024,2,12,1225,46,6,3,3,1162234.4668753312,1896560.9616219066,41.87183400094,-87.679845000002,"{""latitude"":""41.87183400094"",""longitude"":""-87.679845000002"",""human_address"":""{\""address\"": \""\"", \""city\"": \""\"", \""state\"": \""\"", \""zip\"": \""\""}""}"
SR26-00475339,Missed Garbage Pick-Up Complaint,SCC,,Streets and Sanitation,Completed,Internet,2026-03-17T06:43:39.000,2026-03-17T07:26:01.000,4057 N PLAINFIELD AVE,Demo City,Illinois,60634,4057,N,PLAINFIELD,AVE,,,17,38,3,V112,1,16,1614,28,6,3,3,1120090.629460947,1926139.8496200903,41.953779000941,-87.833943000002,"{""latitude"":""41.953779000941"",""longitude"":""-87.833943000002"",""human_address"":""{\""address\"": \""\"", \""city\"": \""\"", \""state\"": \""\"", \""zip\"": \""\""}""}"
SR26-00475338,311 INFORMATION ONLY CALL,311IOC,311 City Services,311 City Services,Completed,Phone Call,2026-03-17T06:43:15.000,2026-03-17T07:32:07.000,2111 W Lexington ST,Demo City,Illinois,60612,2111,W,Lexington,ST,,,66,18,11,J039,3,08,0835,33,6,3,3,1161095.875683291,1855276.8111276177,41.75856900094,-87.685168500002,"{""latitude"":""41.75856900094"",""longitude"":""-87.685168500002"",""human_address"":""{\""address\"": \""\"", \""city\"": \""\"", \""state\"": \""\"", \""zip\"": \""\""}""}"
SR26-00475335,Aircraft Noise Complaint,AVN,,Aviation,Completed,Internet,2026-03-17T06:42:22.000,2026-03-17T07:31:47.000,10510 W ZEMKE RD,Demo City,Illinois,60666,10510,W,ZEMKE,RD,,,76,41,,,5,16,1654,27,6,3,3,1105376.7673561182,1941043.7883293368,41.994900000941,-87.887749500002,"{""latitude"":""41.994900000941"",""longitude"":""-87.887749500002"",""human_address"":""{\""address\"": \""\"", \""city\"": \""\"", \""state\"": \""\"", \""zip\"": \""\""}""}"
SR26-00475334,311 INFORMATION ONLY CALL,311IOC,311 City Services,311 City Services,Completed,Phone Call,2026-03-17T06:42:18.000,2026-03-17T07:31:47.000,2111 W Lexington ST,Demo City,Illinois,60612,2111,W,Lexington,ST,,,70,18,10,H040,3,08,0835,31,6,3,3,1154730.1894356937,1853491.477108968,41.75379900094,-87.708546000002,"{""latitude"":""41.75379900094"",""longitude"":""-87.708546000002"",""human_address"":""{\""address\"": \""\"", \""city\"": \""\"", \""state\"": \""\"", \""zip\"": \""\""}""}"
SR26-00475333,Pothole in Street Complaint,PHF,,CDOT - Department of Transportation,Open,Internet,2026-03-17T06:42:14.000,2026-03-17T06:42:17.000,50 N WESTERN AVE,Demo City,Illinois,60612,50,N,WESTERN,AVE,,,28,27,7,J022,2,12,1222,17,6,3,3,1160304.9423464735,1900505.0371385934,41.88269700094,-87.686820000002,"{""latitude"":""41.88269700094"",""longitude"":""-87.686820000002"",""human_address"":""{\""address\"": \""\"", \""city\"": \""\"", \""state\"": \""\"", \""zip\"": \""\""}""}"
SR26-00475332,311 INFORMATION ONLY CALL,311IOC,311 City Services,311 City Services,Completed,Phone Call,2026-03-17T06:41:31.000,2026-03-17T07:31:47.000,2111 W Lexington ST,Demo City,Illinois,60612,2111,W,Lexington,ST,,,27,24,6,G024,3,11,1133,4,6,3,3,1151562.767844241,1896688.7766944845,41.87240100094,-87.719022000002,"{""latitude"":""41.87240100094"",""longitude"":""-87.719022000002"",""human_address"":""{\""address\"": \""\"", \""city\"": \""\"", \""state\"": \""\"", \""zip\"": \""\""}""}"
SR26-00475331,Aircraft Noise Complaint,AVN,,Aviation,Completed,Internet,2026-03-17T06:40:38.000,2026-03-17T07:31:47.000,10510 W ZEMKE RD,Demo City,Illinois,60666,10510,W,ZEMKE,RD,,,76,41,,,5,16,1654,27,6,3,3,1105376.7673561182,1941043.7883293368,41.994900000941,-87.887749500002,"{""latitude"":""41.994900000941"",""longitude"":""-87.887749500002"",""human_address"":""{\""address\"": \""\"", \""city\"": \""\"", \""state\"": \""\"", \""zip\"": \""\""}""}"
SR26-00475330,Aircraft Noise Complaint,AVN,,Aviation,Completed,Internet,2026-03-17T06:40:37.000,2026-03-17T07:32:07.000,10510 W ZEMKE RD,Demo City,Illinois,60666,10510,W,ZEMKE,RD,,,76,41,,,5,16,1654,27,6,3,3,1105376.7673561182,1941043.7883293368,41.994900000941,-87.887749500002,"{""latitude"":""41.994900000941"",""longitude"":""-87.887749500002"",""human_address"":""{\""address\"": \""\"", \""city\"": \""\"", \""state\"": \""\"", \""zip\"": \""\""}""}"
SR26-00475329,Aircraft Noise Complaint,AVN,,Aviation,Completed,Internet,2026-03-17T06:39:51.000,2026-03-17T07:32:07.000,10510 W ZEMKE RD,Demo City,Illinois,60666,10510,W,ZEMKE,RD,,,76,41,,,5,16,1654,27,6,3,3,1105376.7673561182,1941043.7883293368,41.994900000941,-87.887749500002,"{""latitude"":""41.994900000941"",""longitude"":""-87.887749500002"",""human_address"":""{\""address\"": \""\"", \""city\"": \""\"", \""state\"": \""\"", \""zip\"": \""\""}""}"
SR26-00475328,311 INFORMATION ONLY CALL,311IOC,311 City Services,311 City Services,Completed,Phone Call,2026-03-17T06:39:30.000,2026-03-17T07:31:47.000,2111 W Lexington ST,Demo City,Illinois,60612,2111,W,Lexington,ST,,,28,28,7,K024,2,12,1225,46,6,3,3,1162234.4668753312,1896560.9616219066,41.87183400094,-87.679845000002,"{""latitude"":""41.87183400094"",""longitude"":""-87.679845000002"",""human_address"":""{\""address\"": \""\"", \""city\"": \""\"", \""state\"": \""\"", \""zip\"": \""\""}""}"
SR26-00475326,Aircraft Noise Complaint,AVN,,Aviation,Completed,Internet,2026-03-17T06:38:59.000,2026-03-17T07:32:07.000,10510 W ZEMKE RD,Demo City,Illinois,60666,10510,W,ZEMKE,RD,,,76,41,,,5,16,1654,27,6,3,3,1105376.7673561182,1941043.7883293368,41.994900000941,-87.887749500002,"{""latitude"":""41.994900000941"",""longitude"":""-87.887749500002"",""human_address"":""{\""address\"": \""\"", \""city\"": \""\"", \""state\"": \""\"", \""zip\"": \""\""}""}"
SR26-00475325,Aircraft Noise Complaint,AVN,,Aviation,Completed,Internet,2026-03-17T06:38:46.000,2026-03-17T07:31:47.000,10510 W ZEMKE RD,Demo City,Illinois,60666,10510,W,ZEMKE,RD,,,76,41,,,5,16,1654,27,6,3,3,1105376.7673561182,1941043.7883293368,41.994900000941,-87.887749500002,"{""latitude"":""41.994900000941"",""longitude"":""-87.887749500002"",""human_address"":""{\""address\"": \""\"", \""city\"": \""\"", \""state\"": \""\"", \""zip\"": \""\""}""}"
SR26-00475324,Aircraft Noise Complaint,AVN,,Aviation,Completed,Internet,2026-03-17T06:38:10.000,2026-03-17T07:32:07.000,10510 W ZEMKE RD,Demo City,Illinois,60666,10510,W,ZEMKE,RD,,,76,41,,,5,16,1654,27,6,3,3,1105376.7673561182,1941043.7883293368,41.994900000941,-87.887749500002,"{""latitude"":""41.994900000941"",""longitude"":""-87.887749500002"",""human_address"":""{\""address\"": \""\"", \""city\"": \""\"", \""state\"": \""\"", \""zip\"": \""\""}""}"
SR26-00475323,Aircraft Noise Complaint,AVN,,Aviation,Completed,Internet,2026-03-17T06:37:49.000,2026-03-17T07:31:47.000,10510 W ZEMKE RD,Demo City,Illinois,60666,10510,W,ZEMKE,RD,,,76,41,,,5,16,1654,27,6,3,3,1105376.7673561182,1941043.7883293368,41.994900000941,-87.887749500002,"{""latitude"":""41.994900000941"",""longitude"":""-87.887749500002"",""human_address"":""{\""address\"": \""\"", \""city\"": \""\"", \""state\"": \""\"", \""zip\"": \""\""}""}"
SR26-00475322,Abandoned Vehicle Complaint,SKA,,Streets and Sanitation,Completed,SPOTCSR,2026-03-17T06:37:48.000,2026-03-17T07:31:47.000,6743 S DAMEN AVE,CHICAGO,IL,60636,6743,S,DAMEN,AVE,,,67,16,11,L038,2,07,0726,16,6,3,3,1164263.6807227018,1859764.5872608472,41.77081800094,-87.673432500002,"{""latitude"":""41.77081800094"",""longitude"":""-87.673432500002"",""human_address"":""{\""address\"": \""\"", \""city\"": \""\"", \""state\"": \""\"", \""zip\"": \""\""}""}"
SR26-00475321,311 INFORMATION ONLY CALL,311IOC,311 City Services,311 City Services,Completed,Phone Call,2026-03-17T06:37:30.000,2026-03-17T07:32:07.000,2111 W Lexington ST,Demo City,Illinois,60612,2111,W,Lexington,ST,,,28,28,7,K024,2,12,1225,46,6,3,3,1162234.4668753312,1896560.9616219066,41.87183400094,-87.679845000002,"{""latitude"":""41.87183400094"",""longitude"":""-87.679845000002"",""human_address"":""{\""address\"": \""\"", \""city\"": \""\"", \""state\"": \""\"", \""zip\"": \""\""}""}"
SR26-00475320,311 INFORMATION ONLY CALL,311IOC,311 City Services,311 City Services,Completed,Phone Call,2026-03-17T06:37:21.000,2026-03-17T07:32:07.000,2111 W Lexington ST,Demo City,Illinois,60612,2111,W,Lexington,ST,,,25,37,6,C018,3,25,2532,6,6,3,3,1140410.6768878864,1910589.8602393495,41.910759000941,-87.759625500002,"{""latitude"":""41.910759000941"",""longitude"":""-87.759625500002"",""human_address"":""{\""address\"": \""\"", \""city\"": \""\"", \""state\"": \""\"", \""zip\"": \""\""}""}"
SR26-00475319,Aircraft Noise Complaint,AVN,,Aviation,Completed,Internet,2026-03-17T06:36:54.000,2026-03-17T07:31:47.000,10510 W ZEMKE RD,Demo City,Illinois,60666,10510,W,ZEMKE,RD,,,76,41,,,5,16,1654,27,6,3,3,1105376.7673561182,1941043.7883293368,41.994900000941,-87.887749500002,"{""latitude"":""41.994900000941"",""longitude"":""-87.887749500002"",""human_address"":""{\""address\"": \""\"", \""city\"": \""\"", \""state\"": \""\"", \""zip\"": \""\""}""}"
SR26-00475318,Abandoned Vehicle Complaint,SKA,,Streets and Sanitation,Open,SPOTCSR,2026-03-17T06:36:48.000,2026-03-17T07:31:47.000,6741 S DAMEN AVE,CHICAGO,IL,60636,6741,S,DAMEN,AVE,,,67,16,11,L038,2,07,0726,16,6,3,3,1164214.1764426576,1859771.3329619388,41.770837554231,-87.673613774994,"{""latitude"":""41.770837554231"",""longitude"":""-87.673613774994"",""human_address"":""{\""address\"": \""\"", \""city\"": \""\"", \""state\"": \""\"", \""zip\"": \""\""}""}"
SR26-00475317,Aircraft Noise Complaint,AVN,,Aviation,Completed,Internet,2026-03-17T06:36:38.000,2026-03-17T07:32:07.000,10510 W ZEMKE RD,Demo City,Illinois,60666,10510,W,ZEMKE,RD,,,76,41,,,5,16,1654,27,6,3,3,1105376.7673561182,1941043.7883293368,41.994900000941,-87.887749500002,"{""latitude"":""41.994900000941"",""longitude"":""-87.887749500002"",""human_address"":""{\""address\"": \""\"", \""city\"": \""\"", \""state\"": \""\"", \""zip\"": \""\""}""}"
SR26-00475316,Aircraft Noise Complaint,AVN,,Aviation,Completed,Internet,2026-03-17T06:35:35.000,2026-03-17T07:31:47.000,10510 W ZEMKE RD,Demo City,Illinois,60666,10510,W,ZEMKE,RD,,,76,41,,,5,16,1654,27,6,3,3,1105376.7673561182,1941043.7883293368,41.994900000941,-87.887749500002,"{""latitude"":""41.994900000941"",""longitude"":""-87.887749500002"",""human_address"":""{\""address\"": \""\"", \""city\"": \""\"", \""state\"": \""\"", \""zip\"": \""\""}""}"
SR26-00475315,Aircraft Noise Complaint,AVN,,Aviation,Completed,Internet,2026-03-17T06:34:40.000,2026-03-17T07:31:47.000,10510 W ZEMKE RD,Demo City,Illinois,60666,10510,W,ZEMKE,RD,,,76,41,,,5,16,1654,27,6,3,3,1105376.7673561182,1941043.7883293368,41.994900000941,-87.887749500002,"{""latitude"":""41.994900000941"",""longitude"":""-87.887749500002"",""human_address"":""{\""address\"": \""\"", \""city\"": \""\"", \""state\"": \""\"", \""zip\"": \""\""}""}"
SR26-00475314,Pothole in Street Complaint,PHF,,CDOT - Department of Transportation,Open,Mobile Device,2026-03-17T06:34:08.000,2026-03-17T07:00:09.000,8300 S VINCENNES AVE,,,,8300,S,VINCENNES,AVE,1,,71,21,14,O042,2,06,0622,2,6,3,3,1174391.095324138,1849887.3526055957,41.743494435733,-87.63660251512,"{""latitude"":""41.743494435733"",""longitude"":""-87.63660251512"",""human_address"":""{\""address\"": \""\"", \""city\"": \""\"", \""state\"": \""\"", \""zip\"": \""\""}""}"
SR26-00475313,311 INFORMATION ONLY CALL,311IOC,311 City Services,311 City Services,Completed,Phone Call,2026-03-17T06:34:01.000,2026-03-17T07:32:07.000,2111 W Lexington ST,Demo City,Illinois,60612,2111,W,Lexington,ST,,,28,28,7,K024,2,12,1225,46,6,3,3,1162234.4668753312,1896560.9616219066,41.87183400094,-87.679845000002,"{""latitude"":""41.87183400094"",""longitude"":""-87.679845000002"",""human_address"":""{\""address\"": \""\"", \""city\"": \""\"", \""state\"": \""\"", \""zip\"": \""\""}""}"
SR26-00475312,311 INFORMATION ONLY CALL,311IOC,311 City Services,311 City Services,Completed,Phone Call,2026-03-17T06:33:48.000,2026-03-17T07:31:47.000,2111 W Lexington ST,Demo City,Illinois,60612,2111,W,Lexington,ST,,,28,28,7,K024,2,12,1225,46,6,3,3,1162234.4668753312,1896560.9616219066,41.87183400094,-87.679845000002,"{""latitude"":""41.87183400094"",""longitude"":""-87.679845000002"",""human_address"":""{\""address\"": \""\"", \""city\"": \""\"", \""state\"": \""\"", \""zip\"": \""\""}""}"
SR26-00475311,Aircraft Noise Complaint,AVN,,Aviation,Completed,Internet,2026-03-17T06:33:48.000,2026-03-17T07:31:47.000,10510 W ZEMKE RD,Demo City,Illinois,60666,10510,W,ZEMKE,RD,,,76,41,,,5,16,1654,27,6,3,3,1105376.7673561182,1941043.7883293368,41.994900000941,-87.887749500002,"{""latitude"":""41.994900000941"",""longitude"":""-87.887749500002"",""human_address"":""{\""address\"": \""\"", \""city\"": \""\"", \""state\"": \""\"", \""zip\"": \""\""}""}"
SR26-00475310,Tree Removal Inspection,SEE,Streets and Sanitation,Streets and Sanitation,Open,Phone Call,2026-03-17T06:32:55.000,2026-03-17T06:32:57.000,4524 N MOZART ST,Demo City,Illinois,60625,4524,N,MOZART,ST,,,14,33,2,I011,2,17,1724,8,6,3,3,1156477.7492162662,1930047.1080901988,41.963841000941,-87.700072500002,"{""latitude"":""41.963841000941"",""longitude"":""-87.700072500002"",""human_address"":""{\""address\"": \""\"", \""city\"": \""\"", \""state\"": \""\"", \""zip\"": \""\""}""}"
SR26-00475309,Graffiti Removal Request,GRAF,Streets and Sanitation,Streets and Sanitation,Completed,Salesforce Mobile App,2026-03-17T06:32:51.000,2026-03-17T09:33:49.000,1318 W CERMAK,Demo City,Illinois,60608,1318,W,CERMAK,,,,31,25,7,M026,3,12,1235,2,6,3,3,1167793.4289781847,1889631.126863802,41.85270000094,-87.659635500002,"{""latitude"":""41.85270000094"",""longitude"":""-87.659635500002"",""human_address"":""{\""address\"": \""\"", \""city\"": \""\"", \""state\"": \""\"", \""zip\"": \""\""}""}"
SR26-00475307,Aircraft Noise Complaint,AVN,,Aviation,Completed,Internet,2026-03-17T06:32:28.000,2026-03-17T07:31:47.000,10510 W ZEMKE RD,Demo City,Illinois,60666,10510,W,ZEMKE,RD,,,76,41,,,5,16,1654,27,6,3,3,1105376.7673561182,1941043.7883293368,41.994900000941,-87.887749500002,"{""latitude"":""41.994900000941"",""longitude"":""-87.887749500002"",""human_address"":""{\""address\"": \""\"", \""city\"": \""\"", \""state\"": \""\"", \""zip\"": \""\""}""}"
SR26-00475306,311 INFORMATION ONLY CALL,311IOC,311 City Services,311 City Services,Completed,Phone Call,2026-03-17T06:31:56.000,2026-03-17T07:31:47.000,2111 W Lexington ST,Demo City,Illinois,60612,2111,W,Lexington,ST,,,28,28,7,K024,2,12,1225,46,6,3,3,1162234.4668753312,1896560.9616219066,41.87183400094,-87.679845000002,"{""latitude"":""41.87183400094"",""longitude"":""-87.679845000002"",""human_address"":""{\""address\"": \""\"", \""city\"": \""\"", \""state\"": \""\"", \""zip\"": \""\""}""}"
SR26-00475305,311 INFORMATION ONLY CALL,311IOC,311 City Services,311 City Services,Completed,Phone Call,2026-03-17T06:31:30.000,2026-03-17T07:31:47.000,2111 W Lexington ST,Demo City,Illinois,60612,2111,W,Lexington,ST,,,28,28,7,K024,2,12,1225,46,6,3,3,1162234.4668753312,1896560.9616219066,41.87183400094,-87.679845000002,"{""latitude"":""41.87183400094"",""longitude"":""-87.679845000002"",""human_address"":""{\""address\"": \""\"", \""city\"": \""\"", \""state\"": \""\"", \""zip\"": \""\""}""}"
SR26-00475304,311 INFORMATION ONLY CALL,311IOC,311 City Services,311 City Services,Completed,Phone Call,2026-03-17T06:31:03.000,2026-03-17T07:31:47.000,2111 W Lexington ST,Demo City,Illinois,60612,2111,W,Lexington,ST,,,28,28,7,K024,2,12,1225,46,6,3,3,1162234.4668753312,1896560.9616219066,41.87183400094,-87.679845000002,"{""latitude"":""41.87183400094"",""longitude"":""-87.679845000002"",""human_address"":""{\""address\"": \""\"", \""city\"": \""\"", \""state\"": \""\"", \""zip\"": \""\""}""}"
SR26-00475303,Aircraft Noise Complaint,AVN,,Aviation,Completed,Internet,2026-03-17T06:30:35.000,2026-03-17T07:31:47.000,10510 W ZEMKE RD,Demo City,Illinois,60666,10510,W,ZEMKE,RD,,,76,41,,,5,16,1654,27,6,3,3,1105376.7673561182,1941043.7883293368,41.994900000941,-87.887749500002,"{""latitude"":""41.994900000941"",""longitude"":""-87.887749500002"",""human_address"":""{\""address\"": \""\"", \""city\"": \""\"", \""state\"": \""\"", \""zip\"": \""\""}""}"
SR26-00475302,311 INFORMATION ONLY CALL,311IOC,311 City Services,311 City Services,Completed,Phone Call,2026-03-17T06:30:04.000,2026-03-17T07:31:47.000,2111 W Lexington ST,Demo City,Illinois,60612,2111,W,Lexington,ST,,,28,28,7,K024,2,12,1225,46,6,3,3,1162234.4668753312,1896560.9616219066,41.87183400094,-87.679845000002,"{""latitude"":""41.87183400094"",""longitude"":""-87.679845000002"",""human_address"":""{\""address\"": \""\"", \""city\"": \""\"", \""state\"": \""\"", \""zip\"": \""\""}""}"
SR26-00475301,Rodent Baiting/Rat Complaint,SGA,,Streets and Sanitation,Open,Internet,2026-03-17T06:30:01.000,2026-03-17T06:30:03.000,5033 N MCVICKER AVE,Demo City,Illinois,60630,5033,N,MCVICKER,AVE,,,11,45,1,A010,2,16,1622,22,6,3,3,1134920.6068820213,1933325.117159701,41.973246000941,-87.779254500002,"{""latitude"":""41.973246000941"",""longitude"":""-87.779254500002"",""human_address"":""{\""address\"": \""\"", \""city\"": \""\"", \""state\"": \""\"", \""zip\"": \""\""}""}"
SR26-00475300,311 INFORMATION ONLY CALL,311IOC,311 City Services,311 City Services,Completed,Phone Call,2026-03-17T06:29:28.000,2026-03-17T06:31:37.000,2111 W Lexington ST,Demo City,Illinois,60612,2111,W,Lexington,ST,,,28,28,7,K024,2,12,1225,46,6,3,3,1162234.4668753312,1896560.9616219066,41.87183400094,-87.679845000002,"{""latitude"":""41.87183400094"",""longitude"":""-87.679845000002"",""human_address"":""{\""address\"": \""\"", \""city\"": \""\"", \""state\"": \""\"", \""zip\"": \""\""}""}"
SR26-00475299,Coyote Interaction Complaint,CIAC,311 City Services,Animal Care and Control,Open,Phone Call,2026-03-17T06:29:01.000,2026-03-17T06:29:02.000,735 E 69TH PL,Demo City,Illinois,60637,735,E,69TH,PL,,,42,6,12,R038,2,03,0321,7,6,3,3,1182258.6700606777,1858991.2250013973,41.76829800094,-87.607494000002,"{""latitude"":""41.76829800094"",""longitude"":""-87.607494000002"",""human_address"":""{\""address\"": \""\"", \""city\"": \""\"", \""state\"": \""\"", \""zip\"": \""\""}""}"
SR26-00475298,Tree Removal Inspection,SEE,Streets and Sanitation,Streets and Sanitation,Open,Phone Call,2026-03-17T06:28:18.000,2026-03-17T06:28:20.000,4727 N AVERS AVE,Demo City,Illinois,60625,4727,N,AVERS,AVE,,,14,33,1,G011,2,17,1723,30,6,3,3,1149943.2110893424,1931255.8931125125,41.967288000941,-87.724066500002,"{""latitude"":""41.967288000941"",""longitude"":""-87.724066500002"",""human_address"":""{\""address\"": \""\"", \""city\"": \""\"", \""state\"": \""\"", \""zip\"": \""\""}""}"
SR26-00475294,Street Light Out Complaint,SFD,CDOT - Department of Transportation,CDOT - Department of Transportation,Completed,Phone Call,2026-03-17T06:26:58.000,2026-03-17T06:27:43.000,6445 S MOZART ST,Demo City,Illinois,60629,6445,S,MOZART,ST,,,66,15,11,I037,2,08,0823,16,6,3,3,1158513.4731361002,1861584.609602579,41.775931545901,-87.694461170346,"{""latitude"":""41.775931545901"",""longitude"":""-87.694461170346"",""human_address"":""{\""address\"": \""\"", \""city\"": \""\"", \""state\"": \""\"", \""zip\"": \""\""}""}"
SR26-00475293,Aircraft Noise Complaint,AVN,,Aviation,Completed,Internet,2026-03-17T06:25:59.000,2026-03-17T06:31:43.000,10510 W ZEMKE RD,Demo City,Illinois,60666,10510,W,ZEMKE,RD,,,76,41,,,5,16,1654,27,6,3,3,1105376.7673561182,1941043.7883293368,41.994900000941,-87.887749500002,"{""latitude"":""41.994900000941"",""longitude"":""-87.887749500002"",""human_address"":""{\""address\"": \""\"", \""city\"": \""\"", \""state\"": \""\"", \""zip\"": \""\""}""}"
SR26-00475292,Aircraft Noise Complaint,AVN,,Aviation,Completed,Internet,2026-03-17T06:25:46.000,2026-03-17T06:31:43.000,10510 W ZEMKE RD,Demo City,Illinois,60666,10510,W,ZEMKE,RD,,,76,41,,,5,16,1654,27,6,3,3,1105376.7673561182,1941043.7883293368,41.994900000941,-87.887749500002,"{""latitude"":""41.994900000941"",""longitude"":""-87.887749500002"",""human_address"":""{\""address\"": \""\"", \""city\"": \""\"", \""state\"": \""\"", \""zip\"": \""\""}""}"
SR26-00475291,Sanitation Code Violation,SCB,,Streets and Sanitation,Open,Internet,2026-03-17T06:25:38.000,2026-03-17T07:00:08.000,1512 N LA SALLE ST,Demo City,Illinois,60610,1512,N,LA SALLE,ST,,,8,2,5,P019,2,18,1821,12,6,3,3,1174722.5801902344,1910450.9979189462,41.909679000941,-87.633580500002,"{""latitude"":""41.909679000941"",""longitude"":""-87.633580500002"",""human_address"":""{\""address\"": \""\"", \""city\"": \""\"", \""state\"": \""\"", \""zip\"": \""\""}""}"
SR26-00475290,311 INFORMATION ONLY CALL,311IOC,311 City Services,311 City Services,Completed,Phone Call,2026-03-17T06:24:55.000,2026-03-17T06:31:43.000,2111 W Lexington ST,Demo City,Illinois,60612,2111,W,Lexington,ST,,,28,28,7,K024,2,12,1225,46,6,3,3,1162234.4668753312,1896560.9616219066,41.87183400094,-87.679845000002,"{""latitude"":""41.87183400094"",""longitude"":""-87.679845000002"",""human_address"":""{\""address\"": \""\"", \""city\"": \""\"", \""state\"": \""\"", \""zip\"": \""\""}""}"
SR26-00475289,Tree Removal Inspection,SEE,Streets and Sanitation,Streets and Sanitation,Open,Phone Call,2026-03-17T06:24:47.000,2026-03-17T06:24:49.000,5749 N OKETO AVE,Demo City,Illinois,60631,5749,N,OKETO,AVE,,,10,41,1,X108,1,16,1612,43,6,3,3,1126103.6156122866,1937556.4042695872,41.985009000941,-87.811582500002,"{""latitude"":""41.985009000941"",""longitude"":""-87.811582500002"",""human_address"":""{\""address\"": \""\"", \""city\"": \""\"", \""state\"": \""\"", \""zip\"": \""\""}""}"
SR26-00475284,Street Light Out Complaint,SFD,CDOT - Department of Transportation,CDOT - Department of Transportation,Completed,Phone Call,2026-03-17T06:24:23.000,2026-03-17T06:26:36.000,6445 N MOZART ST,Demo City,Illinois,60645,6445,N,MOZART,ST,,,2,50,2,I006,1,24,2412,22,6,3,3,1156176.9906081827,1942822.4829033345,41.998903365846,-87.700831448353,"{""latitude"":""41.998903365846"",""longitude"":""-87.700831448353"",""human_address"":""{\""address\"": \""\"", \""city\"": \""\"", \""state\"": \""\"", \""zip\"": \""\""}""}"
SR26-00475283,Street Light Out Complaint,SFD,311 City Services,CDOT - Department of Transportation,Open,Phone Call,2026-03-17T06:23:55.000,2026-03-17T06:24:08.000,2700 N LAWNDALE AVE,Demo City,Illinois,60647,2700,N,LAWNDALE,AVE,,,22,35,3,G016,2,25,2524,15,6,3,3,1151186.6657451277,1917745.462111217,41.930190000941,-87.719850000002,"{""latitude"":""41.930190000941"",""longitude"":""-87.719850000002"",""human_address"":""{\""address\"": \""\"", \""city\"": \""\"", \""state\"": \""\"", \""zip\"": \""\""}""}"
SR26-00475282,Street Light Out Complaint,SFD,CDOT - Department of Transportation,CDOT - Department of Transportation,Open,Phone Call,2026-03-17T06:22:58.000,2026-03-17T06:23:16.000,3422 W MANN DR,Demo City,Illinois,60629,3422,W,MANN,DR,,,66,17,10,H038,3,08,0831,1,6,3,3,1154636.960326616,1859560.2737077991,41.770454604174,-87.708726167639,"{""latitude"":""41.770454604174"",""longitude"":""-87.708726167639"",""human_address"":""{\""address\"": \""\"", \""city\"": \""\"", \""state\"": \""\"", \""zip\"": \""\""}""}"
SR26-00475281,Aircraft Noise Complaint,AVN,,Aviation,Completed,Internet,2026-03-17T06:22:44.000,2026-03-17T06:31:37.000,10510 W ZEMKE RD,Demo City,Illinois,60666,10510,W,ZEMKE,RD,,,76,41,,,5,16,1654,27,6,3,3,1105376.7673561182,1941043.7883293368,41.994900000941,-87.887749500002,"{""latitude"":""41.994900000941"",""longitude"":""-87.887749500002"",""human_address"":""{\""address\"": \""\"", \""city\"": \""\"", \""state\"": \""\"", \""zip\"": \""\""}""}"
SR26-00475280,Pothole in Street Complaint,PHF,,CDOT - Department of Transportation,Open,Mobile Device,2026-03-17T06:22:33.000,2026-03-17T06:22:35.000,7759 S ASHLAND AVE,,,,7759,S,ASHLAND,AVE,,,71,17,11,M040,1,06,0612,26,6,3,3,1167144.4842989084,1853043.7590070476,41.75231400094,-87.663064500002,"{""latitude"":""41.75231400094"",""longitude"":""-87.663064500002"",""human_address"":""{\""address\"": \""\"", \""city\"": \""\"", \""state\"": \""\"", \""zip\"": \""\""}""}"
SR26-00475279,311 INFORMATION ONLY CALL,311IOC,311 City Services,311 City Services,Completed,Phone Call,2026-03-17T06:22:21.000,2026-03-17T06:31:43.000,2111 W Lexington ST,Demo City,Illinois,60612,2111,W,Lexington,ST,,,28,28,7,K024,2,12,1225,46,6,3,3,1162234.4668753312,1896560.9616219066,41.87183400094,-87.679845000002,"{""latitude"":""41.87183400094"",""longitude"":""-87.679845000002"",""human_address"":""{\""address\"": \""\"", \""city\"": \""\"", \""state\"": \""\"", \""zip\"": \""\""}""}"
SR26-00475278,311 INFORMATION ONLY CALL,311IOC,311 City Services,311 City Services,Completed,Phone Call,2026-03-17T06:22:19.000,2026-03-17T06:31:43.000,2111 W Lexington ST,Demo City,Illinois,60612,2111,W,Lexington,ST,,,28,28,7,K024,2,12,1225,46,6,3,3,1162234.4668753312,1896560.9616219066,41.87183400094,-87.679845000002,"{""latitude"":""41.87183400094"",""longitude"":""-87.679845000002"",""human_address"":""{\""address\"": \""\"", \""city\"": \""\"", \""state\"": \""\"", \""zip\"": \""\""}""}"
SR26-00475277,311 INFORMATION ONLY CALL,311IOC,311 City Services,311 City Services,Completed,Phone Call,2026-03-17T06:22:13.000,2026-03-17T06:31:43.000,2111 W Lexington ST,Demo City,Illinois,60612,2111,W,Lexington,ST,,,28,28,7,K024,2,12,1225,46,6,3,3,1162234.4668753312,1896560.9616219066,41.87183400094,-87.679845000002,"{""latitude"":""41.87183400094"",""longitude"":""-87.679845000002"",""human_address"":""{\""address\"": \""\"", \""city\"": \""\"", \""state\"": \""\"", \""zip\"": \""\""}""}"
SR26-00475276,Tree Removal Inspection,SEE,Streets and Sanitation,Streets and Sanitation,Open,Phone Call,2026-03-17T06:21:43.000,2026-03-17T06:21:46.000,6880 N LORON AVE,Demo City,Illinois,60646,6880,N,LORON,AVE,,,12,45,1,B005,2,16,1621,6,6,3,3,1137233.6671064915,1945022.7904930662,42.005304000941,-87.770466000002,"{""latitude"":""42.005304000941"",""longitude"":""-87.770466000002"",""human_address"":""{\""address\"": \""\"", \""city\"": \""\"", \""state\"": \""\"", \""zip\"": \""\""}""}"
SR26-00475275,311 INFORMATION ONLY CALL,311IOC,311 City Services,311 City Services,Completed,Phone Call,2026-03-17T06:21:40.000,2026-03-17T06:31:37.000,2111 W Lexington ST,Demo City,Illinois,60612,2111,W,Lexington,ST,,,28,28,7,K024,2,12,1225,46,6,3,3,1162234.4668753312,1896560.9616219066,41.87183400094,-87.679845000002,"{""latitude"":""41.87183400094"",""longitude"":""-87.679845000002"",""human_address"":""{\""address\"": \""\"", \""city\"": \""\"", \""state\"": \""\"", \""zip\"": \""\""}""}"
SR26-00475274,Pothole in Street Complaint,PHF,,CDOT - Department of Transportation,Open,Mobile Device,2026-03-17T06:21:04.000,2026-03-17T07:25:29.000,2310 S STATE ST,,,,2310,S,STATE,ST,1,,33,3,9,P027,3,01,0131,3,6,3,3,1176573.6190790674,1888993.2247126156,41.85075600094,-87.627429000002,"{""latitude"":""41.85075600094"",""longitude"":""-87.627429000002"",""human_address"":""{\""address\"": \""\"", \""city\"": \""\"", \""state\"": \""\"", \""zip\"": \""\""}""}"
SR26-00475273,311 INFORMATION ONLY CALL,311IOC,311 City Services,311 City Services,Completed,Phone Call,2026-03-17T06:20:32.000,2026-03-17T06:31:37.000,2111 W Lexington ST,Demo City,Illinois,60612,2111,W,Lexington,ST,,,28,28,7,K024,2,12,1225,46,6,3,3,1162234.4668753312,1896560.9616219066,41.87183400094,-87.679845000002,"{""latitude"":""41.87183400094"",""longitude"":""-87.679845000002"",""human_address"":""{\""address\"": \""\"", \""city\"": \""\"", \""state\"": \""\"", \""zip\"": \""\""}""}"
SR26-00475271,311 INFORMATION ONLY CALL,311IOC,311 City Services,311 City Services,Completed,Phone Call,2026-03-17T06:19:50.000,2026-03-17T06:31:43.000,2111 W Lexington ST,Demo City,Illinois,60612,2111,W,Lexington,ST,,,28,28,7,K024,2,12,1225,46,6,3,3,1162234.4668753312,1896560.9616219066,41.87183400094,-87.679845000002,"{""latitude"":""41.87183400094"",""longitude"":""-87.679845000002"",""human_address"":""{\""address\"": \""\"", \""city\"": \""\"", \""state\"": \""\"", \""zip\"": \""\""}""}"
SR26-00475270,Graffiti Removal Request,GRAF,Streets and Sanitation,Streets and Sanitation,Completed,Phone Call,2026-03-17T06:19:48.000,2026-03-17T09:16:43.000,3600 W 65TH ST,Demo City,Illinois,60629,3600,W,65TH,ST,,,65,23,10,G037,2,08,0823,11,6,3,3,1153418.4634275218,1861366.366135667,41.77543500094,-87.713145000002,"{""latitude"":""41.77543500094"",""longitude"":""-87.713145000002"",""human_address"":""{\""address\"": \""\"", \""city\"": \""\"", \""state\"": \""\"", \""zip\"": \""\""}""}"
SR26-00475269,311 INFORMATION ONLY CALL,311IOC,311 City Services,311 City Services,Completed,Phone Call,2026-03-17T06:19:06.000,2026-03-17T06:31:43.000,2111 W Lexington ST,Demo City,Illinois,60612,2111,W,Lexington,ST,,,28,28,7,K024,2,12,1225,46,6,3,3,1162234.4668753312,1896560.9616219066,41.87183400094,-87.679845000002,"{""latitude"":""41.87183400094"",""longitude"":""-87.679845000002"",""human_address"":""{\""address\"": \""\"", \""city\"": \""\"", \""state\"": \""\"", \""zip\"": \""\""}""}"
SR26-00475268,311 INFORMATION ONLY CALL,311IOC,311 City Services,311 City Services,Completed,Phone Call,2026-03-17T06:19:05.000,2026-03-17T06:31:43.000,2111 W Lexington ST,Demo City,Illinois,60612,2111,W,Lexington,ST,,,28,28,7,K024,2,12,1225,46,6,3,3,1162234.4668753312,1896560.9616219066,41.87183400094,-87.679845000002,"{""latitude"":""41.87183400094"",""longitude"":""-87.679845000002"",""human_address"":""{\""address\"": \""\"", \""city\"": \""\"", \""state\"": \""\"", \""zip\"": \""\""}""}"
SR26-00475267,Water On Street Complaint,AAE,Streets and Sanitation,DWM - Department of Water Management,Open,Phone Call,2026-03-17T06:18:14.000,2026-03-17T06:59:44.000,10330 S WALDEN PKWY,Demo City,Illinois,60643,10330,S,WALDEN,PKWY,,,72,19,13,L047,1,22,2212,36,6,3,3,1165519.728154869,1836025.9169656106,41.70564900094,-87.669499500002,"{""latitude"":""41.70564900094"",""longitude"":""-87.669499500002"",""human_address"":""{\""address\"": \""\"", \""city\"": \""\"", \""state\"": \""\"", \""zip\"": \""\""}""}"
SR26-00475266,311 INFORMATION ONLY CALL,311IOC,311 City Services,311 City Services,Completed,Phone Call,2026-03-17T06:18:05.000,2026-03-17T06:31:43.000,2111 W Lexington ST,Demo City,Illinois,60612,2111,W,Lexington,ST,,,28,28,7,K024,2,12,1225,46,6,3,3,1162234.4668753312,1896560.9616219066,41.87183400094,-87.679845000002,"{""latitude"":""41.87183400094"",""longitude"":""-87.679845000002"",""human_address"":""{\""address\"": \""\"", \""city\"": \""\"", \""state\"": \""\"", \""zip\"": \""\""}""}"
SR26-00475264,Aircraft Noise Complaint,AVN,,Aviation,Completed,Internet,2026-03-17T06:17:04.000,2026-03-17T06:31:37.000,10510 W ZEMKE RD,Demo City,Illinois,60666,10510,W,ZEMKE,RD,,,76,41,,,5,16,1654,27,6,3,3,1105376.7673561182,1941043.7883293368,41.994900000941,-87.887749500002,"{""latitude"":""41.994900000941"",""longitude"":""-87.887749500002"",""human_address"":""{\""address\"": \""\"", \""city\"": \""\"", \""state\"": \""\"", \""zip\"": \""\""}""}"
SR26-00475263,311 INFORMATION ONLY CALL,311IOC,311 City Services,311 City Services,Completed,Phone Call,2026-03-17T06:15:34.000,2026-03-17T06:31:43.000,2111 W Lexington ST,Demo City,Illinois,60612,2111,W,Lexington,ST,,,28,28,7,K024,2,12,1225,46,6,3,3,1162234.4668753312,1896560.9616219066,41.87183400094,-87.679845000002,"{""latitude"":""41.87183400094"",""longitude"":""-87.679845000002"",""human_address"":""{\""address\"": \""\"", \""city\"": \""\"", \""state\"": \""\"", \""zip\"": \""\""}""}"
SR26-00475261,Pothole in Street Complaint,PHF,,CDOT - Department of Transportation,Open,Internet,2026-03-17T06:15:14.000,2026-03-17T06:15:15.000,2800 W PETERSON AVE,Demo City,Illinois,60659,2800,W,PETERSON,AVE,,,2,50,2,I007,1,24,2413,26,6,3,3,1156500.8712687232,1939827.7071905453,41.990679000941,-87.699721500002,"{""latitude"":""41.990679000941"",""longitude"":""-87.699721500002"",""human_address"":""{\""address\"": \""\"", \""city\"": \""\"", \""state\"": \""\"", \""zip\"": \""\""}""}"
SR26-00475260,311 INFORMATION ONLY CALL,311IOC,311 City Services,311 City Services,Completed,Phone Call,2026-03-17T06:14:06.000,2026-03-17T06:31:43.000,2111 W Lexington ST,Demo City,Illinois,60612,2111,W,Lexington,ST,,,28,28,7,K024,2,12,1225,46,6,3,3,1162234.4668753312,1896560.9616219066,41.87183400094,-87.679845000002,"{""latitude"":""41.87183400094"",""longitude"":""-87.679845000002"",""human_address"":""{\""address\"": \""\"", \""city\"": \""\"", \""state\"": \""\"", \""zip\"": \""\""}""}"
SR26-00475259,Traffic Signal Out Complaint,SFB,,CDOT - Department of Transportation,Completed,Mobile Device,2026-03-17T06:13:58.000,2026-03-17T06:15:01.000,8300 S STONY ISLAND AVE,,,,8300,S,STONY ISLAND,AVE,,,45,8,15,T042,1,04,0412,37,6,3,3,1188149.2665593498,1850209.245105838,41.74406100094,-87.586182000002,"{""latitude"":""41.74406100094"",""longitude"":""-87.586182000002"",""human_address"":""{\""address\"": \""\"", \""city\"": \""\"", \""state\"": \""\"", \""zip\"": \""\""}""}"
SR26-00475258,311 INFORMATION ONLY CALL,311IOC,311 City Services,311 City Services,Completed,Phone Call,2026-03-17T06:13:28.000,2026-03-17T06:31:37.000,2111 W Lexington ST,Demo City,Illinois,60612,2111,W,Lexington,ST,,,28,28,7,K024,2,12,1225,46,6,3,3,1162234.4668753312,1896560.9616219066,41.87183400094,-87.679845000002,"{""latitude"":""41.87183400094"",""longitude"":""-87.679845000002"",""human_address"":""{\""address\"": \""\"", \""city\"": \""\"", \""state\"": \""\"", \""zip\"": \""\""}""}"
SR26-00475257,Pothole in Street Complaint,PHF,,CDOT - Department of Transportation,Open,Internet,2026-03-17T06:13:23.000,2026-03-17T06:13:23.000,4054 W PETERSON AVE,Demo City,Illinois,60646,4054,W,PETERSON,AVE,1,,13,39,1,F007,1,17,1711,26,6,3,3,1148032.4504667758,1939655.0793530596,41.990373000941,-87.730875000002,"{""latitude"":""41.990373000941"",""longitude"":""-87.730875000002"",""human_address"":""{\""address\"": \""\"", \""city\"": \""\"", \""state\"": \""\"", \""zip\"": \""\""}""}"
SR26-00475256,Aircraft Noise Complaint,AVN,,Aviation,Completed,Internet,2026-03-17T06:13:19.000,2026-03-17T06:31:37.000,10510 W ZEMKE RD,Demo City,Illinois,60666,10510,W,ZEMKE,RD,,,76,41,,,5,16,1654,27,6,3,3,1105376.7673561182,1941043.7883293368,41.994900000941,-87.887749500002,"{""latitude"":""41.994900000941"",""longitude"":""-87.887749500002"",""human_address"":""{\""address\"": \""\"", \""city\"": \""\"", \""state\"": \""\"", \""zip\"": \""\""}""}"
SR26-00475254,Traffic Signal Out Complaint,SFB,CDOT - Department of Transportation,CDOT - Department of Transportation,Open,Phone Call,2026-03-17T06:12:39.000,2026-03-17T06:12:44.000,1159 S CANAL ST,Demo City,Illinois,,1159,S,CANAL,ST,,,28,28,7,O025,2,01,0124,27,6,3,3,1173311.5311480511,1894981.334409941,41.867260781774,-87.639223735158,"{""latitude"":""41.867260781774"",""longitude"":""-87.639223735158"",""human_address"":""{\""address\"": \""\"", \""city\"": \""\"", \""state\"": \""\"", \""zip\"": \""\""}""}"
SR26-00475253,Finance Parking Code Enforcement Review,FPCE,,Finance,Completed,Internet,2026-03-17T06:12:35.000,2026-03-17T06:12:36.000,3507 N KEATING AVE,Demo City,Illinois,60641,3507,N,KEATING,AVE,,,15,30,3,E014,3,17,1731,27,6,3,3,1144354.9668205034,1923079.6853826984,41.944959000941,-87.744820500002,"{""latitude"":""41.944959000941"",""longitude"":""-87.744820500002"",""human_address"":""{\""address\"": \""\"", \""city\"": \""\"", \""state\"": \""\"", \""zip\"": \""\""}""}"
SR26-00475252,311 INFORMATION ONLY CALL,311IOC,311 City Services,311 City Services,Completed,Phone Call,2026-03-17T06:12:09.000,2026-03-17T06:31:37.000,2111 W Lexington ST,Demo City,Illinois,60612,2111,W,Lexington,ST,,,28,28,7,K024,2,12,1225,46,6,3,3,1162234.4668753312,1896560.9616219066,41.87183400094,-87.679845000002,"{""latitude"":""41.87183400094"",""longitude"":""-87.679845000002"",""human_address"":""{\""address\"": \""\"", \""city\"": \""\"", \""state\"": \""\"", \""zip\"": \""\""}""}"
SR26-00475251,Traffic Signal Out Complaint,SFB,CDOT - Department of Transportation,CDOT - Department of Transportation,Open,Phone Call,2026-03-17T06:11:28.000,2026-03-17T06:11:35.000,45 N OGDEN AVE,Demo City,Illinois,,45,N,OGDEN,AVE,,,28,27,7,M022,2,12,1224,2,6,3,3,1166334.4030419677,1900601.5393768593,41.882835032654,-87.664676930829,"{""latitude"":""41.882835032654"",""longitude"":""-87.664676930829"",""human_address"":""{\""address\"": \""\"", \""city\"": \""\"", \""state\"": \""\"", \""zip\"": \""\""}""}"
SR26-00475250,Pothole in Street Complaint,PHF,,CDOT - Department of Transportation,Open,Internet,2026-03-17T06:10:41.000,2026-03-17T06:10:43.000,1968 W PETERSON AVE,Demo City,Illinois,60660,1968,W,PETERSON,AVE,,,2,40,2,L007,1,24,2413,9,6,3,3,1161968.2420383056,1939996.7140444398,41.991030000941,-87.679606500002,"{""latitude"":""41.991030000941"",""longitude"":""-87.679606500002"",""human_address"":""{\""address\"": \""\"", \""city\"": \""\"", \""state\"": \""\"", \""zip\"": \""\""}""}"
SR26-00475248,311 INFORMATION ONLY CALL,311IOC,311 City Services,311 City Services,Completed,Phone Call,2026-03-17T06:08:56.000,2026-03-17T06:31:37.000,2111 W Lexington ST,Demo City,Illinois,60612,2111,W,Lexington,ST,,,3,46,4,O012,1,19,1915,15,6,3,3,1170931.4862644528,1927564.0547854544,41.956722000941,-87.647004000002,"{""latitude"":""41.956722000941"",""longitude"":""-87.647004000002"",""human_address"":""{\""address\"": \""\"", \""city\"": \""\"", \""state\"": \""\"", \""zip\"": \""\""}""}"
SR26-00475247,Pothole in Street Complaint,PHF,,CDOT - Department of Transportation,Open,Internet,2026-03-17T06:08:54.000,2026-03-17T06:08:55.000,5900 N FAIRFIELD AVE,Demo City,Illinois,60659,5900,N,FAIRFIELD,AVE,,,2,40,2,J008,1,20,2011,2,6,3,3,1156855.9993078108,1939121.8941376817,41.988735000941,-87.698434500002,"{""latitude"":""41.988735000941"",""longitude"":""-87.698434500002"",""human_address"":""{\""address\"": \""\"", \""city\"": \""\"", \""state\"": \""\"", \""zip\"": \""\""}""}"
SR26-00475246,Alley Pothole Complaint,PHB,,CDOT - Department of Transportation,Open,Mobile Device,2026-03-17T06:08:00.000,2026-03-17T06:08:04.000,3050 W 59TH ST,,,,3050,W,59TH,ST,,,63,14,11,I035,2,08,0824,5,6,3,3,1156832.658937256,1865474.4737645236,41.78664000094,-87.700518000002,"{""latitude"":""41.78664000094"",""longitude"":""-87.700518000002"",""human_address"":""{\""address\"": \""\"", \""city\"": \""\"", \""state\"": \""\"", \""zip\"": \""\""}""}"
SR26-00475244,Street Light Out Complaint,SFD,311 City Services,CDOT - Department of Transportation,Open,Phone Call,2026-03-17T06:07:01.000,2026-03-17T06:07:14.000,3622 S HAMILTON AVE,Demo City,Illinois,60609,3622,S,HAMILTON,AVE,,,59,12,8,K030,1,09,0912,3,6,3,3,1162542.8038356306,1880541.6731004214,41.82786900094,-87.679161000002,"{""latitude"":""41.82786900094"",""longitude"":""-87.679161000002"",""human_address"":""{\""address\"": \""\"", \""city\"": \""\"", \""state\"": \""\"", \""zip\"": \""\""}""}"
SR26-00475242,311 INFORMATION ONLY CALL,311IOC,311 City Services,311 City Services,Completed,Phone Call,2026-03-17T06:06:35.000,2026-03-17T06:31:37.000,2111 W Lexington ST,Demo City,Illinois,60612,2111,W,Lexington,ST,,,28,28,7,K024,2,12,1225,46,6,3,3,1162234.4668753312,1896560.9616219066,41.87183400094,-87.679845000002,"{""latitude"":""41.87183400094"",""longitude"":""-87.679845000002"",""human_address"":""{\""address\"": \""\"", \""city\"": \""\"", \""state\"": \""\"", \""zip\"": \""\""}""}"
SR26-00475241,311 INFORMATION ONLY CALL,311IOC,311 City Services,311 City Services,Completed,Phone Call,2026-03-17T06:05:57.000,2026-03-17T06:31:37.000,2111 W Lexington ST,Demo City,Illinois,60612,2111,W,Lexington,ST,,,28,28,7,K024,2,12,1225,46,6,3,3,1162234.4668753312,1896560.9616219066,41.87183400094,-87.679845000002,"{""latitude"":""41.87183400094"",""longitude"":""-87.679845000002"",""human_address"":""{\""address\"": \""\"", \""city\"": \""\"", \""state\"": \""\"", \""zip\"": \""\""}""}"
SR26-00475240,Stray Animal Complaint,EAE,311 City Services,Animal Care and Control,Open,Phone Call,2026-03-17T06:05:50.000,2026-03-17T06:05:51.000,7900 S LAKE SHORE DR,Demo City,Illinois,,7900,S,LAKE SHORE,DR,1,,46,7,12,X041,2,04,0422,22,6,3,3,1198512.9087366788,1853161.0293469026,41.751907706912,-87.548110691463,"{""latitude"":""41.751907706912"",""longitude"":""-87.548110691463"",""human_address"":""{\""address\"": \""\"", \""city\"": \""\"", \""state\"": \""\"", \""zip\"": \""\""}""}"
SR26-00475239,Aircraft Noise Complaint,AVN,,Aviation,Completed,Internet,2026-03-17T06:05:40.000,2026-03-17T06:31:37.000,10510 W ZEMKE RD,Demo City,Illinois,60666,10510,W,ZEMKE,RD,,,76,41,,,5,16,1654,27,6,3,3,1105376.7673561182,1941043.7883293368,41.994900000941,-87.887749500002,"{""latitude"":""41.994900000941"",""longitude"":""-87.887749500002"",""human_address"":""{\""address\"": \""\"", \""city\"": \""\"", \""state\"": \""\"", \""zip\"": \""\""}""}"
SR26-00475238,311 INFORMATION ONLY CALL,311IOC,311 City Services,311 City Services,Completed,Phone Call,2026-03-17T06:04:57.000,2026-03-17T06:31:37.000,2111 W Lexington ST,Demo City,Illinois,60612,2111,W,Lexington,ST,,,28,28,7,K024,2,12,1225,46,6,3,3,1162234.4668753312,1896560.9616219066,41.87183400094,-87.679845000002,"{""latitude"":""41.87183400094"",""longitude"":""-87.679845000002"",""human_address"":""{\""address\"": \""\"", \""city\"": \""\"", \""state\"": \""\"", \""zip\"": \""\""}""}"
SR26-00475237,311 INFORMATION ONLY CALL,311IOC,311 City Services,311 City Services,Completed,Phone Call,2026-03-17T06:04:44.000,2026-03-17T06:31:37.000,2111 W Lexington ST,Demo City,Illinois,60612,2111,W,Lexington,ST,,,28,28,7,K024,2,12,1225,46,6,3,3,1162234.4668753312,1896560.9616219066,41.87183400094,-87.679845000002,"{""latitude"":""41.87183400094"",""longitude"":""-87.679845000002"",""human_address"":""{\""address\"": \""\"", \""city\"": \""\"", \""state\"": \""\"", \""zip\"": \""\""}""}"
SR26-00475235,Pothole in Street Complaint,PHF,,CDOT - Department of Transportation,Open,Mobile Device,2026-03-17T06:02:14.000,2026-03-17T07:33:23.000,6803 S WESTERN AVE,,,,6803,S,WESTERN,AVE,1,,66,16,11,K038,3,08,0832,8,6,3,3,1161669.75322534,1859436.535104409,41.76997200094,-87.682950000002,"{""latitude"":""41.76997200094"",""longitude"":""-87.682950000002"",""human_address"":""{\""address\"": \""\"", \""city\"": \""\"", \""state\"": \""\"", \""zip\"": \""\""}""}"
SR26-00475234,311 INFORMATION ONLY CALL,311IOC,311 City Services,311 City Services,Completed,Phone Call,2026-03-17T06:01:37.000,2026-03-17T06:31:37.000,2111 W Lexington ST,Demo City,Illinois,60612,2111,W,Lexington,ST,,,28,28,7,K024,2,12,1225,46,6,3,3,1162234.4668753312,1896560.9616219066,41.87183400094,-87.679845000002,"{""latitude"":""41.87183400094"",""longitude"":""-87.679845000002"",""human_address"":""{\""address\"": \""\"", \""city\"": \""\"", \""state\"": \""\"", \""zip\"": \""\""}""}"
SR26-00475233,311 INFORMATION ONLY CALL,311IOC,311 City Services,311 City Services,Completed,Phone Call,2026-03-17T06:01:33.000,2026-03-17T06:31:37.000,2111 W Lexington ST,Demo City,Illinois,60612,2111,W,Lexington,ST,,,28,28,7,K024,2,12,1225,46,6,3,3,1162234.4668753312,1896560.9616219066,41.87183400094,-87.679845000002,"{""latitude"":""41.87183400094"",""longitude"":""-87.679845000002"",""human_address"":""{\""address\"": \""\"", \""city\"": \""\"", \""state\"": \""\"", \""zip\"": \""\""}""}"
SR26-00475232,Aircraft Noise Complaint,AVN,,Aviation,Completed,Internet,2026-03-17T06:01:18.000,2026-03-17T06:31:37.000,10510 W ZEMKE RD,Demo City,Illinois,60666,10510,W,ZEMKE,RD,,,76,41,,,5,16,1654,27,6,3,3,1105376.7673561182,1941043.7883293368,41.994900000941,-87.887749500002,"{""latitude"":""41.994900000941"",""longitude"":""-87.887749500002"",""human_address"":""{\""address\"": \""\"", \""city\"": \""\"", \""state\"": \""\"", \""zip\"": \""\""}""}"
SR26-00475231,311 INFORMATION ONLY CALL,311IOC,311 City Services,311 City Services,Completed,Phone Call,2026-03-17T05:58:22.000,2026-03-17T06:31:37.000,2111 W Lexington ST,Demo City,Illinois,60612,2111,W,Lexington,ST,,,28,28,7,K024,2,12,1225,46,5,3,3,1162234.4668753312,1896560.9616219066,41.87183400094,-87.679845000002,"{""latitude"":""41.87183400094"",""longitude"":""-87.679845000002"",""human_address"":""{\""address\"": \""\"", \""city\"": \""\"", \""state\"": \""\"", \""zip\"": \""\""}""}"
SR26-00475230,Aircraft Noise Complaint,AVN,,Aviation,Completed,Internet,2026-03-17T05:57:33.000,2026-03-17T06:31:37.000,10510 W ZEMKE RD,Demo City,Illinois,60666,10510,W,ZEMKE,RD,,,76,41,,,5,16,1654,27,5,3,3,1105376.7673561182,1941043.7883293368,41.994900000941,-87.887749500002,"{""latitude"":""41.994900000941"",""longitude"":""-87.887749500002"",""human_address"":""{\""address\"": \""\"", \""city\"": \""\"", \""state\"": \""\"", \""zip\"": \""\""}""}"
SR26-00475229,311 INFORMATION ONLY CALL,311IOC,311 City Services,311 City Services,Completed,Phone Call,2026-03-17T05:56:51.000,2026-03-17T06:31:37.000,2111 W Lexington ST,Demo City,Illinois,60612,2111,W,Lexington,ST,,,28,28,7,K024,2,12,1225,46,5,3,3,1162234.4668753312,1896560.9616219066,41.87183400094,-87.679845000002,"{""latitude"":""41.87183400094"",""longitude"":""-87.679845000002"",""human_address"":""{\""address\"": \""\"", \""city\"": \""\"", \""state\"": \""\"", \""zip\"": \""\""}""}"
SR26-00475228,311 INFORMATION ONLY CALL,311IOC,311 City Services,311 City Services,Completed,Phone Call,2026-03-17T05:56:06.000,2026-03-17T06:31:37.000,2111 W Lexington ST,Demo City,Illinois,60612,2111,W,Lexington,ST,,,28,28,7,K024,2,12,1225,46,5,3,3,1162234.4668753312,1896560.9616219066,41.87183400094,-87.679845000002,"{""latitude"":""41.87183400094"",""longitude"":""-87.679845000002"",""human_address"":""{\""address\"": \""\"", \""city\"": \""\"", \""state\"": \""\"", \""zip\"": \""\""}""}"
SR26-00475227,311 INFORMATION ONLY CALL,311IOC,311 City Services,311 City Services,Completed,Phone Call,2026-03-17T05:55:23.000,2026-03-17T06:31:37.000,2111 W Lexington ST,Demo City,Illinois,60612,2111,W,Lexington,ST,,,28,28,7,K024,2,12,1225,46,5,3,3,1162234.4668753312,1896560.9616219066,41.87183400094,-87.679845000002,"{""latitude"":""41.87183400094"",""longitude"":""-87.679845000002"",""human_address"":""{\""address\"": \""\"", \""city\"": \""\"", \""state\"": \""\"", \""zip\"": \""\""}""}"
SR26-00475226,Aircraft Noise Complaint,AVN,,Aviation,Completed,Internet,2026-03-17T05:55:13.000,2026-03-17T06:31:37.000,10510 W ZEMKE RD,Demo City,Illinois,60666,10510,W,ZEMKE,RD,,,76,41,,,5,16,1654,27,5,3,3,1105376.7673561182,1941043.7883293368,41.994900000941,-87.887749500002,"{""latitude"":""41.994900000941"",""longitude"":""-87.887749500002"",""human_address"":""{\""address\"": \""\"", \""city\"": \""\"", \""state\"": \""\"", \""zip\"": \""\""}""}"
SR26-00475225,311 INFORMATION ONLY CALL,311IOC,311 City Services,311 City Services,Completed,Phone Call,2026-03-17T05:54:46.000,2026-03-17T06:31:37.000,2111 W Lexington ST,Demo City,Illinois,60612,2111,W,Lexington,ST,,,28,28,7,K024,2,12,1225,46,5,3,3,1162234.4668753312,1896560.9616219066,41.87183400094,-87.679845000002,"{""latitude"":""41.87183400094"",""longitude"":""-87.679845000002"",""human_address"":""{\""address\"": \""\"", \""city\"": \""\"", \""state\"": \""\"", \""zip\"": \""\""}""}"
SR26-00475224,Aircraft Noise Complaint,AVN,,Aviation,Completed,Internet,2026-03-17T05:54:03.000,2026-03-17T06:31:37.000,10510 W ZEMKE RD,Demo City,Illinois,60666,10510,W,ZEMKE,RD,,,76,41,,,5,16,1654,27,5,3,3,1105376.7673561182,1941043.7883293368,41.994900000941,-87.887749500002,"{""latitude"":""41.994900000941"",""longitude"":""-87.887749500002"",""human_address"":""{\""address\"": \""\"", \""city\"": \""\"", \""state\"": \""\"", \""zip\"": \""\""}""}"
SR26-00475223,311 INFORMATION ONLY CALL,311IOC,311 City Services,311 City Services,Completed,Phone Call,2026-03-17T05:53:11.000,2026-03-17T06:31:37.000,2111 W Lexington ST,Demo City,Illinois,60612,2111,W,Lexington,ST,,,28,28,7,K024,2,12,1225,46,5,3,3,1162234.4668753312,1896560.9616219066,41.87183400094,-87.679845000002,"{""latitude"":""41.87183400094"",""longitude"":""-87.679845000002"",""human_address"":""{\""address\"": \""\"", \""city\"": \""\"", \""state\"": \""\"", \""zip\"": \""\""}""}"
SR26-00475222,311 INFORMATION ONLY CALL,311IOC,311 City Services,311 City Services,Completed,Phone Call,2026-03-17T05:52:41.000,2026-03-17T06:31:37.000,2111 W Lexington ST,Demo City,Illinois,60612,2111,W,Lexington,ST,,,28,28,7,K024,2,12,1225,46,5,3,3,1162234.4668753312,1896560.9616219066,41.87183400094,-87.679845000002,"{""latitude"":""41.87183400094"",""longitude"":""-87.679845000002"",""human_address"":""{\""address\"": \""\"", \""city\"": \""\"", \""state\"": \""\"", \""zip\"": \""\""}""}"
SR26-00475221,311 INFORMATION ONLY CALL,311IOC,311 City Services,311 City Services,Completed,Phone Call,2026-03-17T05:50:52.000,2026-03-17T06:31:37.000,2111 W Lexington ST,Demo City,Illinois,60612,2111,W,Lexington,ST,,,28,28,7,K024,2,12,1225,46,5,3,3,1162234.4668753312,1896560.9616219066,41.87183400094,-87.679845000002,"{""latitude"":""41.87183400094"",""longitude"":""-87.679845000002"",""human_address"":""{\""address\"": \""\"", \""city\"": \""\"", \""state\"": \""\"", \""zip\"": \""\""}""}"
SR26-00475220,Pothole in Street Complaint,PHF,311 City Services,CDOT - Department of Transportation,Open,Phone Call,2026-03-17T05:50:07.000,2026-03-17T05:50:09.000,3000 S ALBANY AVE,Demo City,Illinois,,3000,S,ALBANY,AVE,,,30,25,8,I028,3,10,1033,15,5,3,3,1156154.4480082167,1884574.5166409349,41.839066710716,-87.702490609845,"{""latitude"":""41.839066710716"",""longitude"":""-87.702490609845"",""human_address"":""{\""address\"": \""\"", \""city\"": \""\"", \""state\"": \""\"", \""zip\"": \""\""}""}"
SR26-00475219,Aircraft Noise Complaint,AVN,,Aviation,Completed,Internet,2026-03-17T05:49:34.000,2026-03-17T06:31:37.000,10510 W ZEMKE RD,Demo City,Illinois,60666,10510,W,ZEMKE,RD,,,76,41,,,5,16,1654,27,5,3,3,1105376.7673561182,1941043.7883293368,41.994900000941,-87.887749500002,"{""latitude"":""41.994900000941"",""longitude"":""-87.887749500002"",""human_address"":""{\""address\"": \""\"", \""city\"": \""\"", \""state\"": \""\"", \""zip\"": \""\""}""}"
SR26-00475218,Sign Repair Request - All Other Signs,PCE,311 City Services,CDOT - Department of Transportation,Open,Phone Call,2026-03-17T05:49:15.000,2026-03-17T05:49:18.000,5600 N MILWAUKEE AVE,Demo City,Illinois,60646,5600,N,MILWAUKEE,AVE,,,11,45,1,B007,2,16,1622,41,5,3,3,1136097.7255266542,1936907.7174855703,41.983056000941,-87.774840000002,"{""latitude"":""41.983056000941"",""longitude"":""-87.774840000002"",""human_address"":""{\""address\"": \""\"", \""city\"": \""\"", \""state\"": \""\"", \""zip\"": \""\""}""}"
SR26-00475217,311 INFORMATION ONLY CALL,311IOC,311 City Services,311 City Services,Completed,Phone Call,2026-03-17T05:48:06.000,2026-03-17T06:31:37.000,2111 W Lexington ST,Demo City,Illinois,60612,2111,W,Lexington,ST,,,28,28,7,K024,2,12,1225,46,5,3,3,1162234.4668753312,1896560.9616219066,41.87183400094,-87.679845000002,"{""latitude"":""41.87183400094"",""longitude"":""-87.679845000002"",""human_address"":""{\""address\"": \""\"", \""city\"": \""\"", \""state\"": \""\"", \""zip\"": \""\""}""}"
SR26-00475216,Traffic Signal Out Complaint,SFB,CDOT - Department of Transportation,CDOT - Department of Transportation,Open,Phone Call,2026-03-17T05:47:56.000,2026-03-17T11:02:04.000,300 E RANDOLPH ST,Demo City,Illinois,,300,E,RANDOLPH,ST,,,32,42,7,Q022,1,01,0114,33,5,3,3,1178320.6917333838,1901236.7976207777,41.884313507546,-87.620643903422,"{""latitude"":""41.884313507546"",""longitude"":""-87.620643903422"",""human_address"":""{\""address\"": \""\"", \""city\"": \""\"", \""state\"": \""\"", \""zip\"": \""\""}""}"
SR26-00475215,311 INFORMATION ONLY CALL,311IOC,311 City Services,311 City Services,Completed,Phone Call,2026-03-17T05:47:46.000,2026-03-17T06:31:37.000,2111 W Lexington ST,Demo City,Illinois,60612,2111,W,Lexington,ST,,,28,28,7,K024,2,12,1225,46,5,3,3,1162234.4668753312,1896560.9616219066,41.87183400094,-87.679845000002,"{""latitude"":""41.87183400094"",""longitude"":""-87.679845000002"",""human_address"":""{\""address\"": \""\"", \""city\"": \""\"", \""state\"": \""\"", \""zip\"": \""\""}""}"
SR26-00475214,Aircraft Noise Complaint,AVN,,Aviation,Completed,Internet,2026-03-17T05:47:44.000,2026-03-17T06:31:37.000,10510 W ZEMKE RD,Demo City,Illinois,60666,10510,W,ZEMKE,RD,,,76,41,,,5,16,1654,27,5,3,3,1105376.7673561182,1941043.7883293368,41.994900000941,-87.887749500002,"{""latitude"":""41.994900000941"",""longitude"":""-87.887749500002"",""human_address"":""{\""address\"": \""\"", \""city\"": \""\"", \""state\"": \""\"", \""zip\"": \""\""}""}"
SR26-00475213,311 INFORMATION ONLY CALL,311IOC,311 City Services,311 City Services,Completed,Phone Call,2026-03-17T05:47:39.000,2026-03-17T06:31:37.000,2111 W Lexington ST,Demo City,Illinois,60612,2111,W,Lexington,ST,,,28,28,7,K024,2,12,1225,46,5,3,3,1162234.4668753312,1896560.9616219066,41.87183400094,-87.679845000002,"{""latitude"":""41.87183400094"",""longitude"":""-87.679845000002"",""human_address"":""{\""address\"": \""\"", \""city\"": \""\"", \""state\"": \""\"", \""zip\"": \""\""}""}"
SR26-00475212,Aircraft Noise Complaint,AVN,,Aviation,Completed,Internet,2026-03-17T05:46:59.000,2026-03-17T06:31:37.000,10510 W ZEMKE RD,Demo City,Illinois,60666,10510,W,ZEMKE,RD,,,76,41,,,5,16,1654,27,5,3,3,1105376.7673561182,1941043.7883293368,41.994900000941,-87.887749500002,"{""latitude"":""41.994900000941"",""longitude"":""-87.887749500002"",""human_address"":""{\""address\"": \""\"", \""city\"": \""\"", \""state\"": \""\"", \""zip\"": \""\""}""}"
SR26-00475211,Street Light Out Complaint,SFD,CDOT - Department of Transportation,CDOT - Department of Transportation,Open,Phone Call,2026-03-17T05:46:58.000,2026-03-17T05:47:11.000,1926 S UNION AVE,Demo City,Illinois,60616,1926,S,UNION,AVE,,,31,25,7,O026,3,12,1235,3,5,3,3,1171760.9257042643,1890858.222488849,41.855980909735,-87.645037539274,"{""latitude"":""41.855980909735"",""longitude"":""-87.645037539274"",""human_address"":""{\""address\"": \""\"", \""city\"": \""\"", \""state\"": \""\"", \""zip\"": \""\""}""}"
SR26-00475210,Graffiti Removal Request,GRAF,,Streets and Sanitation,Completed,Mobile Device,2026-03-17T05:46:23.000,2026-03-17T07:10:27.000,1459 S KOSTNER AVE,,,,1459,S,KOSTNER,AVE,,,29,24,6,F025,1,10,1011,8,5,3,3,1147316.6748720135,1892366.7997047945,41.860623296639,-87.734722069226,"{""latitude"":""41.860623296639"",""longitude"":""-87.734722069226"",""human_address"":""{\""address\"": \""\"", \""city\"": \""\"", \""state\"": \""\"", \""zip\"": \""\""}""}"
SR26-00475209,Aircraft Noise Complaint,AVN,,Aviation,Completed,Internet,2026-03-17T05:45:49.000,2026-03-17T06:31:37.000,10510 W ZEMKE RD,Demo City,Illinois,60666,10510,W,ZEMKE,RD,,,76,41,,,5,16,1654,27,5,3,3,1105376.7673561182,1941043.7883293368,41.994900000941,-87.887749500002,"{""latitude"":""41.994900000941"",""longitude"":""-87.887749500002"",""human_address"":""{\""address\"": \""\"", \""city\"": \""\"", \""state\"": \""\"", \""zip\"": \""\""}""}"
SR26-00475208,Traffic Signal Out Complaint,SFB,CDOT - Department of Transportation,CDOT - Department of Transportation,Completed,Phone Call,2026-03-17T05:43:58.000,2026-03-17T06:41:50.000,162 E ONTARIO ST,Demo City,Illinois,,162,E,ONTARIO,ST,,,8,42,5,Q021,3,18,1834,35,5,3,3,1177726.6191026382,1904532.1791533635,41.893369719034,-87.622725171373,"{""latitude"":""41.893369719034"",""longitude"":""-87.622725171373"",""human_address"":""{\""address\"": \""\"", \""city\"": \""\"", \""state\"": \""\"", \""zip\"": \""\""}""}"
SR26-00475207,Aircraft Noise Complaint,AVN,,Aviation,Completed,Internet,2026-03-17T05:42:40.000,2026-03-17T06:31:37.000,10510 W ZEMKE RD,Demo City,Illinois,60666,10510,W,ZEMKE,RD,,,76,41,,,5,16,1654,27,5,3,3,1105376.7673561182,1941043.7883293368,41.994900000941,-87.887749500002,"{""latitude"":""41.994900000941"",""longitude"":""-87.887749500002"",""human_address"":""{\""address\"": \""\"", \""city\"": \""\"", \""state\"": \""\"", \""zip\"": \""\""}""}"
SR26-00475206,Aircraft Noise Complaint,AVN,,Aviation,Completed,Internet,2026-03-17T05:40:33.000,2026-03-17T06:31:37.000,10510 W ZEMKE RD,Demo City,Illinois,60666,10510,W,ZEMKE,RD,,,76,41,,,5,16,1654,27,5,3,3,1105376.7673561182,1941043.7883293368,41.994900000941,-87.887749500002,"{""latitude"":""41.994900000941"",""longitude"":""-87.887749500002"",""human_address"":""{\""address\"": \""\"", \""city\"": \""\"", \""state\"": \""\"", \""zip\"": \""\""}""}"
SR26-00475205,311 INFORMATION ONLY CALL,311IOC,311 City Services,311 City Services,Completed,Phone Call,2026-03-17T05:40:24.000,2026-03-17T06:31:37.000,2111 W Lexington ST,Demo City,Illinois,60612,2111,W,Lexington,ST,,,28,28,7,K024,2,12,1225,46,5,3,3,1162234.4668753312,1896560.9616219066,41.87183400094,-87.679845000002,"{""latitude"":""41.87183400094"",""longitude"":""-87.679845000002"",""human_address"":""{\""address\"": \""\"", \""city\"": \""\"", \""state\"": \""\"", \""zip\"": \""\""}""}"
SR26-00475204,311 INFORMATION ONLY CALL,311IOC,311 City Services,311 City Services,Completed,Phone Call,2026-03-17T05:40:15.000,2026-03-17T06:31:37.000,2111 W Lexington ST,Demo City,Illinois,60612,2111,W,Lexington,ST,,,28,28,7,K024,2,12,1225,46,5,3,3,1162234.4668753312,1896560.9616219066,41.87183400094,-87.679845000002,"{""latitude"":""41.87183400094"",""longitude"":""-87.679845000002"",""human_address"":""{\""address\"": \""\"", \""city\"": \""\"", \""state\"": \""\"", \""zip\"": \""\""}""}"
SR26-00475203,Finance Parking Code Enforcement Review,FPCE,,Finance,Completed,Internet,2026-03-17T05:38:02.000,2026-03-17T05:38:03.000,6422 S LA CROSSE AVE,Demo City,Illinois,60638,6422,S,LA CROSSE,AVE,,,64,13,10,D037,1,08,0813,13,5,3,3,1145081.7074181275,1861468.4307570423,41.77587600094,-87.743704500002,"{""latitude"":""41.77587600094"",""longitude"":""-87.743704500002"",""human_address"":""{\""address\"": \""\"", \""city\"": \""\"", \""state\"": \""\"", \""zip\"": \""\""}""}"
SR26-00475202,Buildings - Plumbing Violation,BBC,311 City Services,DOB - Buildings,Open,Phone Call,2026-03-17T05:37:50.000,2026-03-17T05:37:53.000,1825 N AUSTIN AVE,Demo City,Illinois,60639,1825,N,AUSTIN,AVE,,,25,29,6,B018,3,25,2531,36,5,3,3,1136210.940587048,1911637.9018562518,41.913711000941,-87.775029000002,"{""latitude"":""41.913711000941"",""longitude"":""-87.775029000002"",""human_address"":""{\""address\"": \""\"", \""city\"": \""\"", \""state\"": \""\"", \""zip\"": \""\""}""}"
SR26-00475201,311 INFORMATION ONLY CALL,311IOC,311 City Services,311 City Services,Completed,Phone Call,2026-03-17T05:36:02.000,2026-03-17T06:31:37.000,2111 W Lexington ST,Demo City,Illinois,60612,2111,W,Lexington,ST,,,28,28,7,K024,2,12,1225,46,5,3,3,1162234.4668753312,1896560.9616219066,41.87183400094,-87.679845000002,"{""latitude"":""41.87183400094"",""longitude"":""-87.679845000002"",""human_address"":""{\""address\"": \""\"", \""city\"": \""\"", \""state\"": \""\"", \""zip\"": \""\""}""}"
SR26-00475199,311 INFORMATION ONLY CALL,311IOC,311 City Services,311 City Services,Completed,Phone Call,2026-03-17T05:30:26.000,2026-03-17T06:31:37.000,2111 W Lexington ST,Demo City,Illinois,60612,2111,W,Lexington,ST,,,28,28,7,K024,2,12,1225,46,5,3,3,1162234.4668753312,1896560.9616219066,41.87183400094,-87.679845000002,"{""latitude"":""41.87183400094"",""longitude"":""-87.679845000002"",""human_address"":""{\""address\"": \""\"", \""city\"": \""\"", \""state\"": \""\"", \""zip\"": \""\""}""}"
SR26-00475198,Aircraft Noise Complaint,AVN,,Aviation,Completed,Internet,2026-03-17T05:30:02.000,2026-03-17T06:31:37.000,10510 W ZEMKE RD,Demo City,Illinois,60666,10510,W,ZEMKE,RD,,,76,41,,,5,16,1654,27,5,3,3,1105376.7673561182,1941043.7883293368,41.994900000941,-87.887749500002,"{""latitude"":""41.994900000941"",""longitude"":""-87.887749500002"",""human_address"":""{\""address\"": \""\"", \""city\"": \""\"", \""state\"": \""\"", \""zip\"": \""\""}""}"
SR26-00475197,311 INFORMATION ONLY CALL,311IOC,311 City Services,311 City Services,Completed,Phone Call,2026-03-17T05:29:59.000,2026-03-17T05:31:38.000,2111 W Lexington ST,Demo City,Illinois,60612,2111,W,Lexington,ST,,,28,28,7,K024,2,12,1225,46,5,3,3,1162234.4668753312,1896560.9616219066,41.87183400094,-87.679845000002,"{""latitude"":""41.87183400094"",""longitude"":""-87.679845000002"",""human_address"":""{\""address\"": \""\"", \""city\"": \""\"", \""state\"": \""\"", \""zip\"": \""\""}""}"
SR26-00475196,Alley Light Out Complaint,SFA,,CDOT - Department of Transportation,Open,Internet,2026-03-17T05:29:39.000,2026-03-17T05:29:39.000,4846 S KOLIN AVE,Demo City,Illinois,60632,4846,S,KOLIN,AVE,1,,57,14,8,F033,1,08,0815,7,5,3,3,1148110.3577398332,1871948.3367177593,41.80457700094,-87.732333000002,"{""latitude"":""41.80457700094"",""longitude"":""-87.732333000002"",""human_address"":""{\""address\"": \""\"", \""city\"": \""\"", \""state\"": \""\"", \""zip\"": \""\""}""}"
SR26-00475194,Street Light Out Complaint,SFD,,CDOT - Department of Transportation,Open,Internet,2026-03-17T05:28:22.000,2026-03-17T05:28:38.000,2119 S HALSTED ST,Demo City,Illinois,60608,2119,S,HALSTED,ST,,,31,25,7,O026,3,12,1235,3,5,3,3,1171446.7140564288,1889984.773412736,41.85359100094,-87.646216500002,"{""latitude"":""41.85359100094"",""longitude"":""-87.646216500002"",""human_address"":""{\""address\"": \""\"", \""city\"": \""\"", \""state\"": \""\"", \""zip\"": \""\""}""}"
SR26-00475193,Finance Parking Code Enforcement Review,FPCE,311 City Services,Finance,Completed,Phone Call,2026-03-17T05:27:28.000,2026-03-17T05:27:29.000,6340 N BELL AVE,Demo City,Illinois,60659,6340,N,BELL,AVE,,,2,50,2,K007,1,24,2413,31,5,3,3,1160061.2179708125,1942228.9250417508,41.997195000941,-87.686559000002,"{""latitude"":""41.997195000941"",""longitude"":""-87.686559000002"",""human_address"":""{\""address\"": \""\"", \""city\"": \""\"", \""state\"": \""\"", \""zip\"": \""\""}""}"
SR26-00475192,Aircraft Noise Complaint,AVN,,Aviation,Completed,Internet,2026-03-17T05:26:45.000,2026-03-17T05:31:38.000,10510 W ZEMKE RD,Demo City,Illinois,60666,10510,W,ZEMKE,RD,,,76,41,,,5,16,1654,27,5,3,3,1105376.7673561182,1941043.7883293368,41.994900000941,-87.887749500002,"{""latitude"":""41.994900000941"",""longitude"":""-87.887749500002"",""human_address"":""{\""address\"": \""\"", \""city\"": \""\"", \""state\"": \""\"", \""zip\"": \""\""}""}"
SR26-00475191,Street Light Out Complaint,SFD,,CDOT - Department of Transportation,Open,Internet,2026-03-17T05:24:48.000,2026-03-17T05:24:55.000,3420 S WALLACE ST,Demo City,Illinois,60616,3420,S,WALLACE,ST,,,60,11,9,O029,1,09,0915,26,5,3,3,1172791.357060485,1882110.9728097084,41.83195500094,-87.641514000002,"{""latitude"":""41.83195500094"",""longitude"":""-87.641514000002"",""human_address"":""{\""address\"": \""\"", \""city\"": \""\"", \""state\"": \""\"", \""zip\"": \""\""}""}"
SR26-00475190,311 INFORMATION ONLY CALL,311IOC,311 City Services,311 City Services,Completed,Phone Call,2026-03-17T05:23:14.000,2026-03-17T05:31:38.000,2111 W Lexington ST,Demo City,Illinois,60612,2111,W,Lexington,ST,,,28,28,7,K024,2,12,1225,46,5,3,3,1162234.4668753312,1896560.9616219066,41.87183400094,-87.679845000002,"{""latitude"":""41.87183400094"",""longitude"":""-87.679845000002"",""human_address"":""{\""address\"": \""\"", \""city\"": \""\"", \""state\"": \""\"", \""zip\"": \""\""}""}"
SR26-00475189,Aircraft Noise Complaint,AVN,,Aviation,Completed,Internet,2026-03-17T05:21:42.000,2026-03-17T05:31:38.000,10510 W ZEMKE RD,Demo City,Illinois,60666,10510,W,ZEMKE,RD,,,76,41,,,5,16,1654,27,5,3,3,1105376.7673561182,1941043.7883293368,41.994900000941,-87.887749500002,"{""latitude"":""41.994900000941"",""longitude"":""-87.887749500002"",""human_address"":""{\""address\"": \""\"", \""city\"": \""\"", \""state\"": \""\"", \""zip\"": \""\""}""}"
SR26-00475188,Alley Light Out Complaint,SFA,311 City Services,CDOT - Department of Transportation,Open,Phone Call,2026-03-17T05:20:50.000,2026-03-17T05:21:00.000,2916 W 82ND ST,Demo City,Illinois,60652,2916,W,82ND,ST,,,70,18,11,I041,3,08,0835,22,5,3,3,1158271.5494301356,1850178.7334015311,41.74463700094,-87.695658000002,"{""latitude"":""41.74463700094"",""longitude"":""-87.695658000002"",""human_address"":""{\""address\"": \""\"", \""city\"": \""\"", \""state\"": \""\"", \""zip\"": \""\""}""}"
SR26-00475184,311 INFORMATION ONLY CALL,311IOC,311 City Services,311 City Services,Completed,Phone Call,2026-03-17T05:18:54.000,2026-03-17T05:31:38.000,2111 W Lexington ST,Demo City,Illinois,60612,2111,W,Lexington,ST,,,28,28,7,K024,2,12,1225,46,5,3,3,1162234.4668753312,1896560.9616219066,41.87183400094,-87.679845000002,"{""latitude"":""41.87183400094"",""longitude"":""-87.679845000002"",""human_address"":""{\""address\"": \""\"", \""city\"": \""\"", \""state\"": \""\"", \""zip\"": \""\""}""}"
SR26-00475183,Aircraft Noise Complaint,AVN,,Aviation,Completed,Internet,2026-03-17T05:17:41.000,2026-03-17T05:31:38.000,10510 W ZEMKE RD,Demo City,Illinois,60666,10510,W,ZEMKE,RD,,,76,41,,,5,16,1654,27,5,3,3,1105376.7673561182,1941043.7883293368,41.994900000941,-87.887749500002,"{""latitude"":""41.994900000941"",""longitude"":""-87.887749500002"",""human_address"":""{\""address\"": \""\"", \""city\"": \""\"", \""state\"": \""\"", \""zip\"": \""\""}""}"
SR26-00475182,311 INFORMATION ONLY CALL,311IOC,311 City Services,311 City Services,Completed,Phone Call,2026-03-17T05:16:06.000,2026-03-17T05:31:38.000,2111 W Lexington ST,Demo City,Illinois,60612,2111,W,Lexington,ST,,,28,28,7,K024,2,12,1225,46,5,3,3,1162234.4668753312,1896560.9616219066,41.87183400094,-87.679845000002,"{""latitude"":""41.87183400094"",""longitude"":""-87.679845000002"",""human_address"":""{\""address\"": \""\"", \""city\"": \""\"", \""state\"": \""\"", \""zip\"": \""\""}""}"
SR26-00475181,Aircraft Noise Complaint,AVN,,Aviation,Completed,Internet,2026-03-17T05:14:34.000,2026-03-17T05:31:38.000,10510 W ZEMKE RD,Demo City,Illinois,60666,10510,W,ZEMKE,RD,,,76,41,,,5,16,1654,27,5,3,3,1105376.7673561182,1941043.7883293368,41.994900000941,-87.887749500002,"{""latitude"":""41.994900000941"",""longitude"":""-87.887749500002"",""human_address"":""{\""address\"": \""\"", \""city\"": \""\"", \""state\"": \""\"", \""zip\"": \""\""}""}"
SR26-00475180,Aircraft Noise Complaint,AVN,,Aviation,Completed,Internet,2026-03-17T05:11:46.000,2026-03-17T05:31:38.000,10510 W ZEMKE RD,Demo City,Illinois,60666,10510,W,ZEMKE,RD,,,76,41,,,5,16,1654,27,5,3,3,1105376.7673561182,1941043.7883293368,41.994900000941,-87.887749500002,"{""latitude"":""41.994900000941"",""longitude"":""-87.887749500002"",""human_address"":""{\""address\"": \""\"", \""city\"": \""\"", \""state\"": \""\"", \""zip\"": \""\""}""}"
SR26-00475179,311 INFORMATION ONLY CALL,311IOC,311 City Services,311 City Services,Completed,Phone Call,2026-03-17T05:10:16.000,2026-03-17T05:31:38.000,2111 W Lexington ST,Demo City,Illinois,60612,2111,W,Lexington,ST,,,28,28,7,K024,2,12,1225,46,5,3,3,1162234.4668753312,1896560.9616219066,41.87183400094,-87.679845000002,"{""latitude"":""41.87183400094"",""longitude"":""-87.679845000002"",""human_address"":""{\""address\"": \""\"", \""city\"": \""\"", \""state\"": \""\"", \""zip\"": \""\""}""}"
SR26-00475177,Aircraft Noise Complaint,AVN,,Aviation,Completed,Internet,2026-03-17T05:06:57.000,2026-03-17T05:31:38.000,10510 W ZEMKE RD,Demo City,Illinois,60666,10510,W,ZEMKE,RD,,,76,41,,,5,16,1654,27,5,3,3,1105376.7673561182,1941043.7883293368,41.994900000941,-87.887749500002,"{""latitude"":""41.994900000941"",""longitude"":""-87.887749500002"",""human_address"":""{\""address\"": \""\"", \""city\"": \""\"", \""state\"": \""\"", \""zip\"": \""\""}""}"
SR26-00475176,Aircraft Noise Complaint,AVN,,Aviation,Completed,Internet,2026-03-17T05:05:25.000,2026-03-17T05:31:38.000,10510 W ZEMKE RD,Demo City,Illinois,60666,10510,W,ZEMKE,RD,,,76,41,,,5,16,1654,27,5,3,3,1105376.7673561182,1941043.7883293368,41.994900000941,-87.887749500002,"{""latitude"":""41.994900000941"",""longitude"":""-87.887749500002"",""human_address"":""{\""address\"": \""\"", \""city\"": \""\"", \""state\"": \""\"", \""zip\"": \""\""}""}"
SR26-00475175,311 INFORMATION ONLY CALL,311IOC,311 City Services,311 City Services,Completed,Phone Call,2026-03-17T05:04:07.000,2026-03-17T05:31:38.000,2111 W Lexington ST,Demo City,Illinois,60612,2111,W,Lexington,ST,,,43,5,12,V038,3,03,0331,40,5,3,3,1192515.106257886,1859656.9175261187,41.769881047303,-87.569878206847,"{""latitude"":""41.769881047303"",""longitude"":""-87.569878206847"",""human_address"":""{\""address\"": \""\"", \""city\"": \""\"", \""state\"": \""\"", \""zip\"": \""\""}""}"
SR26-00475174,Aircraft Noise Complaint,AVN,,Aviation,Completed,Internet,2026-03-17T04:59:44.000,2026-03-17T05:31:38.000,10510 W ZEMKE RD,Demo City,Illinois,60666,10510,W,ZEMKE,RD,,,76,41,,,5,16,1654,27,4,3,3,1105376.7673561182,1941043.7883293368,41.994900000941,-87.887749500002,"{""latitude"":""41.994900000941"",""longitude"":""-87.887749500002"",""human_address"":""{\""address\"": \""\"", \""city\"": \""\"", \""state\"": \""\"", \""zip\"": \""\""}""}"
SR26-00475173,311 INFORMATION ONLY CALL,311IOC,311 City Services,311 City Services,Completed,Phone Call,2026-03-17T04:57:31.000,2026-03-17T05:31:38.000,2111 W Lexington ST,Demo City,Illinois,60612,2111,W,Lexington,ST,,,28,28,7,K024,2,12,1225,46,4,3,3,1162234.4668753312,1896560.9616219066,41.87183400094,-87.679845000002,"{""latitude"":""41.87183400094"",""longitude"":""-87.679845000002"",""human_address"":""{\""address\"": \""\"", \""city\"": \""\"", \""state\"": \""\"", \""zip\"": \""\""}""}"
SR26-00475172,311 INFORMATION ONLY CALL,311IOC,311 City Services,311 City Services,Completed,Phone Call,2026-03-17T04:57:30.000,2026-03-17T05:31:38.000,2111 W Lexington ST,Demo City,Illinois,60612,2111,W,Lexington,ST,,,28,28,7,K024,2,12,1225,46,4,3,3,1162234.4668753312,1896560.9616219066,41.87183400094,-87.679845000002,"{""latitude"":""41.87183400094"",""longitude"":""-87.679845000002"",""human_address"":""{\""address\"": \""\"", \""city\"": \""\"", \""state\"": \""\"", \""zip\"": \""\""}""}"
SR26-00475171,311 INFORMATION ONLY CALL,311IOC,311 City Services,311 City Services,Completed,Phone Call,2026-03-17T04:57:22.000,2026-03-17T05:31:38.000,2111 W Lexington ST,Demo City,Illinois,60612,2111,W,Lexington,ST,,,28,28,7,K024,2,12,1225,46,4,3,3,1162234.4668753312,1896560.9616219066,41.87183400094,-87.679845000002,"{""latitude"":""41.87183400094"",""longitude"":""-87.679845000002"",""human_address"":""{\""address\"": \""\"", \""city\"": \""\"", \""state\"": \""\"", \""zip\"": \""\""}""}"
SR26-00475170,Aircraft Noise Complaint,AVN,,Aviation,Completed,Internet,2026-03-17T04:56:48.000,2026-03-17T05:31:38.000,10510 W ZEMKE RD,Demo City,Illinois,60666,10510,W,ZEMKE,RD,,,76,41,,,5,16,1654,27,4,3,3,1105376.7673561182,1941043.7883293368,41.994900000941,-87.887749500002,"{""latitude"":""41.994900000941"",""longitude"":""-87.887749500002"",""human_address"":""{\""address\"": \""\"", \""city\"": \""\"", \""state\"": \""\"", \""zip\"": \""\""}""}"
SR26-00475169,311 INFORMATION ONLY CALL,311IOC,311 City Services,311 City Services,Completed,Phone Call,2026-03-17T04:48:00.000,2026-03-17T05:31:38.000,2111 W Lexington ST,Demo City,Illinois,60612,2111,W,Lexington,ST,,,28,28,7,K024,2,12,1225,46,4,3,3,1162234.4668753312,1896560.9616219066,41.87183400094,-87.679845000002,"{""latitude"":""41.87183400094"",""longitude"":""-87.679845000002"",""human_address"":""{\""address\"": \""\"", \""city\"": \""\"", \""state\"": \""\"", \""zip\"": \""\""}""}"
SR26-00475168,311 INFORMATION ONLY CALL,311IOC,311 City Services,311 City Services,Completed,Phone Call,2026-03-17T04:44:34.000,2026-03-17T05:31:38.000,2111 W Lexington ST,Demo City,Illinois,60612,2111,W,Lexington,ST,,,28,28,7,K024,2,12,1225,46,4,3,3,1162234.4668753312,1896560.9616219066,41.87183400094,-87.679845000002,"{""latitude"":""41.87183400094"",""longitude"":""-87.679845000002"",""human_address"":""{\""address\"": \""\"", \""city\"": \""\"", \""state\"": \""\"", \""zip\"": \""\""}""}"
SR26-00475167,Aircraft Noise Complaint,AVN,,Aviation,Completed,Internet,2026-03-17T04:43:14.000,2026-03-17T05:31:38.000,10510 W ZEMKE RD,Demo City,Illinois,60666,10510,W,ZEMKE,RD,,,76,41,,,5,16,1654,27,4,3,3,1105376.7673561182,1941043.7883293368,41.994900000941,-87.887749500002,"{""latitude"":""41.994900000941"",""longitude"":""-87.887749500002"",""human_address"":""{\""address\"": \""\"", \""city\"": \""\"", \""state\"": \""\"", \""zip\"": \""\""}""}"
SR26-00475166,Aircraft Noise Complaint,AVN,,Aviation,Completed,Internet,2026-03-17T04:38:57.000,2026-03-17T05:31:38.000,10510 W ZEMKE RD,Demo City,Illinois,60666,10510,W,ZEMKE,RD,,,76,41,,,5,16,1654,27,4,3,3,1105376.7673561182,1941043.7883293368,41.994900000941,-87.887749500002,"{""latitude"":""41.994900000941"",""longitude"":""-87.887749500002"",""human_address"":""{\""address\"": \""\"", \""city\"": \""\"", \""state\"": \""\"", \""zip\"": \""\""}""}"
SR26-00475165,Water On Street Complaint,AAE,,DWM - Department of Water Management,Completed,Internet,2026-03-17T04:36:37.000,2026-03-17T10:15:46.000,5345 S HARLEM AVE,Demo City,Illinois,,5345,S,HARLEM,AVE,,,,23,10,Y134,1,08,0811,,4,3,3,1129250.3558191303,1867952.4895176035,41.793952717698,-87.801595226874,"{""latitude"":""41.793952717698"",""longitude"":""-87.801595226874"",""human_address"":""{\""address\"": \""\"", \""city\"": \""\"", \""state\"": \""\"", \""zip\"": \""\""}""}"
SR26-00475164,Water On Street Complaint,AAE,,DWM - Department of Water Management,Open,Mobile Device,2026-03-17T04:35:08.000,2026-03-17T05:00:05.000,5110 W LE MOYNE ST,,,,5110,W,LE MOYNE,ST,1,,25,37,6,D019,3,25,2533,31,4,3,3,1141984.4216299898,1909544.3600901933,41.907861000941,-87.753870000002,"{""latitude"":""41.907861000941"",""longitude"":""-87.753870000002"",""human_address"":""{\""address\"": \""\"", \""city\"": \""\"", \""state\"": \""\"", \""zip\"": \""\""}""}"
SR26-00475163,Aircraft Noise Complaint,AVN,,Aviation,Completed,Internet,2026-03-17T04:35:01.000,2026-03-17T05:31:38.000,10510 W ZEMKE RD,Demo City,Illinois,60666,10510,W,ZEMKE,RD,,,76,41,,,5,16,1654,27,4,3,3,1105376.7673561182,1941043.7883293368,41.994900000941,-87.887749500002,"{""latitude"":""41.994900000941"",""longitude"":""-87.887749500002"",""human_address"":""{\""address\"": \""\"", \""city\"": \""\"", \""state\"": \""\"", \""zip\"": \""\""}""}"
SR26-00475162,Pothole in Street Complaint,PHF,,CDOT - Department of Transportation,Open,Mobile Device,2026-03-17T04:33:18.000,2026-03-17T04:33:19.000,6359 W DEVON AVE,,,,6359,W,DEVON,AVE,,,10,45,1,Z107,1,16,1611,32,4,3,3,1132615.612920422,1942079.2391306292,41.997308705242,-87.787525500002,"{""latitude"":""41.997308705242"",""longitude"":""-87.787525500002"",""human_address"":""{\""address\"": \""\"", \""city\"": \""\"", \""state\"": \""\"", \""zip\"": \""\""}""}"
SR26-00475161,Aircraft Noise Complaint,AVN,,Aviation,Completed,Internet,2026-03-17T04:32:33.000,2026-03-17T05:31:38.000,10510 W ZEMKE RD,Demo City,Illinois,60666,10510,W,ZEMKE,RD,,,76,41,,,5,16,1654,27,4,3,3,1105376.7673561182,1941043.7883293368,41.994900000941,-87.887749500002,"{""latitude"":""41.994900000941"",""longitude"":""-87.887749500002"",""human_address"":""{\""address\"": \""\"", \""city\"": \""\"", \""state\"": \""\"", \""zip\"": \""\""}""}"
SR26-00475160,Pothole in Street Complaint,PHF,,CDOT - Department of Transportation,Open,Internet,2026-03-17T04:32:01.000,2026-03-17T07:28:55.000,5648 S MOZART ST,Demo City,Illinois,60629,5648,S,MOZART,ST,1,,63,15,11,I035,2,08,0824,1,4,3,3,1158324.6283309767,1866849.7434630492,41.790383669441,-87.695010176774,"{""latitude"":""41.790383669441"",""longitude"":""-87.695010176774"",""human_address"":""{\""address\"": \""\"", \""city\"": \""\"", \""state\"": \""\"", \""zip\"": \""\""}""}"
SR26-00475159,Pothole in Street Complaint,PHF,,CDOT - Department of Transportation,Open,Mobile Device,2026-03-17T04:31:14.000,2026-03-17T04:31:16.000,5659 W DEVON AVE,,,,5659,W,DEVON,AVE,,,12,39,1,,2,16,1621,27,4,3,3,1137156.7863520726,1942031.9835879945,41.997098387064,-87.770821144314,"{""latitude"":""41.997098387064"",""longitude"":""-87.770821144314"",""human_address"":""{\""address\"": \""\"", \""city\"": \""\"", \""state\"": \""\"", \""zip\"": \""\""}""}"
SR26-00475158,311 INFORMATION ONLY CALL,311IOC,311 City Services,311 City Services,Completed,Phone Call,2026-03-17T04:29:24.000,2026-03-17T04:31:37.000,2111 W Lexington ST,Demo City,Illinois,60612,2111,W,Lexington,ST,,,28,28,7,K024,2,12,1225,46,4,3,3,1162234.4668753312,1896560.9616219066,41.87183400094,-87.679845000002,"{""latitude"":""41.87183400094"",""longitude"":""-87.679845000002"",""human_address"":""{\""address\"": \""\"", \""city\"": \""\"", \""state\"": \""\"", \""zip\"": \""\""}""}"
SR26-00475157,Pothole in Street Complaint,PHF,,CDOT - Department of Transportation,Open,Internet,2026-03-17T04:29:00.000,2026-03-17T04:29:02.000,2506 W 55TH ST,Demo City,Illinois,60632,2506,W,55TH,ST,,,63,15,11,J034,2,09,0923,29,4,3,3,1160539.5258466662,1868197.9816253656,41.79403800094,-87.686851500002,"{""latitude"":""41.79403800094"",""longitude"":""-87.686851500002"",""human_address"":""{\""address\"": \""\"", \""city\"": \""\"", \""state\"": \""\"", \""zip\"": \""\""}""}"
SR26-00475154,311 INFORMATION ONLY CALL,311IOC,311 City Services,311 City Services,Completed,Phone Call,2026-03-17T04:24:17.000,2026-03-17T04:31:37.000,2111 W Lexington ST,Demo City,Illinois,60612,2111,W,Lexington,ST,,,28,28,7,K024,2,12,1225,46,4,3,3,1162234.4668753312,1896560.9616219066,41.87183400094,-87.679845000002,"{""latitude"":""41.87183400094"",""longitude"":""-87.679845000002"",""human_address"":""{\""address\"": \""\"", \""city\"": \""\"", \""state\"": \""\"", \""zip\"": \""\""}""}"
SR26-00475153,311 INFORMATION ONLY CALL,311IOC,311 City Services,311 City Services,Completed,Phone Call,2026-03-17T04:23:46.000,2026-03-17T04:31:37.000,2111 W Lexington ST,Demo City,Illinois,60612,2111,W,Lexington,ST,,,28,28,7,K024,2,12,1225,46,4,3,3,1162234.4668753312,1896560.9616219066,41.87183400094,-87.679845000002,"{""latitude"":""41.87183400094"",""longitude"":""-87.679845000002"",""human_address"":""{\""address\"": \""\"", \""city\"": \""\"", \""state\"": \""\"", \""zip\"": \""\""}""}"
SR26-00475152,Street Light Out Complaint,SFD,311 City Services,CDOT - Department of Transportation,Open,Phone Call,2026-03-17T04:22:00.000,2026-03-17T04:22:09.000,11500 S STATE ST,Demo City,Illinois,60628,11500,S,STATE,ST,,,53,9,14,P050,2,05,0522,9,4,3,3,1178286.0205648497,1828700.6847996819,41.685267950951,-87.622971797455,"{""latitude"":""41.685267950951"",""longitude"":""-87.622971797455"",""human_address"":""{\""address\"": \""\"", \""city\"": \""\"", \""state\"": \""\"", \""zip\"": \""\""}""}"
SR26-00475150,311 INFORMATION ONLY CALL,311IOC,311 City Services,311 City Services,Completed,Phone Call,2026-03-17T04:18:44.000,2026-03-17T04:31:37.000,2111 W Lexington ST,Demo City,Illinois,60612,2111,W,Lexington,ST,,,28,28,7,K024,2,12,1225,46,4,3,3,1162234.4668753312,1896560.9616219066,41.87183400094,-87.679845000002,"{""latitude"":""41.87183400094"",""longitude"":""-87.679845000002"",""human_address"":""{\""address\"": \""\"", \""city\"": \""\"", \""state\"": \""\"", \""zip\"": \""\""}""}"
SR26-00475149,311 INFORMATION ONLY CALL,311IOC,311 City Services,311 City Services,Completed,Phone Call,2026-03-17T04:17:45.000,2026-03-17T04:31:37.000,2111 W Lexington ST,Demo City,Illinois,60612,2111,W,Lexington,ST,,,28,28,7,K024,2,12,1225,46,4,3,3,1162234.4668753312,1896560.9616219066,41.87183400094,-87.679845000002,"{""latitude"":""41.87183400094"",""longitude"":""-87.679845000002"",""human_address"":""{\""address\"": \""\"", \""city\"": \""\"", \""state\"": \""\"", \""zip\"": \""\""}""}"
SR26-00475148,311 INFORMATION ONLY CALL,311IOC,311 City Services,311 City Services,Completed,Phone Call,2026-03-17T04:16:51.000,2026-03-17T04:31:37.000,2111 W Lexington ST,Demo City,Illinois,60612,2111,W,Lexington,ST,,,28,28,7,K024,2,12,1225,46,4,3,3,1162234.4668753312,1896560.9616219066,41.87183400094,-87.679845000002,"{""latitude"":""41.87183400094"",""longitude"":""-87.679845000002"",""human_address"":""{\""address\"": \""\"", \""city\"": \""\"", \""state\"": \""\"", \""zip\"": \""\""}""}"
SR26-00475147,311 INFORMATION ONLY CALL,311IOC,311 City Services,311 City Services,Completed,Phone Call,2026-03-17T04:15:03.000,2026-03-17T04:31:37.000,2111 W Lexington ST,Demo City,Illinois,60612,2111,W,Lexington,ST,,,28,28,7,K024,2,12,1225,46,4,3,3,1162234.4668753312,1896560.9616219066,41.87183400094,-87.679845000002,"{""latitude"":""41.87183400094"",""longitude"":""-87.679845000002"",""human_address"":""{\""address\"": \""\"", \""city\"": \""\"", \""state\"": \""\"", \""zip\"": \""\""}""}"
SR26-00475146,311 INFORMATION ONLY CALL,311IOC,311 City Services,311 City Services,Completed,Phone Call,2026-03-17T04:11:30.000,2026-03-17T04:31:37.000,2111 W Lexington ST,Demo City,Illinois,60612,2111,W,Lexington,ST,,,28,28,7,K024,2,12,1225,46,4,3,3,1162234.4668753312,1896560.9616219066,41.87183400094,-87.679845000002,"{""latitude"":""41.87183400094"",""longitude"":""-87.679845000002"",""human_address"":""{\""address\"": \""\"", \""city\"": \""\"", \""state\"": \""\"", \""zip\"": \""\""}""}"
SR26-00475145,311 INFORMATION ONLY CALL,311IOC,311 City Services,311 City Services,Completed,Phone Call,2026-03-17T04:08:20.000,2026-03-17T04:31:37.000,2111 W Lexington ST,Demo City,Illinois,60612,2111,W,Lexington,ST,,,28,28,7,K024,2,12,1225,46,4,3,3,1162234.4668753312,1896560.9616219066,41.87183400094,-87.679845000002,"{""latitude"":""41.87183400094"",""longitude"":""-87.679845000002"",""human_address"":""{\""address\"": \""\"", \""city\"": \""\"", \""state\"": \""\"", \""zip\"": \""\""}""}"
SR26-00475144,311 INFORMATION ONLY CALL,311IOC,311 City Services,311 City Services,Completed,Phone Call,2026-03-17T04:08:03.000,2026-03-17T04:31:37.000,2111 W Lexington ST,Demo City,Illinois,60612,2111,W,Lexington,ST,,,28,28,7,K024,2,12,1225,46,4,3,3,1162234.4668753312,1896560.9616219066,41.87183400094,-87.679845000002,"{""latitude"":""41.87183400094"",""longitude"":""-87.679845000002"",""human_address"":""{\""address\"": \""\"", \""city\"": \""\"", \""state\"": \""\"", \""zip\"": \""\""}""}"
SR26-00475143,City Vehicle Sticker Violation,QAC,,City Clerk's Office,Open,Internet,2026-03-17T04:04:48.000,2026-03-17T04:04:51.000,5515 N DELPHIA AVE,Demo City,Illinois,60656,5515,N,DELPHIA,AVE,,,76,41,1,U109,1,16,1614,28,4,3,3,1118044.5586015026,1935626.1321498225,41.979843000941,-87.841264500002,"{""latitude"":""41.979843000941"",""longitude"":""-87.841264500002"",""human_address"":""{\""address\"": \""\"", \""city\"": \""\"", \""state\"": \""\"", \""zip\"": \""\""}""}"
SR26-00475142,311 INFORMATION ONLY CALL,311IOC,311 City Services,311 City Services,Completed,Phone Call,2026-03-17T04:04:15.000,2026-03-17T04:31:37.000,2111 W Lexington ST,Demo City,Illinois,60612,2111,W,Lexington,ST,,,28,28,7,K024,2,12,1225,46,4,3,3,1162234.4668753312,1896560.9616219066,41.87183400094,-87.679845000002,"{""latitude"":""41.87183400094"",""longitude"":""-87.679845000002"",""human_address"":""{\""address\"": \""\"", \""city\"": \""\"", \""state\"": \""\"", \""zip\"": \""\""}""}"
SR26-00475141,311 INFORMATION ONLY CALL,311IOC,311 City Services,311 City Services,Completed,Phone Call,2026-03-17T04:02:35.000,2026-03-17T04:31:37.000,2111 W Lexington ST,Demo City,Illinois,60612,2111,W,Lexington,ST,,,28,28,7,K024,2,12,1225,46,4,3,3,1162234.4668753312,1896560.9616219066,41.87183400094,-87.679845000002,"{""latitude"":""41.87183400094"",""longitude"":""-87.679845000002"",""human_address"":""{\""address\"": \""\"", \""city\"": \""\"", \""state\"": \""\"", \""zip\"": \""\""}""}"
SR26-00475140,Water Lead Test Kit Request,WCA2,,DWM - Department of Water Management,Open,DWM,2026-03-17T04:01:53.000,2026-03-17T04:31:37.000,1912 W BARRY AVE,Demo City,IL,,1912,W,BARRY,AVE,,,5,32,4,L015,3,19,1931,41,4,3,3,1162958.1041730465,1920669.6957325016,41.937975000941,-87.676510500002,"{""latitude"":""41.937975000941"",""longitude"":""-87.676510500002"",""human_address"":""{\""address\"": \""\"", \""city\"": \""\"", \""state\"": \""\"", \""zip\"": \""\""}""}"
SR26-00475139,Water Lead Test Kit Request,WCA2,,DWM - Department of Water Management,Open,DWM,2026-03-17T04:01:50.000,2026-03-17T04:31:37.000,946 N ST LOUIS AVE,Demo City,IL,,946,N,ST LOUIS,AVE,,,23,27,5,H020,2,11,1121,3,4,3,3,1152790.231673981,1906294.1713223762,41.898735000941,-87.714261000002,"{""latitude"":""41.898735000941"",""longitude"":""-87.714261000002"",""human_address"":""{\""address\"": \""\"", \""city\"": \""\"", \""state\"": \""\"", \""zip\"": \""\""}""}"
SR26-00475138,Water Lead Test Kit Request,WCA2,,DWM - Department of Water Management,Open,DWM,2026-03-17T04:01:45.000,2026-03-17T04:31:37.000,944 N ST LOUIS AVE,Demo City,IL,,944,N,ST LOUIS,AVE,,,23,27,5,H020,2,11,1121,3,4,3,3,1152790.3973312136,1906271.2141445437,41.898672000941,-87.714261000002,"{""latitude"":""41.898672000941"",""longitude"":""-87.714261000002"",""human_address"":""{\""address\"": \""\"", \""city\"": \""\"", \""state\"": \""\"", \""zip\"": \""\""}""}"
SR26-00475137,Water Lead Test Kit Request,WCA2,,DWM - Department of Water Management,Open,DWM,2026-03-17T04:01:41.000,2026-03-17T04:31:37.000,5325 N GLENWOOD AVE,Demo City,IL,,5325,N,GLENWOOD,AVE,,,77,48,2,M009,1,20,2013,11,4,3,3,1166101.0218566067,1935597.5525558859,41.978871000941,-87.664531500002,"{""latitude"":""41.978871000941"",""longitude"":""-87.664531500002"",""human_address"":""{\""address\"": \""\"", \""city\"": \""\"", \""state\"": \""\"", \""zip\"": \""\""}""}"
SR26-00475136,Water Lead Test Kit Request,WCA2,,DWM - Department of Water Management,Open,DWM,2026-03-17T04:01:35.000,2026-03-17T04:31:37.000,9437 S CALUMET AVE,Demo City,IL,,9437,S,CALUMET,AVE,,,49,6,14,Q044,3,06,0633,47,4,3,3,1180316.813177625,1842330.2052369043,41.72262300094,-87.615121500002,"{""latitude"":""41.72262300094"",""longitude"":""-87.615121500002"",""human_address"":""{\""address\"": \""\"", \""city\"": \""\"", \""state\"": \""\"", \""zip\"": \""\""}""}"
SR26-00475135,Water Lead Test Kit Request,WCA2,,DWM - Department of Water Management,Open,DWM,2026-03-17T04:01:32.000,2026-03-17T04:31:37.000,1239 N HARDING AVE,Demo City,IL,,1239,N,HARDING,AVE,,,23,37,6,G019,3,25,2535,12,4,3,3,1149889.3836314513,1908146.163587844,41.903874000941,-87.724867500002,"{""latitude"":""41.903874000941"",""longitude"":""-87.724867500002"",""human_address"":""{\""address\"": \""\"", \""city\"": \""\"", \""state\"": \""\"", \""zip\"": \""\""}""}"
SR26-00475134,Water Lead Test Kit Request,WCA2,,DWM - Department of Water Management,Open,DWM,2026-03-17T04:01:28.000,2026-03-17T04:31:37.000,7235 W FITCH AVE,Demo City,IL,,7235,W,FITCH,AVE,,,9,41,1,X105,1,16,1611,44,4,3,3,1126988.5820420256,1946869.8009160536,42.010551000941,-87.808117500002,"{""latitude"":""42.010551000941"",""longitude"":""-87.808117500002"",""human_address"":""{\""address\"": \""\"", \""city\"": \""\"", \""state\"": \""\"", \""zip\"": \""\""}""}"
SR26-00475133,311 INFORMATION ONLY CALL,311IOC,311 City Services,311 City Services,Completed,Phone Call,2026-03-17T04:01:26.000,2026-03-17T04:31:37.000,2111 W Lexington ST,Demo City,Illinois,60612,2111,W,Lexington,ST,,,28,28,7,K024,2,12,1225,46,4,3,3,1162234.4668753312,1896560.9616219066,41.87183400094,-87.679845000002,"{""latitude"":""41.87183400094"",""longitude"":""-87.679845000002"",""human_address"":""{\""address\"": \""\"", \""city\"": \""\"", \""state\"": \""\"", \""zip\"": \""\""}""}"
SR26-00475132,311 INFORMATION ONLY CALL,311IOC,311 City Services,311 City Services,Completed,Phone Call,2026-03-17T04:01:25.000,2026-03-17T04:31:37.000,2111 W Lexington ST,Demo City,Illinois,60612,2111,W,Lexington,ST,,,28,28,7,K024,2,12,1225,46,4,3,3,1162234.4668753312,1896560.9616219066,41.87183400094,-87.679845000002,"{""latitude"":""41.87183400094"",""longitude"":""-87.679845000002"",""human_address"":""{\""address\"": \""\"", \""city\"": \""\"", \""state\"": \""\"", \""zip\"": \""\""}""}"
SR26-00475130,Water Lead Test Kit Request,WCA2,,DWM - Department of Water Management,Open,DWM,2026-03-17T04:01:20.000,2026-03-17T04:31:37.000,3253 S CANAL ST,Demo City,IL,,3253,S,CANAL,ST,,,60,11,9,O029,1,09,0915,20,4,3,3,1173903.819348377,1883162.9287016585,41.83481700094,-87.637401000002,"{""latitude"":""41.83481700094"",""longitude"":""-87.637401000002"",""human_address"":""{\""address\"": \""\"", \""city\"": \""\"", \""state\"": \""\"", \""zip\"": \""\""}""}"
SR26-00475129,Water Lead Test Kit Request,WCA2,,DWM - Department of Water Management,Open,DWM,2026-03-17T04:01:16.000,2026-03-17T04:31:37.000,5336 N ORIOLE AVE,Demo City,IL,,5336,N,ORIOLE,AVE,,,10,41,1,W109,1,16,1613,13,4,3,3,1124603.5741352765,1934720.1648155153,41.977251000941,-87.817162500002,"{""latitude"":""41.977251000941"",""longitude"":""-87.817162500002"",""human_address"":""{\""address\"": \""\"", \""city\"": \""\"", \""state\"": \""\"", \""zip\"": \""\""}""}"
SR26-00475128,Water Lead Test Kit Request,WCA2,,DWM - Department of Water Management,Open,DWM,2026-03-17T04:01:10.000,2026-03-17T04:31:37.000,11020 S ARTESIAN AVE,Demo City,IL,,11020,S,ARTESIAN,AVE,,,75,19,13,J048,1,22,2212,50,4,3,3,1161943.3270771867,1831364.4413118968,41.69293200094,-87.682725000002,"{""latitude"":""41.69293200094"",""longitude"":""-87.682725000002"",""human_address"":""{\""address\"": \""\"", \""city\"": \""\"", \""state\"": \""\"", \""zip\"": \""\""}""}"
SR26-00475126,Water Lead Test Kit Request,WCA2,,DWM - Department of Water Management,Open,DWM,2026-03-17T04:01:01.000,2026-03-17T04:31:37.000,6212 S THROOP ST,Demo City,IL,,6212,S,THROOP,ST,,,67,16,11,M036,1,07,0713,9,4,3,3,1168625.8940821125,1863452.0865693397,41.78084400094,-87.657336000002,"{""latitude"":""41.78084400094"",""longitude"":""-87.657336000002"",""human_address"":""{\""address\"": \""\"", \""city\"": \""\"", \""state\"": \""\"", \""zip\"": \""\""}""}"
SR26-00475125,Water Lead Test Kit Request,WCA2,,DWM - Department of Water Management,Open,DWM,2026-03-17T04:00:57.000,2026-03-17T04:31:37.000,4338 S MOZART ST,Demo City,IL,,4338,S,MOZART,ST,,,58,12,8,I032,2,09,0922,11,4,3,3,1158021.713661238,1875597.920536117,41.81439600094,-87.695883000002,"{""latitude"":""41.81439600094"",""longitude"":""-87.695883000002"",""human_address"":""{\""address\"": \""\"", \""city\"": \""\"", \""state\"": \""\"", \""zip\"": \""\""}""}"
SR26-00475124,Water Lead Test Kit Request,WCA2,,DWM - Department of Water Management,Open,DWM,2026-03-17T04:00:52.000,2026-03-17T04:31:37.000,7742 S ALBANY AVE,Demo City,IL,,7742,S,ALBANY,AVE,,,70,18,11,I040,3,08,0835,42,4,3,3,1156986.372571374,1852927.4642795138,41.75220600094,-87.700293000002,"{""latitude"":""41.75220600094"",""longitude"":""-87.700293000002"",""human_address"":""{\""address\"": \""\"", \""city\"": \""\"", \""state\"": \""\"", \""zip\"": \""\""}""}"
SR26-00475123,Water Lead Test Kit Request,WCA2,,DWM - Department of Water Management,Open,DWM,2026-03-17T04:00:47.000,2026-03-17T04:31:37.000,8319 S KINGSTON AVE,Demo City,IL,,8319,S,KINGSTON,AVE,,,46,7,15,W042,2,04,0423,27,4,3,3,1194697.7164133652,1850217.819980829,41.74392600094,-87.562188000002,"{""latitude"":""41.74392600094"",""longitude"":""-87.562188000002"",""human_address"":""{\""address\"": \""\"", \""city\"": \""\"", \""state\"": \""\"", \""zip\"": \""\""}""}"
SR26-00475122,Water Lead Test Kit Request,WCA2,,DWM - Department of Water Management,Open,DWM,2026-03-17T04:00:43.000,2026-03-17T04:31:37.000,2150 W FLETCHER ST,Demo City,IL,,2150,W,FLETCHER,ST,,,5,32,4,K015,3,19,1931,42,4,3,3,1161254.9890919768,1920984.689979776,41.938875000941,-87.682761000002,"{""latitude"":""41.938875000941"",""longitude"":""-87.682761000002"",""human_address"":""{\""address\"": \""\"", \""city\"": \""\"", \""state\"": \""\"", \""zip\"": \""\""}""}"
SR26-00475121,Water Lead Test Kit Request,WCA2,,DWM - Department of Water Management,Open,DWM,2026-03-17T04:00:38.000,2026-03-17T04:31:37.000,6245 W NEWPORT AVE,Demo City,IL,,6245,W,NEWPORT,AVE,,,17,30,3,A014,3,16,1633,30,4,3,3,1133950.6479697432,1922200.472936187,41.942736000941,-87.783084000002,"{""latitude"":""41.942736000941"",""longitude"":""-87.783084000002"",""human_address"":""{\""address\"": \""\"", \""city\"": \""\"", \""state\"": \""\"", \""zip\"": \""\""}""}"
SR26-00475120,Water Lead Test Kit Request,WCA2,,DWM - Department of Water Management,Open,DWM,2026-03-17T04:00:34.000,2026-03-17T04:31:37.000,8411 S PAULINA ST,Demo City,IL,,8411,S,PAULINA,ST,,,71,18,13,L042,1,06,0614,13,4,3,3,1166555.5772045495,1848864.105167259,41.74085700094,-87.665341500002,"{""latitude"":""41.74085700094"",""longitude"":""-87.665341500002"",""human_address"":""{\""address\"": \""\"", \""city\"": \""\"", \""state\"": \""\"", \""zip\"": \""\""}""}"
SR26-00475119,Water Lead Test Kit Request,WCA2,,DWM - Department of Water Management,Open,DWM,2026-03-17T04:00:29.000,2026-03-17T04:31:37.000,8340 S PAULINA ST,Demo City,IL,,8340,S,PAULINA,ST,,,71,18,13,L042,1,06,0614,13,4,3,3,1166390.7188993918,1849217.034599735,41.74182900094,-87.665935500002,"{""latitude"":""41.74182900094"",""longitude"":""-87.665935500002"",""human_address"":""{\""address\"": \""\"", \""city\"": \""\"", \""state\"": \""\"", \""zip\"": \""\""}""}"
SR26-00475118,Water Lead Test Kit Request,WCA2,,DWM - Department of Water Management,Open,DWM,2026-03-17T04:00:22.000,2026-03-17T04:31:37.000,1748 E 68TH ST,Demo City,IL,,1748,E,68TH,ST,,,43,5,12,U038,3,03,0332,25,4,3,3,1189225.3232404217,1860310.4885660757,41.77175400094,-87.581916000002,"{""latitude"":""41.77175400094"",""longitude"":""-87.581916000002"",""human_address"":""{\""address\"": \""\"", \""city\"": \""\"", \""state\"": \""\"", \""zip\"": \""\""}""}"
SR26-00475117,311 INFORMATION ONLY CALL,311IOC,311 City Services,311 City Services,Completed,Phone Call,2026-03-17T03:59:47.000,2026-03-17T04:31:37.000,2111 W Lexington ST,Demo City,Illinois,60612,2111,W,Lexington,ST,,,28,28,7,K024,2,12,1225,46,3,3,3,1162234.4668753312,1896560.9616219066,41.87183400094,-87.679845000002,"{""latitude"":""41.87183400094"",""longitude"":""-87.679845000002"",""human_address"":""{\""address\"": \""\"", \""city\"": \""\"", \""state\"": \""\"", \""zip\"": \""\""}""}"
SR26-00475116,Street Light Out Complaint,SFD,311 City Services,CDOT - Department of Transportation,Open,Phone Call,2026-03-17T03:59:30.000,2026-03-17T03:59:31.000,620 E OAKWOOD BLVD,Demo City,Illinois,60653,620,E,OAKWOOD,BLVD,1,,38,4,9,R031,1,02,0214,32,3,3,3,1181120.2716855602,1878903.0148674862,41.82296400094,-87.611053500002,"{""latitude"":""41.82296400094"",""longitude"":""-87.611053500002"",""human_address"":""{\""address\"": \""\"", \""city\"": \""\"", \""state\"": \""\"", \""zip\"": \""\""}""}"
SR26-00475115,311 INFORMATION ONLY CALL,311IOC,311 City Services,311 City Services,Completed,Phone Call,2026-03-17T03:54:01.000,2026-03-17T04:31:37.000,2111 W Lexington ST,Demo City,Illinois,60612,2111,W,Lexington,ST,,,28,28,7,K024,2,12,1225,46,3,3,3,1162234.4668753312,1896560.9616219066,41.87183400094,-87.679845000002,"{""latitude"":""41.87183400094"",""longitude"":""-87.679845000002"",""human_address"":""{\""address\"": \""\"", \""city\"": \""\"", \""state\"": \""\"", \""zip\"": \""\""}""}"
SR26-00475113,311 INFORMATION ONLY CALL,311IOC,311 City Services,311 City Services,Completed,Phone Call,2026-03-17T03:49:58.000,2026-03-17T04:31:37.000,2111 W Lexington ST,Demo City,Illinois,60612,2111,W,Lexington,ST,,,45,8,15,T042,1,04,0412,37,3,3,3,1186773.2682211162,1849836.564105098,41.74307100094,-87.591235500002,"{""latitude"":""41.74307100094"",""longitude"":""-87.591235500002"",""human_address"":""{\""address\"": \""\"", \""city\"": \""\"", \""state\"": \""\"", \""zip\"": \""\""}""}"
SR26-00475112,311 INFORMATION ONLY CALL,311IOC,311 City Services,311 City Services,Completed,Phone Call,2026-03-17T03:47:07.000,2026-03-17T04:31:37.000,2111 W Lexington ST,Demo City,Illinois,60612,2111,W,Lexington,ST,,,28,28,7,K024,2,12,1225,46,3,3,3,1162234.4668753312,1896560.9616219066,41.87183400094,-87.679845000002,"{""latitude"":""41.87183400094"",""longitude"":""-87.679845000002"",""human_address"":""{\""address\"": \""\"", \""city\"": \""\"", \""state\"": \""\"", \""zip\"": \""\""}""}"
SR26-00475111,311 INFORMATION ONLY CALL,311IOC,311 City Services,311 City Services,Completed,Phone Call,2026-03-17T03:43:23.000,2026-03-17T04:31:37.000,2111 W Lexington ST,Demo City,Illinois,60612,2111,W,Lexington,ST,,,28,28,7,K024,2,12,1225,46,3,3,3,1162234.4668753312,1896560.9616219066,41.87183400094,-87.679845000002,"{""latitude"":""41.87183400094"",""longitude"":""-87.679845000002"",""human_address"":""{\""address\"": \""\"", \""city\"": \""\"", \""state\"": \""\"", \""zip\"": \""\""}""}"
SR26-00475110,311 INFORMATION ONLY CALL,311IOC,311 City Services,311 City Services,Completed,Phone Call,2026-03-17T03:43:11.000,2026-03-17T04:31:37.000,2111 W Lexington ST,Demo City,Illinois,60612,2111,W,Lexington,ST,,,28,28,7,K024,2,12,1225,46,3,3,3,1162234.4668753312,1896560.9616219066,41.87183400094,-87.679845000002,"{""latitude"":""41.87183400094"",""longitude"":""-87.679845000002"",""human_address"":""{\""address\"": \""\"", \""city\"": \""\"", \""state\"": \""\"", \""zip\"": \""\""}""}"
SR26-00475109,311 INFORMATION ONLY CALL,311IOC,311 City Services,311 City Services,Completed,Phone Call,2026-03-17T03:43:04.000,2026-03-17T04:31:37.000,2111 W Lexington ST,Demo City,Illinois,60612,2111,W,Lexington,ST,,,28,28,7,K024,2,12,1225,46,3,3,3,1162234.4668753312,1896560.9616219066,41.87183400094,-87.679845000002,"{""latitude"":""41.87183400094"",""longitude"":""-87.679845000002"",""human_address"":""{\""address\"": \""\"", \""city\"": \""\"", \""state\"": \""\"", \""zip\"": \""\""}""}"
SR26-00475108,311 INFORMATION ONLY CALL,311IOC,311 City Services,311 City Services,Completed,Phone Call,2026-03-17T03:39:25.000,2026-03-17T04:31:37.000,2111 W Lexington ST,Demo City,Illinois,60612,2111,W,Lexington,ST,,,28,28,7,K024,2,12,1225,46,3,3,3,1162234.4668753312,1896560.9616219066,41.87183400094,-87.679845000002,"{""latitude"":""41.87183400094"",""longitude"":""-87.679845000002"",""human_address"":""{\""address\"": \""\"", \""city\"": \""\"", \""state\"": \""\"", \""zip\"": \""\""}""}"
SR26-00475107,311 INFORMATION ONLY CALL,311IOC,311 City Services,311 City Services,Completed,Phone Call,2026-03-17T03:37:54.000,2026-03-17T04:31:37.000,2111 W Lexington ST,Demo City,Illinois,60612,2111,W,Lexington,ST,,,28,28,7,K024,2,12,1225,46,3,3,3,1162234.4668753312,1896560.9616219066,41.87183400094,-87.679845000002,"{""latitude"":""41.87183400094"",""longitude"":""-87.679845000002"",""human_address"":""{\""address\"": \""\"", \""city\"": \""\"", \""state\"": \""\"", \""zip\"": \""\""}""}"
SR26-00475106,Finance Parking Code Enforcement Review,FPCE,,Finance,Completed,Internet,2026-03-17T03:36:02.000,2026-03-17T03:36:02.000,5128 W ALTGELD ST,Demo City,Illinois,60639,5128,W,ALTGELD,ST,,,19,31,3,D016,2,25,2521,28,3,3,3,1141636.7912183597,1916226.1522276977,41.926203000941,-87.754981500002,"{""latitude"":""41.926203000941"",""longitude"":""-87.754981500002"",""human_address"":""{\""address\"": \""\"", \""city\"": \""\"", \""state\"": \""\"", \""zip\"": \""\""}""}"
SR26-00475105,311 INFORMATION ONLY CALL,311IOC,311 City Services,311 City Services,Completed,Phone Call,2026-03-17T03:35:45.000,2026-03-17T04:31:37.000,2111 W Lexington ST,Demo City,Illinois,60612,2111,W,Lexington,ST,,,28,28,7,K024,2,12,1225,46,3,3,3,1162234.4668753312,1896560.9616219066,41.87183400094,-87.679845000002,"{""latitude"":""41.87183400094"",""longitude"":""-87.679845000002"",""human_address"":""{\""address\"": \""\"", \""city\"": \""\"", \""state\"": \""\"", \""zip\"": \""\""}""}"
SR26-00475104,Graffiti Removal Request,GRAF,,Streets and Sanitation,Completed,Internet,2026-03-17T03:26:51.000,2026-03-17T08:23:32.000,2801 S ASHLAND AVE,Demo City,Illinois,60608,2801,S,ASHLAND,AVE,,,31,12,9,M028,1,09,0913,32,3,3,3,1166160.9368269653,1885307.558185162,41.840870705242,-87.665750592992,"{""latitude"":""41.840870705242"",""longitude"":""-87.665750592992"",""human_address"":""{\""address\"": \""\"", \""city\"": \""\"", \""state\"": \""\"", \""zip\"": \""\""}""}"
SR26-00475102,311 INFORMATION ONLY CALL,311IOC,311 City Services,311 City Services,Completed,Phone Call,2026-03-17T03:15:51.000,2026-03-17T03:31:39.000,2111 W Lexington ST,Demo City,Illinois,60612,2111,W,Lexington,ST,,,28,28,7,K024,2,12,1225,46,3,3,3,1162234.4668753312,1896560.9616219066,41.87183400094,-87.679845000002,"{""latitude"":""41.87183400094"",""longitude"":""-87.679845000002"",""human_address"":""{\""address\"": \""\"", \""city\"": \""\"", \""state\"": \""\"", \""zip\"": \""\""}""}"
SR26-00475101,Water Lead Test Kit Request,WCA2,,DWM - Department of Water Management,Open,Internet,2026-03-17T03:13:11.000,2026-03-17T03:13:16.000,6305 N HERMITAGE AVE,Demo City,Illinois,60660,6305,N,HERMITAGE,AVE,,,77,40,2,L007,3,24,2433,37,3,3,3,1163736.9893922112,1941781.4011704603,41.995890000941,-87.673050000002,"{""latitude"":""41.995890000941"",""longitude"":""-87.673050000002"",""human_address"":""{\""address\"": \""\"", \""city\"": \""\"", \""state\"": \""\"", \""zip\"": \""\""}""}"
SR26-00475100,311 INFORMATION ONLY CALL,311IOC,311 City Services,311 City Services,Completed,Phone Call,2026-03-17T03:11:00.000,2026-03-17T03:31:39.000,2111 W Lexington ST,Demo City,Illinois,60612,2111,W,Lexington,ST,,,28,28,7,K024,2,12,1225,46,3,3,3,1162234.4668753312,1896560.9616219066,41.87183400094,-87.679845000002,"{""latitude"":""41.87183400094"",""longitude"":""-87.679845000002"",""human_address"":""{\""address\"": \""\"", \""city\"": \""\"", \""state\"": \""\"", \""zip\"": \""\""}""}"
SR26-00475099,Water On Street Complaint,AAE,311 City Services,DWM - Department of Water Management,Open,Phone Call,2026-03-17T03:09:15.000,2026-03-17T04:16:40.000,1214 N LARAMIE AVE,Demo City,Illinois,60651,1214,N,LARAMIE,AVE,,,25,37,6,C019,3,25,2532,23,3,3,3,1141396.7650487763,1907674.2219501939,41.902740000941,-87.756075000002,"{""latitude"":""41.902740000941"",""longitude"":""-87.756075000002"",""human_address"":""{\""address\"": \""\"", \""city\"": \""\"", \""state\"": \""\"", \""zip\"": \""\""}""}"
SR26-00475098,311 INFORMATION ONLY CALL,311IOC,311 City Services,311 City Services,Completed,Phone Call,2026-03-17T03:07:42.000,2026-03-17T03:31:39.000,2111 W Lexington ST,Demo City,Illinois,60612,2111,W,Lexington,ST,,,28,28,7,K024,2,12,1225,46,3,3,3,1162234.4668753312,1896560.9616219066,41.87183400094,-87.679845000002,"{""latitude"":""41.87183400094"",""longitude"":""-87.679845000002"",""human_address"":""{\""address\"": \""\"", \""city\"": \""\"", \""state\"": \""\"", \""zip\"": \""\""}""}"
SR26-00475096,Sanitation Code Violation,SCB,,Streets and Sanitation,Open,Internet,2026-03-17T03:05:42.000,2026-03-17T03:05:45.000,7150 S MAY ST,Demo City,Illinois,60621,7150,S,MAY,ST,,,68,17,11,N039,3,07,0733,22,3,3,3,1169824.3177991244,1857187.405525546,41.76362700094,-87.653124000002,"{""latitude"":""41.76362700094"",""longitude"":""-87.653124000002"",""human_address"":""{\""address\"": \""\"", \""city\"": \""\"", \""state\"": \""\"", \""zip\"": \""\""}""}"
SR26-00475094,311 INFORMATION ONLY CALL,311IOC,311 City Services,311 City Services,Completed,Phone Call,2026-03-17T03:02:37.000,2026-03-17T03:31:39.000,2111 W Lexington ST,Demo City,Illinois,60612,2111,W,Lexington,ST,,,28,28,7,K024,2,12,1225,46,3,3,3,1162234.4668753312,1896560.9616219066,41.87183400094,-87.679845000002,"{""latitude"":""41.87183400094"",""longitude"":""-87.679845000002"",""human_address"":""{\""address\"": \""\"", \""city\"": \""\"", \""state\"": \""\"", \""zip\"": \""\""}""}"
SR26-00475093,311 INFORMATION ONLY CALL,311IOC,311 City Services,311 City Services,Completed,Phone Call,2026-03-17T03:01:57.000,2026-03-17T03:31:39.000,2111 W Lexington ST,Demo City,Illinois,60612,2111,W,Lexington,ST,,,28,28,7,K024,2,12,1225,46,3,3,3,1162234.4668753312,1896560.9616219066,41.87183400094,-87.679845000002,"{""latitude"":""41.87183400094"",""longitude"":""-87.679845000002"",""human_address"":""{\""address\"": \""\"", \""city\"": \""\"", \""state\"": \""\"", \""zip\"": \""\""}""}"
SR26-00475092,311 INFORMATION ONLY CALL,311IOC,311 City Services,311 City Services,Completed,Phone Call,2026-03-17T02:57:01.000,2026-03-17T03:31:39.000,2111 W Lexington ST,Demo City,Illinois,60612,2111,W,Lexington,ST,,,28,28,7,K024,2,12,1225,46,2,3,3,1162234.4668753312,1896560.9616219066,41.87183400094,-87.679845000002,"{""latitude"":""41.87183400094"",""longitude"":""-87.679845000002"",""human_address"":""{\""address\"": \""\"", \""city\"": \""\"", \""state\"": \""\"", \""zip\"": \""\""}""}"
SR26-00475091,Aircraft Noise Complaint,AVN,,Aviation,Completed,Internet,2026-03-17T02:55:55.000,2026-03-17T03:31:39.000,10510 W ZEMKE RD,Demo City,Illinois,60666,10510,W,ZEMKE,RD,,,76,41,,,5,16,1654,27,2,3,3,1105376.7673561182,1941043.7883293368,41.994900000941,-87.887749500002,"{""latitude"":""41.994900000941"",""longitude"":""-87.887749500002"",""human_address"":""{\""address\"": \""\"", \""city\"": \""\"", \""state\"": \""\"", \""zip\"": \""\""}""}"
SR26-00475090,Inspect Public Way Request,PBD,311 City Services,CDOT - Department of Transportation,Open,Phone Call,2026-03-17T02:52:31.000,2026-03-17T02:52:33.000,5601 S KILPATRICK AVE,Demo City,Illinois,,5601,S,KILPATRICK,AVE,,,56,23,10,E035,1,08,0813,25,2,3,3,1145960.7183957214,1867737.1854862764,41.79306191413,-87.740323576496,"{""latitude"":""41.79306191413"",""longitude"":""-87.740323576496"",""human_address"":""{\""address\"": \""\"", \""city\"": \""\"", \""state\"": \""\"", \""zip\"": \""\""}""}"
SR26-00475089,311 INFORMATION ONLY CALL,311IOC,311 City Services,311 City Services,Completed,Phone Call,2026-03-17T02:49:12.000,2026-03-17T03:31:39.000,2111 W Lexington ST,Demo City,Illinois,60612,2111,W,Lexington,ST,,,28,28,7,K024,2,12,1225,46,2,3,3,1162234.4668753312,1896560.9616219066,41.87183400094,-87.679845000002,"{""latitude"":""41.87183400094"",""longitude"":""-87.679845000002"",""human_address"":""{\""address\"": \""\"", \""city\"": \""\"", \""state\"": \""\"", \""zip\"": \""\""}""}"
SR26-00475088,Sign Repair Request - All Other Signs,PCE,,CDOT - Department of Transportation,Open,Mobile Device,2026-03-17T02:37:54.000,2026-03-17T02:37:57.000,6100 W SCHOOL ST,,,,6100,W,SCHOOL,ST,,,17,30,3,A014,3,16,1633,21,2,3,3,1135093.3727169542,1921374.7786957535,41.940450000941,-87.778903500002,"{""latitude"":""41.940450000941"",""longitude"":""-87.778903500002"",""human_address"":""{\""address\"": \""\"", \""city\"": \""\"", \""state\"": \""\"", \""zip\"": \""\""}""}"
SR26-00475087,311 INFORMATION ONLY CALL,311IOC,311 City Services,311 City Services,Completed,Phone Call,2026-03-17T02:35:55.000,2026-03-17T03:31:39.000,2111 W Lexington ST,Demo City,Illinois,60612,2111,W,Lexington,ST,,,28,28,7,K024,2,12,1225,46,2,3,3,1162234.4668753312,1896560.9616219066,41.87183400094,-87.679845000002,"{""latitude"":""41.87183400094"",""longitude"":""-87.679845000002"",""human_address"":""{\""address\"": \""\"", \""city\"": \""\"", \""state\"": \""\"", \""zip\"": \""\""}""}"
SR26-00475086,311 INFORMATION ONLY CALL,311IOC,311 City Services,311 City Services,Completed,Phone Call,2026-03-17T02:31:39.000,2026-03-17T03:31:39.000,2111 W Lexington ST,Demo City,Illinois,60612,2111,W,Lexington,ST,,,28,28,7,K024,2,12,1225,46,2,3,3,1162234.4668753312,1896560.9616219066,41.87183400094,-87.679845000002,"{""latitude"":""41.87183400094"",""longitude"":""-87.679845000002"",""human_address"":""{\""address\"": \""\"", \""city\"": \""\"", \""state\"": \""\"", \""zip\"": \""\""}""}"
SR26-00475085,Aircraft Noise Complaint,AVN,,Aviation,Completed,Internet,2026-03-17T02:31:09.000,2026-03-17T03:31:39.000,10510 W ZEMKE RD,Demo City,Illinois,60666,10510,W,ZEMKE,RD,,,76,41,,,5,16,1654,27,2,3,3,1105376.7673561182,1941043.7883293368,41.994900000941,-87.887749500002,"{""latitude"":""41.994900000941"",""longitude"":""-87.887749500002"",""human_address"":""{\""address\"": \""\"", \""city\"": \""\"", \""state\"": \""\"", \""zip\"": \""\""}""}"
SR26-00475084,311 INFORMATION ONLY CALL,311IOC,311 City Services,311 City Services,Completed,Phone Call,2026-03-17T02:30:53.000,2026-03-17T03:31:39.000,2111 W Lexington ST,Demo City,Illinois,60612,2111,W,Lexington,ST,,,28,28,7,K024,2,12,1225,46,2,3,3,1162234.4668753312,1896560.9616219066,41.87183400094,-87.679845000002,"{""latitude"":""41.87183400094"",""longitude"":""-87.679845000002"",""human_address"":""{\""address\"": \""\"", \""city\"": \""\"", \""state\"": \""\"", \""zip\"": \""\""}""}"
SR26-00475083,311 INFORMATION ONLY CALL,311IOC,311 City Services,311 City Services,Completed,Phone Call,2026-03-17T02:28:08.000,2026-03-17T02:31:32.000,2111 W Lexington ST,Demo City,Illinois,60612,2111,W,Lexington,ST,,,28,28,7,K024,2,12,1225,46,2,3,3,1162234.4668753312,1896560.9616219066,41.87183400094,-87.679845000002,"{""latitude"":""41.87183400094"",""longitude"":""-87.679845000002"",""human_address"":""{\""address\"": \""\"", \""city\"": \""\"", \""state\"": \""\"", \""zip\"": \""\""}""}"
SR26-00475082,Aircraft Noise Complaint,AVN,,Aviation,Completed,Internet,2026-03-17T02:24:24.000,2026-03-17T02:31:32.000,10510 W ZEMKE RD,Demo City,Illinois,60666,10510,W,ZEMKE,RD,,,76,41,,,5,16,1654,27,2,3,3,1105376.7673561182,1941043.7883293368,41.994900000941,-87.887749500002,"{""latitude"":""41.994900000941"",""longitude"":""-87.887749500002"",""human_address"":""{\""address\"": \""\"", \""city\"": \""\"", \""state\"": \""\"", \""zip\"": \""\""}""}"
SR26-00475081,311 INFORMATION ONLY CALL,311IOC,311 City Services,311 City Services,Completed,Phone Call,2026-03-17T02:24:19.000,2026-03-17T02:31:32.000,2111 W Lexington ST,Demo City,Illinois,60612,2111,W,Lexington,ST,,,28,28,7,K024,2,12,1225,46,2,3,3,1162234.4668753312,1896560.9616219066,41.87183400094,-87.679845000002,"{""latitude"":""41.87183400094"",""longitude"":""-87.679845000002"",""human_address"":""{\""address\"": \""\"", \""city\"": \""\"", \""state\"": \""\"", \""zip\"": \""\""}""}"
SR26-00475080,Aircraft Noise Complaint,AVN,,Aviation,Completed,Internet,2026-03-17T02:23:36.000,2026-03-17T02:31:32.000,10510 W ZEMKE RD,Demo City,Illinois,60666,10510,W,ZEMKE,RD,,,76,41,,,5,16,1654,27,2,3,3,1105376.7673561182,1941043.7883293368,41.994900000941,-87.887749500002,"{""latitude"":""41.994900000941"",""longitude"":""-87.887749500002"",""human_address"":""{\""address\"": \""\"", \""city\"": \""\"", \""state\"": \""\"", \""zip\"": \""\""}""}"
SR26-00475079,Street Light Out Complaint,SFD,,CDOT - Department of Transportation,Open,WOFromTerraGo,2026-03-17T02:19:45.000,2026-03-17T02:31:32.000,841 W CERMAK RD,Demo City,IL,,841,W,CERMAK,RD,,,31,25,9,N027,3,12,1235,23,2,3,3,1170839.6387963223,1889392.8420382692,41.85198000094,-87.648462000002,"{""latitude"":""41.85198000094"",""longitude"":""-87.648462000002"",""human_address"":""{\""address\"": \""\"", \""city\"": \""\"", \""state\"": \""\"", \""zip\"": \""\""}""}"
SR26-00475078,Yard Waste Pick-Up Request,SCQ,,Streets and Sanitation,Open,Mobile Device,2026-03-17T02:19:40.000,2026-03-17T03:00:15.000,2709 W LELAND AVE,,,,2709,W,LELAND,AVE,1,,4,47,2,J011,1,19,1911,42,2,3,3,1157398.2440599073,1931021.475284228,41.966496000941,-87.696661500002,"{""latitude"":""41.966496000941"",""longitude"":""-87.696661500002"",""human_address"":""{\""address\"": \""\"", \""city\"": \""\"", \""state\"": \""\"", \""zip\"": \""\""}""}"
SR26-00475077,311 INFORMATION ONLY CALL,311IOC,311 City Services,311 City Services,Completed,Phone Call,2026-03-17T02:19:25.000,2026-03-17T02:31:32.000,2111 W Lexington ST,Demo City,Illinois,60612,2111,W,Lexington,ST,,,28,28,7,K024,2,12,1225,46,2,3,3,1162234.4668753312,1896560.9616219066,41.87183400094,-87.679845000002,"{""latitude"":""41.87183400094"",""longitude"":""-87.679845000002"",""human_address"":""{\""address\"": \""\"", \""city\"": \""\"", \""state\"": \""\"", \""zip\"": \""\""}""}"
SR26-00475075,Yard Waste Pick-Up Request,SCQ,,Streets and Sanitation,Open,Mobile Device,2026-03-17T02:18:19.000,2026-03-17T02:19:40.000,2709 W LELAND AVE,,,,2709,W,LELAND,AVE,,,4,47,2,J011,1,19,1911,42,2,3,3,1157398.2440599073,1931021.475284228,41.966496000941,-87.696661500002,"{""latitude"":""41.966496000941"",""longitude"":""-87.696661500002"",""human_address"":""{\""address\"": \""\"", \""city\"": \""\"", \""state\"": \""\"", \""zip\"": \""\""}""}"
SR26-00475074,Street Light Out Complaint,SFD,,CDOT - Department of Transportation,Open,WOFromTerraGo,2026-03-17T02:18:07.000,2026-03-17T02:31:32.000,1001 W CERMAK RD,Demo City,IL,,1001,W,CERMAK,RD,,,31,25,9,N027,3,12,1235,28,2,3,3,1169923.7325228278,1888932.9451906427,41.85073800094,-87.651837000002,"{""latitude"":""41.85073800094"",""longitude"":""-87.651837000002"",""human_address"":""{\""address\"": \""\"", \""city\"": \""\"", \""state\"": \""\"", \""zip\"": \""\""}""}"
SR26-00475073,Street Light Out Complaint,SFD,,CDOT - Department of Transportation,Open,WOFromTerraGo,2026-03-17T02:16:01.000,2026-03-17T02:31:32.000,229 S PEORIA ST,Demo City,IL,,229,S,PEORIA,ST,,,28,34,7,N023,3,12,1232,3,2,3,3,1170506.929503735,1898990.1378455623,41.87832300094,-87.649402500002,"{""latitude"":""41.87832300094"",""longitude"":""-87.649402500002"",""human_address"":""{\""address\"": \""\"", \""city\"": \""\"", \""state\"": \""\"", \""zip\"": \""\""}""}"
SR26-00475072,Street Light Out Complaint,SFD,,CDOT - Department of Transportation,Open,WOFromTerraGo,2026-03-17T02:14:11.000,2026-03-17T02:31:32.000,1836 W HARRISON ST,Demo City,IL,,1836,W,HARRISON,ST,,,28,27,7,L023,3,12,1231,10,2,3,3,1164083.8373635015,1897423.36542623,41.874161675996,-87.673030859629,"{""latitude"":""41.874161675996"",""longitude"":""-87.673030859629"",""human_address"":""{\""address\"": \""\"", \""city\"": \""\"", \""state\"": \""\"", \""zip\"": \""\""}""}"
SR26-00475071,Street Light Out Complaint,SFD,,CDOT - Department of Transportation,Open,WOFromTerraGo,2026-03-17T02:13:21.000,2026-03-17T02:31:32.000,2059 W WARREN BLVD,Demo City,IL,,2059,W,WARREN,BLVD,,,28,27,7,K022,2,12,1223,32,2,3,3,1162428.5068255463,1900320.614353133,41.882146764915,-87.67902737294,"{""latitude"":""41.882146764915"",""longitude"":""-87.67902737294"",""human_address"":""{\""address\"": \""\"", \""city\"": \""\"", \""state\"": \""\"", \""zip\"": \""\""}""}"
SR26-00475070,311 INFORMATION ONLY CALL,311IOC,311 City Services,311 City Services,Completed,Phone Call,2026-03-17T02:11:49.000,2026-03-17T02:31:32.000,2111 W Lexington ST,Demo City,Illinois,60612,2111,W,Lexington,ST,,,28,28,7,K024,2,12,1225,46,2,3,3,1162234.4668753312,1896560.9616219066,41.87183400094,-87.679845000002,"{""latitude"":""41.87183400094"",""longitude"":""-87.679845000002"",""human_address"":""{\""address\"": \""\"", \""city\"": \""\"", \""state\"": \""\"", \""zip\"": \""\""}""}"
SR26-00475069,Street Light Out Complaint,SFD,CDOT - Department of Transportation,CDOT - Department of Transportation,Open,Phone Call,2026-03-17T02:11:27.000,2026-03-17T02:11:33.000,16 N WOOD ST,Demo City,Illinois,60612,16,N,WOOD,ST,,,28,27,7,L022,2,12,1223,27,2,3,3,1164386.1795748754,1900241.572519806,41.881888685372,-87.671841051352,"{""latitude"":""41.881888685372"",""longitude"":""-87.671841051352"",""human_address"":""{\""address\"": \""\"", \""city\"": \""\"", \""state\"": \""\"", \""zip\"": \""\""}""}"
SR26-00475068,Street Light Out Complaint,SFD,,CDOT - Department of Transportation,Open,WOFromTerraGo,2026-03-17T02:09:47.000,2026-03-17T02:31:32.000,50 N OAKLEY BLVD,Demo City,IL,,50,N,OAKLEY,BLVD,,,28,27,7,K022,2,12,1223,17,2,3,3,1161051.1748590707,1900488.5436844127,41.882636282275,-87.684080268826,"{""latitude"":""41.882636282275"",""longitude"":""-87.684080268826"",""human_address"":""{\""address\"": \""\"", \""city\"": \""\"", \""state\"": \""\"", \""zip\"": \""\""}""}"
SR26-00475067,Street Light Out Complaint,SFD,,CDOT - Department of Transportation,Open,WOFromTerraGo,2026-03-17T02:07:27.000,2026-03-17T06:26:45.000,3132 W 15TH PL,Demo City,IL,,3132,W,15TH,PL,,,29,24,7,I025,2,10,1022,23,2,3,3,1155602.315060875,1892375.6396867556,41.86048500094,-87.704307000002,"{""latitude"":""41.86048500094"",""longitude"":""-87.704307000002"",""human_address"":""{\""address\"": \""\"", \""city\"": \""\"", \""state\"": \""\"", \""zip\"": \""\""}""}"
SR26-00475066,Street Light Out Complaint,SFD,,CDOT - Department of Transportation,Open,Internet,2026-03-17T02:06:08.000,2026-03-17T02:06:15.000,2030 S HALSTED ST,Demo City,Illinois,60608,2030,S,HALSTED,ST,,,31,25,7,N026,3,12,1235,3,2,3,3,1171330.4860812281,1890349.1906524582,41.854593542852,-87.64663239922,"{""latitude"":""41.854593542852"",""longitude"":""-87.64663239922"",""human_address"":""{\""address\"": \""\"", \""city\"": \""\"", \""state\"": \""\"", \""zip\"": \""\""}""}"
SR26-00475065,311 INFORMATION ONLY CALL,311IOC,311 City Services,311 City Services,Completed,Phone Call,2026-03-17T02:05:01.000,2026-03-17T02:31:32.000,2111 W Lexington ST,Demo City,Illinois,60612,2111,W,Lexington,ST,,,28,28,7,K024,2,12,1225,46,2,3,3,1162234.4668753312,1896560.9616219066,41.87183400094,-87.679845000002,"{""latitude"":""41.87183400094"",""longitude"":""-87.679845000002"",""human_address"":""{\""address\"": \""\"", \""city\"": \""\"", \""state\"": \""\"", \""zip\"": \""\""}""}"
SR26-00475064,Street Light Out Complaint,SFD,,CDOT - Department of Transportation,Open,WOFromTerraGo,2026-03-17T02:04:52.000,2026-03-17T02:31:32.000,3150 W VAN BUREN ST,Demo City,IL,,3150,W,VAN BUREN,ST,,,27,28,7,I023,2,11,1124,32,2,3,3,1155212.4484578576,1898079.5612349247,41.87614500094,-87.705585000002,"{""latitude"":""41.87614500094"",""longitude"":""-87.705585000002"",""human_address"":""{\""address\"": \""\"", \""city\"": \""\"", \""state\"": \""\"", \""zip\"": \""\""}""}"
SR26-00475063,311 INFORMATION ONLY CALL,311IOC,311 City Services,311 City Services,Completed,Phone Call,2026-03-17T02:04:08.000,2026-03-17T02:31:32.000,2111 W Lexington ST,Demo City,Illinois,60612,2111,W,Lexington,ST,,,28,28,7,K024,2,12,1225,46,2,3,3,1162234.4668753312,1896560.9616219066,41.87183400094,-87.679845000002,"{""latitude"":""41.87183400094"",""longitude"":""-87.679845000002"",""human_address"":""{\""address\"": \""\"", \""city\"": \""\"", \""state\"": \""\"", \""zip\"": \""\""}""}"
SR26-00475062,Missed Garbage Pick-Up Complaint,SCC,311 City Services,Streets and Sanitation,Open,Phone Call,2026-03-17T02:01:05.000,2026-03-17T02:01:07.000,60 E 89TH PL,Demo City,Illinois,60619,60,E,89TH,PL,,,44,6,14,Q043,3,06,0634,50,2,3,3,1178512.0891962121,1845745.8166308035,41.73203700094,-87.621628500002,"{""latitude"":""41.73203700094"",""longitude"":""-87.621628500002"",""human_address"":""{\""address\"": \""\"", \""city\"": \""\"", \""state\"": \""\"", \""zip\"": \""\""}""}"
SR26-00475061,Street Light Out Complaint,SFD,,CDOT - Department of Transportation,Open,WOFromTerraGo,2026-03-17T02:00:46.000,2026-03-17T02:31:32.000,3422 W WARREN DR,Demo City,IL,,3422,W,WARREN,DR,,,27,28,7,H022,2,11,1123,22,2,3,3,1153447.6428380725,1900150.5674854957,41.881863296639,-87.712009743222,"{""latitude"":""41.881863296639"",""longitude"":""-87.712009743222"",""human_address"":""{\""address\"": \""\"", \""city\"": \""\"", \""state\"": \""\"", \""zip\"": \""\""}""}"
SR26-00475060,311 INFORMATION ONLY CALL,311IOC,311 City Services,311 City Services,Completed,Phone Call,2026-03-17T02:00:42.000,2026-03-17T02:31:32.000,2111 W Lexington ST,Demo City,Illinois,60612,2111,W,Lexington,ST,,,28,28,7,K024,2,12,1225,46,2,3,3,1162234.4668753312,1896560.9616219066,41.87183400094,-87.679845000002,"{""latitude"":""41.87183400094"",""longitude"":""-87.679845000002"",""human_address"":""{\""address\"": \""\"", \""city\"": \""\"", \""state\"": \""\"", \""zip\"": \""\""}""}"
SR26-00475059,311 INFORMATION ONLY CALL,311IOC,311 City Services,311 City Services,Completed,Phone Call,2026-03-17T01:53:08.000,2026-03-17T02:31:32.000,2111 W Lexington ST,Demo City,Illinois,60612,2111,W,Lexington,ST,,,28,28,7,K024,2,12,1225,46,1,3,3,1162234.4668753312,1896560.9616219066,41.87183400094,-87.679845000002,"{""latitude"":""41.87183400094"",""longitude"":""-87.679845000002"",""human_address"":""{\""address\"": \""\"", \""city\"": \""\"", \""state\"": \""\"", \""zip\"": \""\""}""}"
SR26-00475058,Cab Feedback,CSC,311 City Services,BACP - Business Affairs and Consumer Protection,Open,Phone Call,2026-03-17T01:52:03.000,2026-03-17T01:52:05.000,10000  OHARE AIRPORT,Demo City,Illinois,60666,10000,,OHARE AIRPORT,,,,76,41,,,5,16,1654,27,1,3,3,1101457.9129109879,1935488.211802895,41.979709788509,-87.902268273,"{""latitude"":""41.979709788509"",""longitude"":""-87.902268273"",""human_address"":""{\""address\"": \""\"", \""city\"": \""\"", \""state\"": \""\"", \""zip\"": \""\""}""}"
SR26-00475057,Pothole in Street Complaint,PHF,,CDOT - Department of Transportation,Open,Internet,2026-03-17T01:50:56.000,2026-03-17T01:50:58.000,541 W 83RD ST,Demo City,Illinois,,541,W,83RD,ST,,,71,21,14,O042,2,06,0622,2,1,3,3,1174159.180043301,1849479.7177361927,41.742380982577,-87.637464343233,"{""latitude"":""41.742380982577"",""longitude"":""-87.637464343233"",""human_address"":""{\""address\"": \""\"", \""city\"": \""\"", \""state\"": \""\"", \""zip\"": \""\""}""}"
SR26-00475056,311 INFORMATION ONLY CALL,311IOC,311 City Services,311 City Services,Completed,Phone Call,2026-03-17T01:42:34.000,2026-03-17T02:31:32.000,2111 W Lexington ST,Demo City,Illinois,60612,2111,W,Lexington,ST,,,28,28,7,K024,2,12,1225,46,1,3,3,1162234.4668753312,1896560.9616219066,41.87183400094,-87.679845000002,"{""latitude"":""41.87183400094"",""longitude"":""-87.679845000002"",""human_address"":""{\""address\"": \""\"", \""city\"": \""\"", \""state\"": \""\"", \""zip\"": \""\""}""}"
SR26-00475055,Aircraft Noise Complaint,AVN,,Aviation,Completed,Internet,2026-03-17T01:42:00.000,2026-03-17T02:31:32.000,10510 W ZEMKE RD,Demo City,Illinois,60666,10510,W,ZEMKE,RD,,,76,41,,,5,16,1654,27,1,3,3,1105376.7673561182,1941043.7883293368,41.994900000941,-87.887749500002,"{""latitude"":""41.994900000941"",""longitude"":""-87.887749500002"",""human_address"":""{\""address\"": \""\"", \""city\"": \""\"", \""state\"": \""\"", \""zip\"": \""\""}""}"
SR26-00475054,311 INFORMATION ONLY CALL,311IOC,311 City Services,311 City Services,Completed,Phone Call,2026-03-17T01:41:35.000,2026-03-17T02:31:32.000,2111 W Lexington ST,Demo City,Illinois,60612,2111,W,Lexington,ST,,,28,28,7,K024,2,12,1225,46,1,3,3,1162234.4668753312,1896560.9616219066,41.87183400094,-87.679845000002,"{""latitude"":""41.87183400094"",""longitude"":""-87.679845000002"",""human_address"":""{\""address\"": \""\"", \""city\"": \""\"", \""state\"": \""\"", \""zip\"": \""\""}""}"
SR26-00475053,311 INFORMATION ONLY CALL,311IOC,311 City Services,311 City Services,Completed,Phone Call,2026-03-17T01:35:02.000,2026-03-17T02:31:32.000,2111 W Lexington ST,Demo City,Illinois,60612,2111,W,Lexington,ST,,,28,28,7,K024,2,12,1225,46,1,3,3,1162234.4668753312,1896560.9616219066,41.87183400094,-87.679845000002,"{""latitude"":""41.87183400094"",""longitude"":""-87.679845000002"",""human_address"":""{\""address\"": \""\"", \""city\"": \""\"", \""state\"": \""\"", \""zip\"": \""\""}""}"
SR26-00475052,Street Light Out Complaint,SFD,311 City Services,CDOT - Department of Transportation,Open,Phone Call,2026-03-17T01:31:30.000,2026-03-17T01:31:41.000,7035 S MICHIGAN AVE,Demo City,Illinois,60637,7035,S,MICHIGAN,AVE,,,69,6,12,Q038,2,03,0322,11,1,3,3,1178476.2013523695,1858247.902834246,41.76634500094,-87.621381000002,"{""latitude"":""41.76634500094"",""longitude"":""-87.621381000002"",""human_address"":""{\""address\"": \""\"", \""city\"": \""\"", \""state\"": \""\"", \""zip\"": \""\""}""}"
SR26-00475051,311 INFORMATION ONLY CALL,311IOC,311 City Services,311 City Services,Completed,Phone Call,2026-03-17T01:29:43.000,2026-03-17T01:31:45.000,2111 W Lexington ST,Demo City,Illinois,60612,2111,W,Lexington,ST,,,28,28,7,K024,2,12,1225,46,1,3,3,1162234.4668753312,1896560.9616219066,41.87183400094,-87.679845000002,"{""latitude"":""41.87183400094"",""longitude"":""-87.679845000002"",""human_address"":""{\""address\"": \""\"", \""city\"": \""\"", \""state\"": \""\"", \""zip\"": \""\""}""}"
SR26-00475050,311 INFORMATION ONLY CALL,311IOC,311 City Services,311 City Services,Completed,Phone Call,2026-03-17T01:29:43.000,2026-03-17T01:31:45.000,2111 W Lexington ST,Demo City,Illinois,60612,2111,W,Lexington,ST,,,28,28,7,K024,2,12,1225,46,1,3,3,1162234.4668753312,1896560.9616219066,41.87183400094,-87.679845000002,"{""latitude"":""41.87183400094"",""longitude"":""-87.679845000002"",""human_address"":""{\""address\"": \""\"", \""city\"": \""\"", \""state\"": \""\"", \""zip\"": \""\""}""}"
SR26-00475049,311 INFORMATION ONLY CALL,311IOC,311 City Services,311 City Services,Completed,Phone Call,2026-03-17T01:28:08.000,2026-03-17T01:31:45.000,2111 W Lexington ST,Demo City,Illinois,60612,2111,W,Lexington,ST,,,28,28,7,K024,2,12,1225,46,1,3,3,1162234.4668753312,1896560.9616219066,41.87183400094,-87.679845000002,"{""latitude"":""41.87183400094"",""longitude"":""-87.679845000002"",""human_address"":""{\""address\"": \""\"", \""city\"": \""\"", \""state\"": \""\"", \""zip\"": \""\""}""}"
SR26-00475048,Finance Parking Code Enforcement Review,FPCE,,Finance,Completed,Mobile Device,2026-03-17T01:28:06.000,2026-03-17T01:28:06.000,5241 N EAST RIVER RD,,,,5241,N,EAST RIVER,RD,,,76,41,1,U109,1,16,1614,25,1,3,3,1116745.547837968,1933827.9682889492,41.974929000941,-87.846079500002,"{""latitude"":""41.974929000941"",""longitude"":""-87.846079500002"",""human_address"":""{\""address\"": \""\"", \""city\"": \""\"", \""state\"": \""\"", \""zip\"": \""\""}""}"
SR26-00475047,Fly Dumping Complaint,SDR,,Streets and Sanitation,Completed,Mobile Device,2026-03-17T01:26:29.000,2026-03-17T10:03:58.000,2832 N BROADWAY,,,,2832,N,BROADWAY,,,,6,44,4,O015,3,19,1934,18,1,3,3,1171564.7054496186,1919287.539296656,41.933997000941,-87.644920500002,"{""latitude"":""41.933997000941"",""longitude"":""-87.644920500002"",""human_address"":""{\""address\"": \""\"", \""city\"": \""\"", \""state\"": \""\"", \""zip\"": \""\""}""}"
SR26-00475046,No Building Permit and Construction Violation,BBD,311 City Services,DOB - Buildings,Open,Phone Call,2026-03-17T01:25:19.000,2026-03-17T01:25:23.000,10038 S NORMAL AVE,Demo City,Illinois,60628,10038,S,NORMAL,AVE,,,73,9,14,O046,3,22,2232,21,1,3,3,1174663.5042066716,1838177.51695521,41.71135500094,-87.635952000002,"{""latitude"":""41.71135500094"",""longitude"":""-87.635952000002"",""human_address"":""{\""address\"": \""\"", \""city\"": \""\"", \""state\"": \""\"", \""zip\"": \""\""}""}"
SR26-00475045,Fly Dumping Complaint,SDR,,Streets and Sanitation,Completed,Mobile Device,2026-03-17T01:25:00.000,2026-03-17T10:01:54.000,2826 N BROADWAY,,,,2826,N,BROADWAY,,1,,6,44,4,O015,3,19,1934,18,1,3,3,1171550.2492820814,1919257.9047234834,41.933916000941,-87.644974500002,"{""latitude"":""41.933916000941"",""longitude"":""-87.644974500002"",""human_address"":""{\""address\"": \""\"", \""city\"": \""\"", \""state\"": \""\"", \""zip\"": \""\""}""}"
SR26-00475044,Finance Parking Code Enforcement Review,FPCE,,Finance,Completed,Mobile Device,2026-03-17T01:24:44.000,2026-03-17T01:24:45.000,1832 N HUMBOLDT BLVD,,,,1832,N,HUMBOLDT,BLVD,,,22,26,5,I018,2,14,1421,20,1,3,3,1155802.5497951263,1912180.3474642686,41.914827000941,-87.703038000002,"{""latitude"":""41.914827000941"",""longitude"":""-87.703038000002"",""human_address"":""{\""address\"": \""\"", \""city\"": \""\"", \""state\"": \""\"", \""zip\"": \""\""}""}"
SR26-00475043,311 INFORMATION ONLY CALL,311IOC,311 City Services,311 City Services,Completed,Phone Call,2026-03-17T01:24:04.000,2026-03-17T01:31:45.000,2111 W Lexington ST,Demo City,Illinois,60612,2111,W,Lexington,ST,,,28,28,7,K024,2,12,1225,46,1,3,3,1162234.4668753312,1896560.9616219066,41.87183400094,-87.679845000002,"{""latitude"":""41.87183400094"",""longitude"":""-87.679845000002"",""human_address"":""{\""address\"": \""\"", \""city\"": \""\"", \""state\"": \""\"", \""zip\"": \""\""}""}"
SR26-00475042,Fly Dumping Complaint,SDR,,Streets and Sanitation,Completed,Mobile Device,2026-03-17T01:23:57.000,2026-03-17T10:02:58.000,2831 N CLARK ST,,,,2831,N,CLARK,ST,,,6,44,4,O015,3,19,1934,18,1,3,3,1171456.3365249422,1919211.2332178522,41.933790000941,-87.645321000002,"{""latitude"":""41.933790000941"",""longitude"":""-87.645321000002"",""human_address"":""{\""address\"": \""\"", \""city\"": \""\"", \""state\"": \""\"", \""zip\"": \""\""}""}"
SR26-00475041,Fly Dumping Complaint,SDR,,Streets and Sanitation,Completed,Mobile Device,2026-03-17T01:23:12.000,2026-03-17T10:01:53.000,2826 N BROADWAY,,,,2826,N,BROADWAY,,,,6,44,4,O015,3,19,1934,18,1,3,3,1171550.2492820814,1919257.9047234834,41.933916000941,-87.644974500002,"{""latitude"":""41.933916000941"",""longitude"":""-87.644974500002"",""human_address"":""{\""address\"": \""\"", \""city\"": \""\"", \""state\"": \""\"", \""zip\"": \""\""}""}"
SR26-00475040,Fly Dumping Complaint,SDR,,Streets and Sanitation,Completed,Mobile Device,2026-03-17T01:22:37.000,2026-03-17T10:00:30.000,2829 N CLARK ST,,,,2829,N,CLARK,ST,1,,6,44,4,O015,3,19,1934,18,1,3,3,1171454.1771629865,1919175.1377283584,41.933691000941,-87.645330000002,"{""latitude"":""41.933691000941"",""longitude"":""-87.645330000002"",""human_address"":""{\""address\"": \""\"", \""city\"": \""\"", \""state\"": \""\"", \""zip\"": \""\""}""}"
SR26-00475039,Fly Dumping Complaint,SDR,,Streets and Sanitation,Completed,Mobile Device,2026-03-17T01:21:26.000,2026-03-17T10:00:29.000,2829 N CLARK ST,,,,2829,N,CLARK,ST,,,6,44,4,O015,3,19,1934,18,1,3,3,1171454.1771629865,1919175.1377283584,41.933691000941,-87.645330000002,"{""latitude"":""41.933691000941"",""longitude"":""-87.645330000002"",""human_address"":""{\""address\"": \""\"", \""city\"": \""\"", \""state\"": \""\"", \""zip\"": \""\""}""}"
SR26-00475038,311 INFORMATION ONLY CALL,311IOC,311 City Services,311 City Services,Completed,Phone Call,2026-03-17T01:21:10.000,2026-03-17T01:31:45.000,2111 W Lexington ST,Demo City,Illinois,60612,2111,W,Lexington,ST,,,28,28,7,K024,2,12,1225,46,1,3,3,1162234.4668753312,1896560.9616219066,41.87183400094,-87.679845000002,"{""latitude"":""41.87183400094"",""longitude"":""-87.679845000002"",""human_address"":""{\""address\"": \""\"", \""city\"": \""\"", \""state\"": \""\"", \""zip\"": \""\""}""}"
SR26-00475037,Graffiti Removal Request,GRAF,,Streets and Sanitation,Completed,Mobile Device,2026-03-17T01:20:34.000,2026-03-17T08:15:10.000,2832 N BROADWAY,,,,2832,N,BROADWAY,,1,,6,44,4,O015,3,19,1934,18,1,3,3,1171564.7054496186,1919287.539296656,41.933997000941,-87.644920500002,"{""latitude"":""41.933997000941"",""longitude"":""-87.644920500002"",""human_address"":""{\""address\"": \""\"", \""city\"": \""\"", \""state\"": \""\"", \""zip\"": \""\""}""}"
SR26-00475036,311 INFORMATION ONLY CALL,311IOC,311 City Services,311 City Services,Completed,Phone Call,2026-03-17T01:20:21.000,2026-03-17T01:31:45.000,2111 W Lexington ST,Demo City,Illinois,60612,2111,W,Lexington,ST,,,28,28,7,K024,2,12,1225,46,1,3,3,1162234.4668753312,1896560.9616219066,41.87183400094,-87.679845000002,"{""latitude"":""41.87183400094"",""longitude"":""-87.679845000002"",""human_address"":""{\""address\"": \""\"", \""city\"": \""\"", \""state\"": \""\"", \""zip\"": \""\""}""}"
SR26-00475035,311 INFORMATION ONLY CALL,311IOC,311 City Services,311 City Services,Completed,Phone Call,2026-03-17T01:19:58.000,2026-03-17T01:31:45.000,2111 W Lexington ST,Demo City,Illinois,60612,2111,W,Lexington,ST,,,28,28,7,K024,2,12,1225,46,1,3,3,1162234.4668753312,1896560.9616219066,41.87183400094,-87.679845000002,"{""latitude"":""41.87183400094"",""longitude"":""-87.679845000002"",""human_address"":""{\""address\"": \""\"", \""city\"": \""\"", \""state\"": \""\"", \""zip\"": \""\""}""}"
SR26-00475034,Graffiti Removal Request,GRAF,,Streets and Sanitation,Completed,Mobile Device,2026-03-17T01:19:26.000,2026-03-17T06:06:53.000,2826 N BROADWAY,,,,2826,N,BROADWAY,,1,,6,44,4,O015,3,19,1934,18,1,3,3,1171550.2492820814,1919257.9047234834,41.933916000941,-87.644974500002,"{""latitude"":""41.933916000941"",""longitude"":""-87.644974500002"",""human_address"":""{\""address\"": \""\"", \""city\"": \""\"", \""state\"": \""\"", \""zip\"": \""\""}""}"
SR26-00475032,Graffiti Removal Request,GRAF,,Streets and Sanitation,Completed,Mobile Device,2026-03-17T01:18:40.000,2026-03-17T06:07:15.000,2831 N CLARK ST,,,,2831,N,CLARK,ST,1,,6,44,4,O015,3,19,1934,18,1,3,3,1171456.3365249422,1919211.2332178522,41.933790000941,-87.645321000002,"{""latitude"":""41.933790000941"",""longitude"":""-87.645321000002"",""human_address"":""{\""address\"": \""\"", \""city\"": \""\"", \""state\"": \""\"", \""zip\"": \""\""}""}"
SR26-00475031,Graffiti Removal Request,GRAF,,Streets and Sanitation,Completed,Mobile Device,2026-03-17T01:18:26.000,2026-03-17T06:07:15.000,2831 N CLARK ST,,,,2831,N,CLARK,ST,1,,6,44,4,O015,3,19,1934,18,1,3,3,1171456.3365249422,1919211.2332178522,41.933790000941,-87.645321000002,"{""latitude"":""41.933790000941"",""longitude"":""-87.645321000002"",""human_address"":""{\""address\"": \""\"", \""city\"": \""\"", \""state\"": \""\"", \""zip\"": \""\""}""}"
SR26-00475030,Graffiti Removal Request,GRAF,,Streets and Sanitation,Completed,Mobile Device,2026-03-17T01:16:25.000,2026-03-17T08:15:35.000,2834 N BROADWAY,,,,2834,N,BROADWAY,,,,6,44,4,O015,3,19,1934,18,1,3,3,1171570.7485932186,1919297.427322023,41.934024000941,-87.644898000002,"{""latitude"":""41.934024000941"",""longitude"":""-87.644898000002"",""human_address"":""{\""address\"": \""\"", \""city\"": \""\"", \""state\"": \""\"", \""zip\"": \""\""}""}"
SR26-00475029,Cab Feedback,CSC,,BACP - Business Affairs and Consumer Protection,Open,Internet,2026-03-17T01:15:39.000,2026-03-17T01:15:42.000,1829 W EVERGREEN AVE,Demo City,Illinois,60622,1829,W,EVERGREEN,AVE,,,24,1,5,L019,2,14,1424,11,1,3,3,1163665.1366951063,1909448.3442551037,41.907168000941,-87.674229000002,"{""latitude"":""41.907168000941"",""longitude"":""-87.674229000002"",""human_address"":""{\""address\"": \""\"", \""city\"": \""\"", \""state\"": \""\"", \""zip\"": \""\""}""}"
SR26-00475028,Graffiti Removal Request,GRAF,,Streets and Sanitation,Completed,Mobile Device,2026-03-17T01:14:42.000,2026-03-17T08:15:09.000,2832 N BROADWAY,,,,2832,N,BROADWAY,,,,6,44,4,O015,3,19,1934,18,1,3,3,1171564.7054496186,1919287.539296656,41.933997000941,-87.644920500002,"{""latitude"":""41.933997000941"",""longitude"":""-87.644920500002"",""human_address"":""{\""address\"": \""\"", \""city\"": \""\"", \""state\"": \""\"", \""zip\"": \""\""}""}"
SR26-00475027,Graffiti Removal Request,GRAF,,Streets and Sanitation,Completed,Mobile Device,2026-03-17T01:13:52.000,2026-03-17T06:06:53.000,2826 N BROADWAY,,,,2826,N,BROADWAY,,1,,6,44,4,O015,3,19,1934,18,1,3,3,1171550.2492820814,1919257.9047234834,41.933916000941,-87.644974500002,"{""latitude"":""41.933916000941"",""longitude"":""-87.644974500002"",""human_address"":""{\""address\"": \""\"", \""city\"": \""\"", \""state\"": \""\"", \""zip\"": \""\""}""}"
SR26-00475026,311 INFORMATION ONLY CALL,311IOC,311 City Services,311 City Services,Completed,Phone Call,2026-03-17T01:13:32.000,2026-03-17T01:31:45.000,2111 W Lexington ST,Demo City,Illinois,60612,2111,W,Lexington,ST,,,28,28,7,K024,2,12,1225,46,1,3,3,1162234.4668753312,1896560.9616219066,41.87183400094,-87.679845000002,"{""latitude"":""41.87183400094"",""longitude"":""-87.679845000002"",""human_address"":""{\""address\"": \""\"", \""city\"": \""\"", \""state\"": \""\"", \""zip\"": \""\""}""}"
SR26-00475025,Graffiti Removal Request,GRAF,,Streets and Sanitation,Completed,Mobile Device,2026-03-17T01:13:05.000,2026-03-17T08:14:43.000,2830 N BROADWAY,,,,2830,N,BROADWAY,,,,6,44,4,O015,3,19,1934,18,1,3,3,1171559.8867312802,1919277.6611045215,41.933970000941,-87.644938500002,"{""latitude"":""41.933970000941"",""longitude"":""-87.644938500002"",""human_address"":""{\""address\"": \""\"", \""city\"": \""\"", \""state\"": \""\"", \""zip\"": \""\""}""}"
SR26-00475024,Building Violation,BBA,,DOB - Buildings,Open,Internet,2026-03-17T01:12:46.000,2026-03-17T09:32:28.000,843 W ADAMS ST,Demo City,Illinois,60607,843,W,ADAMS,ST,,,28,34,7,N023,3,12,1232,3,1,3,3,1170638.6514857975,1899224.0535966663,41.87896200094,-87.648912000002,"{""latitude"":""41.87896200094"",""longitude"":""-87.648912000002"",""human_address"":""{\""address\"": \""\"", \""city\"": \""\"", \""state\"": \""\"", \""zip\"": \""\""}""}"
SR26-00475022,311 INFORMATION ONLY CALL,311IOC,311 City Services,311 City Services,Completed,Phone Call,2026-03-17T01:12:02.000,2026-03-17T01:31:45.000,2111 W Lexington ST,Demo City,Illinois,60612,2111,W,Lexington,ST,,,28,28,7,K024,2,12,1225,46,1,3,3,1162234.4668753312,1896560.9616219066,41.87183400094,-87.679845000002,"{""latitude"":""41.87183400094"",""longitude"":""-87.679845000002"",""human_address"":""{\""address\"": \""\"", \""city\"": \""\"", \""state\"": \""\"", \""zip\"": \""\""}""}"
SR26-00475021,Graffiti Removal Request,GRAF,,Streets and Sanitation,Completed,Mobile Device,2026-03-17T01:11:51.000,2026-03-17T08:32:11.000,2577 N CLARK ST,,,,2577,N,CLARK,ST,1,,7,43,4,O016,3,19,1935,36,1,3,3,1172153.8267857933,1917750.7554919894,41.929767000941,-87.642801000002,"{""latitude"":""41.929767000941"",""longitude"":""-87.642801000002"",""human_address"":""{\""address\"": \""\"", \""city\"": \""\"", \""state\"": \""\"", \""zip\"": \""\""}""}"
SR26-00475020,311 INFORMATION ONLY CALL,311IOC,311 City Services,311 City Services,Completed,Phone Call,2026-03-17T01:10:23.000,2026-03-17T01:31:45.000,2111 W Lexington ST,Demo City,Illinois,60612,2111,W,Lexington,ST,,,28,28,7,K024,2,12,1225,46,1,3,3,1162234.4668753312,1896560.9616219066,41.87183400094,-87.679845000002,"{""latitude"":""41.87183400094"",""longitude"":""-87.679845000002"",""human_address"":""{\""address\"": \""\"", \""city\"": \""\"", \""state\"": \""\"", \""zip\"": \""\""}""}"
SR26-00475019,311 INFORMATION ONLY CALL,311IOC,311 City Services,311 City Services,Completed,Phone Call,2026-03-17T01:10:16.000,2026-03-17T01:31:45.000,2111 W Lexington ST,Demo City,Illinois,60612,2111,W,Lexington,ST,,,28,28,7,K024,2,12,1225,46,1,3,3,1162234.4668753312,1896560.9616219066,41.87183400094,-87.679845000002,"{""latitude"":""41.87183400094"",""longitude"":""-87.679845000002"",""human_address"":""{\""address\"": \""\"", \""city\"": \""\"", \""state\"": \""\"", \""zip\"": \""\""}""}"
SR26-00475018,Graffiti Removal Request,GRAF,,Streets and Sanitation,Completed,Mobile Device,2026-03-17T01:09:40.000,2026-03-17T08:32:11.000,2577 N CLARK ST,,,,2577,N,CLARK,ST,1,,7,43,4,O016,3,19,1935,36,1,3,3,1172153.8267857933,1917750.7554919894,41.929767000941,-87.642801000002,"{""latitude"":""41.929767000941"",""longitude"":""-87.642801000002"",""human_address"":""{\""address\"": \""\"", \""city\"": \""\"", \""state\"": \""\"", \""zip\"": \""\""}""}"
SR26-00475017,311 INFORMATION ONLY CALL,311IOC,311 City Services,311 City Services,Completed,Phone Call,2026-03-17T01:09:27.000,2026-03-17T01:31:45.000,2111 W Lexington ST,Demo City,Illinois,60612,2111,W,Lexington,ST,,,28,28,7,K024,2,12,1225,46,1,3,3,1162234.4668753312,1896560.9616219066,41.87183400094,-87.679845000002,"{""latitude"":""41.87183400094"",""longitude"":""-87.679845000002"",""human_address"":""{\""address\"": \""\"", \""city\"": \""\"", \""state\"": \""\"", \""zip\"": \""\""}""}"
SR26-00475016,Graffiti Removal Request,GRAF,,Streets and Sanitation,Completed,Mobile Device,2026-03-17T01:08:55.000,2026-03-17T08:32:11.000,2577 N CLARK ST,,,,2577,N,CLARK,ST,,,7,43,4,O016,3,19,1935,36,1,3,3,1172153.8267857933,1917750.7554919894,41.929767000941,-87.642801000002,"{""latitude"":""41.929767000941"",""longitude"":""-87.642801000002"",""human_address"":""{\""address\"": \""\"", \""city\"": \""\"", \""state\"": \""\"", \""zip\"": \""\""}""}"
SR26-00475014,311 INFORMATION ONLY CALL,311IOC,311 City Services,311 City Services,Completed,Phone Call,2026-03-17T01:08:20.000,2026-03-17T01:31:45.000,2111 W Lexington ST,Demo City,Illinois,60612,2111,W,Lexington,ST,,,28,28,7,K024,2,12,1225,46,1,3,3,1162234.4668753312,1896560.9616219066,41.87183400094,-87.679845000002,"{""latitude"":""41.87183400094"",""longitude"":""-87.679845000002"",""human_address"":""{\""address\"": \""\"", \""city\"": \""\"", \""state\"": \""\"", \""zip\"": \""\""}""}"
SR26-00475012,Water On Street Complaint,AAE,311 City Services,DWM - Department of Water Management,Open,Phone Call,2026-03-17T01:02:01.000,2026-03-17T01:17:00.000,30 E ROOSEVELT RD,Demo City,Illinois,,30,E,ROOSEVELT,RD,,,32,34,7,Q025,3,01,0131,33,1,3,3,1176957.6396694675,1895076.305020528,41.867439708369,-87.625835609901,"{""latitude"":""41.867439708369"",""longitude"":""-87.625835609901"",""human_address"":""{\""address\"": \""\"", \""city\"": \""\"", \""state\"": \""\"", \""zip\"": \""\""}""}"
SR26-00475011,311 INFORMATION ONLY CALL,311IOC,311 City Services,311 City Services,Completed,Phone Call,2026-03-17T01:01:15.000,2026-03-17T01:31:45.000,2111 W Lexington ST,Demo City,Illinois,60612,2111,W,Lexington,ST,,,28,28,7,K024,2,12,1225,46,1,3,3,1162234.4668753312,1896560.9616219066,41.87183400094,-87.679845000002,"{""latitude"":""41.87183400094"",""longitude"":""-87.679845000002"",""human_address"":""{\""address\"": \""\"", \""city\"": \""\"", \""state\"": \""\"", \""zip\"": \""\""}""}"
SR26-00475010,311 INFORMATION ONLY CALL,311IOC,311 City Services,311 City Services,Completed,Phone Call,2026-03-17T00:59:13.000,2026-03-17T01:31:45.000,2111 W Lexington ST,Demo City,Illinois,60612,2111,W,Lexington,ST,,,28,28,7,K024,2,12,1225,46,0,3,3,1162234.4668753312,1896560.9616219066,41.87183400094,-87.679845000002,"{""latitude"":""41.87183400094"",""longitude"":""-87.679845000002"",""human_address"":""{\""address\"": \""\"", \""city\"": \""\"", \""state\"": \""\"", \""zip\"": \""\""}""}"
SR26-00475009,Tree Emergency,SEC,,Streets and Sanitation,Open,Internet,2026-03-17T00:55:37.000,2026-03-17T00:55:38.000,635 E 90TH ST,Demo City,Illinois,60619,635,E,90TH,ST,,,44,8,14,R043,3,06,0633,31,0,3,3,1182211.457546422,1845366.7294447985,41.73091200094,-87.608088000002,"{""latitude"":""41.73091200094"",""longitude"":""-87.608088000002"",""human_address"":""{\""address\"": \""\"", \""city\"": \""\"", \""state\"": \""\"", \""zip\"": \""\""}""}"
SR26-00475008,Abandoned Vehicle Complaint,SKA,,Streets and Sanitation,Open,Internet,2026-03-17T00:51:53.000,2026-03-17T00:51:57.000,3056 N PAULINA ST,Demo City,Illinois,60657,3056,N,PAULINA,ST,,,6,32,4,L015,3,19,1931,40,0,3,3,1164396.229231745,1920585.6440288606,41.937714000941,-87.671227500002,"{""latitude"":""41.937714000941"",""longitude"":""-87.671227500002"",""human_address"":""{\""address\"": \""\"", \""city\"": \""\"", \""state\"": \""\"", \""zip\"": \""\""}""}"
SR26-00475007,Aircraft Noise Complaint,AVN,,Aviation,Completed,Internet,2026-03-17T00:50:37.000,2026-03-17T01:31:45.000,10510 W ZEMKE RD,Demo City,Illinois,60666,10510,W,ZEMKE,RD,,,76,41,,,5,16,1654,27,0,3,3,1105376.7673561182,1941043.7883293368,41.994900000941,-87.887749500002,"{""latitude"":""41.994900000941"",""longitude"":""-87.887749500002"",""human_address"":""{\""address\"": \""\"", \""city\"": \""\"", \""state\"": \""\"", \""zip\"": \""\""}""}"
SR26-00475006,311 INFORMATION ONLY CALL,311IOC,311 City Services,311 City Services,Completed,Phone Call,2026-03-17T00:49:41.000,2026-03-17T01:31:45.000,2111 W Lexington ST,Demo City,Illinois,60612,2111,W,Lexington,ST,,,28,28,7,K024,2,12,1225,46,0,3,3,1162234.4668753312,1896560.9616219066,41.87183400094,-87.679845000002,"{""latitude"":""41.87183400094"",""longitude"":""-87.679845000002"",""human_address"":""{\""address\"": \""\"", \""city\"": \""\"", \""state\"": \""\"", \""zip\"": \""\""}""}"
SR26-00475002,Blue Recycling Cart,SRRC,,Streets and Sanitation,Open,Mobile Device,2026-03-17T00:48:05.000,2026-03-17T00:48:07.000,1907 N TRIPP AVE,,,,1907,N,TRIPP,AVE,,,20,26,6,F018,3,25,2534,16,0,3,3,1147823.6467336947,1912382.175319211,41.915538000941,-87.732346500002,"{""latitude"":""41.915538000941"",""longitude"":""-87.732346500002"",""human_address"":""{\""address\"": \""\"", \""city\"": \""\"", \""state\"": \""\"", \""zip\"": \""\""}""}"
SR26-00474999,311 INFORMATION ONLY CALL,311IOC,311 City Services,311 City Services,Completed,Phone Call,2026-03-17T00:48:00.000,2026-03-17T01:31:45.000,2111 W Lexington ST,Demo City,Illinois,60612,2111,W,Lexington,ST,,,28,28,7,K024,2,12,1225,46,0,3,3,1162234.4668753312,1896560.9616219066,41.87183400094,-87.679845000002,"{""latitude"":""41.87183400094"",""longitude"":""-87.679845000002"",""human_address"":""{\""address\"": \""\"", \""city\"": \""\"", \""state\"": \""\"", \""zip\"": \""\""}""}"
SR26-00474998,311 INFORMATION ONLY CALL,311IOC,311 City Services,311 City Services,Completed,Phone Call,2026-03-17T00:47:41.000,2026-03-17T01:31:45.000,2111 W Lexington ST,Demo City,Illinois,60612,2111,W,Lexington,ST,,,28,28,7,K024,2,12,1225,46,0,3,3,1162234.4668753312,1896560.9616219066,41.87183400094,-87.679845000002,"{""latitude"":""41.87183400094"",""longitude"":""-87.679845000002"",""human_address"":""{\""address\"": \""\"", \""city\"": \""\"", \""state\"": \""\"", \""zip\"": \""\""}""}"
SR26-00474997,Street Light Out Complaint,SFD,311 City Services,CDOT - Department of Transportation,Open,Phone Call,2026-03-17T00:46:39.000,2026-03-17T00:46:46.000,3948 W DAKIN ST,Demo City,Illinois,60618,3948,W,DAKIN,ST,,,16,45,3,G013,3,17,1732,3,0,3,3,1149174.8065635478,1926042.1270867474,41.952996000941,-87.727027500002,"{""latitude"":""41.952996000941"",""longitude"":""-87.727027500002"",""human_address"":""{\""address\"": \""\"", \""city\"": \""\"", \""state\"": \""\"", \""zip\"": \""\""}""}"
SR26-00474996,Garbage Cart Maintenance,SIE,,Streets and Sanitation,Open,Internet,2026-03-17T00:45:57.000,2026-03-17T00:46:00.000,633 E 90TH ST,Demo City,Illinois,60619,633,E,90TH,ST,,,44,8,14,R043,3,06,0633,31,0,3,3,1182186.8361235675,1845373.081483946,41.73093000094,-87.608178000002,"{""latitude"":""41.73093000094"",""longitude"":""-87.608178000002"",""human_address"":""{\""address\"": \""\"", \""city\"": \""\"", \""state\"": \""\"", \""zip\"": \""\""}""}"
SR26-00474995,311 INFORMATION ONLY CALL,311IOC,311 City Services,311 City Services,Completed,Phone Call,2026-03-17T00:45:49.000,2026-03-17T01:31:45.000,2111 W Lexington ST,Demo City,Illinois,60612,2111,W,Lexington,ST,,,28,28,7,K024,2,12,1225,46,0,3,3,1162234.4668753312,1896560.9616219066,41.87183400094,-87.679845000002,"{""latitude"":""41.87183400094"",""longitude"":""-87.679845000002"",""human_address"":""{\""address\"": \""\"", \""city\"": \""\"", \""state\"": \""\"", \""zip\"": \""\""}""}"
SR26-00474994,Abandoned Vehicle Complaint,SKA,,Streets and Sanitation,Open,Internet,2026-03-17T00:43:32.000,2026-03-17T00:43:35.000,3200 E 131ST ST,Demo City,Illinois,60633,3200,E,131ST,ST,,,55,10,15,X054,3,04,0433,5,0,3,3,1199450.0925623416,1818727.0719097476,41.657394296638,-87.545830312619,"{""latitude"":""41.657394296638"",""longitude"":""-87.545830312619"",""human_address"":""{\""address\"": \""\"", \""city\"": \""\"", \""state\"": \""\"", \""zip\"": \""\""}""}"
SR26-00474993,Rodent Baiting/Rat Complaint,SGA,,Streets and Sanitation,Open,Internet,2026-03-17T00:42:11.000,2026-03-17T00:42:14.000,633 E 90TH ST,Demo City,Illinois,60619,633,E,90TH,ST,,,44,8,14,R043,3,06,0633,31,0,3,3,1182186.8361235675,1845373.081483946,41.73093000094,-87.608178000002,"{""latitude"":""41.73093000094"",""longitude"":""-87.608178000002"",""human_address"":""{\""address\"": \""\"", \""city\"": \""\"", \""state\"": \""\"", \""zip\"": \""\""}""}"
SR26-00474991,Abandoned Vehicle Complaint,SKA,,Streets and Sanitation,Open,Internet,2026-03-17T00:39:48.000,2026-03-17T00:39:52.000,3423 W 62ND PL,Demo City,Illinois,60629,3423,W,62ND,PL,,,66,14,10,H036,2,08,0823,20,0,3,3,1154536.6282331913,1862902.797388877,41.77962900094,-87.709005000002,"{""latitude"":""41.77962900094"",""longitude"":""-87.709005000002"",""human_address"":""{\""address\"": \""\"", \""city\"": \""\"", \""state\"": \""\"", \""zip\"": \""\""}""}"
SR26-00474990,311 INFORMATION ONLY CALL,311IOC,311 City Services,311 City Services,Completed,Phone Call,2026-03-17T00:39:05.000,2026-03-17T01:31:45.000,2111 W Lexington ST,Demo City,Illinois,60612,2111,W,Lexington,ST,,,28,28,7,K024,2,12,1225,46,0,3,3,1162234.4668753312,1896560.9616219066,41.87183400094,-87.679845000002,"{""latitude"":""41.87183400094"",""longitude"":""-87.679845000002"",""human_address"":""{\""address\"": \""\"", \""city\"": \""\"", \""state\"": \""\"", \""zip\"": \""\""}""}"
SR26-00474989,311 INFORMATION ONLY CALL,311IOC,311 City Services,311 City Services,Completed,Phone Call,2026-03-17T00:38:35.000,2026-03-17T01:31:45.000,2111 W Lexington ST,Demo City,Illinois,60612,2111,W,Lexington,ST,,,28,28,7,K024,2,12,1225,46,0,3,3,1162234.4668753312,1896560.9616219066,41.87183400094,-87.679845000002,"{""latitude"":""41.87183400094"",""longitude"":""-87.679845000002"",""human_address"":""{\""address\"": \""\"", \""city\"": \""\"", \""state\"": \""\"", \""zip\"": \""\""}""}"
SR26-00474988,Water in Basement Complaint,AAF,,DWM - Department of Water Management,Open,Internet,2026-03-17T00:36:52.000,2026-03-17T00:57:37.000,6629 S SANGAMON ST,Demo City,Illinois,60621,6629,S,SANGAMON,ST,,,68,16,11,N037,2,07,0723,28,0,3,3,1171190.6661385747,1860750.204366678,41.77337400094,-87.648012000002,"{""latitude"":""41.77337400094"",""longitude"":""-87.648012000002"",""human_address"":""{\""address\"": \""\"", \""city\"": \""\"", \""state\"": \""\"", \""zip\"": \""\""}""}"
SR26-00474987,311 INFORMATION ONLY CALL,311IOC,311 City Services,311 City Services,Completed,Phone Call,2026-03-17T00:36:27.000,2026-03-17T01:31:45.000,2111 W Lexington ST,Demo City,Illinois,60612,2111,W,Lexington,ST,,,28,28,7,K024,2,12,1225,46,0,3,3,1162234.4668753312,1896560.9616219066,41.87183400094,-87.679845000002,"{""latitude"":""41.87183400094"",""longitude"":""-87.679845000002"",""human_address"":""{\""address\"": \""\"", \""city\"": \""\"", \""state\"": \""\"", \""zip\"": \""\""}""}"
SR26-00474986,311 INFORMATION ONLY CALL,311IOC,311 City Services,311 City Services,Completed,Phone Call,2026-03-17T00:36:24.000,2026-03-17T01:31:45.000,2111 W Lexington ST,Demo City,Illinois,60612,2111,W,Lexington,ST,,,28,28,7,K024,2,12,1225,46,0,3,3,1162234.4668753312,1896560.9616219066,41.87183400094,-87.679845000002,"{""latitude"":""41.87183400094"",""longitude"":""-87.679845000002"",""human_address"":""{\""address\"": \""\"", \""city\"": \""\"", \""state\"": \""\"", \""zip\"": \""\""}""}"
SR26-00474985,311 INFORMATION ONLY CALL,311IOC,311 City Services,311 City Services,Completed,Phone Call,2026-03-17T00:34:09.000,2026-03-17T01:31:45.000,2111 W Lexington ST,Demo City,Illinois,60612,2111,W,Lexington,ST,,,28,28,7,K024,2,12,1225,46,0,3,3,1162234.4668753312,1896560.9616219066,41.87183400094,-87.679845000002,"{""latitude"":""41.87183400094"",""longitude"":""-87.679845000002"",""human_address"":""{\""address\"": \""\"", \""city\"": \""\"", \""state\"": \""\"", \""zip\"": \""\""}""}"
SR26-00474984,311 INFORMATION ONLY CALL,311IOC,311 City Services,311 City Services,Completed,Phone Call,2026-03-17T00:34:06.000,2026-03-17T01:31:45.000,2111 W Lexington ST,Demo City,Illinois,60612,2111,W,Lexington,ST,,,28,28,7,K024,2,12,1225,46,0,3,3,1162234.4668753312,1896560.9616219066,41.87183400094,-87.679845000002,"{""latitude"":""41.87183400094"",""longitude"":""-87.679845000002"",""human_address"":""{\""address\"": \""\"", \""city\"": \""\"", \""state\"": \""\"", \""zip\"": \""\""}""}"
SR26-00474983,311 INFORMATION ONLY CALL,311IOC,311 City Services,311 City Services,Completed,Phone Call,2026-03-17T00:34:01.000,2026-03-17T01:31:45.000,2111 W Lexington ST,Demo City,Illinois,60612,2111,W,Lexington,ST,,,28,28,7,K024,2,12,1225,46,0,3,3,1162234.4668753312,1896560.9616219066,41.87183400094,-87.679845000002,"{""latitude"":""41.87183400094"",""longitude"":""-87.679845000002"",""human_address"":""{\""address\"": \""\"", \""city\"": \""\"", \""state\"": \""\"", \""zip\"": \""\""}""}"
SR26-00474982,Finance Parking Code Enforcement Review,FPCE,311 City Services,Finance,Completed,Phone Call,2026-03-17T00:32:05.000,2026-03-17T00:32:06.000,53 W JACKSON BLVD,Demo City,Illinois,60604,53,W,JACKSON,BLVD,,,32,4,7,P023,1,01,0113,21,0,3,3,1175914.9792861266,1898741.9561095124,41.87752200094,-87.629553000002,"{""latitude"":""41.87752200094"",""longitude"":""-87.629553000002"",""human_address"":""{\""address\"": \""\"", \""city\"": \""\"", \""state\"": \""\"", \""zip\"": \""\""}""}"
SR26-00474981,Pothole in Street Complaint,PHF,311 City Services,CDOT - Department of Transportation,Open,Phone Call,2026-03-17T00:31:53.000,2026-03-17T00:31:55.000,4700 S ARCHER AVE,Demo City,Illinois,60632,4700,S,ARCHER,AVE,,,57,14,8,G032,2,08,0821,27,0,3,3,1153017.5019651437,1873232.3634989604,41.808004982476,-87.714301678243,"{""latitude"":""41.808004982476"",""longitude"":""-87.714301678243"",""human_address"":""{\""address\"": \""\"", \""city\"": \""\"", \""state\"": \""\"", \""zip\"": \""\""}""}"
SR26-00474980,Graffiti Removal Request,GRAF,311 City Services,Streets and Sanitation,Open,Phone Call,2026-03-17T00:31:09.000,2026-03-17T00:31:12.000,3421 W 47TH PL,Demo City,Illinois,60632,3421,W,47TH,PL,,,58,14,8,H033,2,08,0821,10,0,3,3,1154272.804371457,1872766.4250888287,41.806701479418,-87.709709903199,"{""latitude"":""41.806701479418"",""longitude"":""-87.709709903199"",""human_address"":""{\""address\"": \""\"", \""city\"": \""\"", \""state\"": \""\"", \""zip\"": \""\""}""}"
SR26-00474976,311 INFORMATION ONLY CALL,311IOC,311 City Services,311 City Services,Completed,Phone Call,2026-03-17T00:26:14.000,2026-03-17T00:31:36.000,2111 W Lexington ST,Demo City,Illinois,60612,2111,W,Lexington,ST,,,28,28,7,K024,2,12,1225,46,0,3,3,1162234.4668753312,1896560.9616219066,41.87183400094,-87.679845000002,"{""latitude"":""41.87183400094"",""longitude"":""-87.679845000002"",""human_address"":""{\""address\"": \""\"", \""city\"": \""\"", \""state\"": \""\"", \""zip\"": \""\""}""}"
SR26-00474975,Pothole in Street Complaint,PHF,,CDOT - Department of Transportation,Open,Mobile Device,2026-03-17T00:24:53.000,2026-03-17T01:00:11.000,3938 N LAVERGNE AVE,,,,3938,N,LAVERGNE,AVE,1,,15,45,3,D013,3,16,1634,10,0,3,3,1142279.1191921148,1925892.6899820103,41.952717000941,-87.752380500002,"{""latitude"":""41.952717000941"",""longitude"":""-87.752380500002"",""human_address"":""{\""address\"": \""\"", \""city\"": \""\"", \""state\"": \""\"", \""zip\"": \""\""}""}"
SR26-00474973,311 INFORMATION ONLY CALL,311IOC,311 City Services,311 City Services,Completed,Phone Call,2026-03-17T00:18:48.000,2026-03-17T00:31:36.000,2111 W Lexington ST,Demo City,Illinois,60612,2111,W,Lexington,ST,,,28,28,7,K024,2,12,1225,46,0,3,3,1162234.4668753312,1896560.9616219066,41.87183400094,-87.679845000002,"{""latitude"":""41.87183400094"",""longitude"":""-87.679845000002"",""human_address"":""{\""address\"": \""\"", \""city\"": \""\"", \""state\"": \""\"", \""zip\"": \""\""}""}"
SR26-00474972,311 INFORMATION ONLY CALL,311IOC,311 City Services,311 City Services,Completed,Phone Call,2026-03-17T00:18:44.000,2026-03-17T00:31:36.000,2111 W Lexington ST,Demo City,Illinois,60612,2111,W,Lexington,ST,,,28,28,7,K024,2,12,1225,46,0,3,3,1162234.4668753312,1896560.9616219066,41.87183400094,-87.679845000002,"{""latitude"":""41.87183400094"",""longitude"":""-87.679845000002"",""human_address"":""{\""address\"": \""\"", \""city\"": \""\"", \""state\"": \""\"", \""zip\"": \""\""}""}"
SR26-00474970,Rodent Baiting/Rat Complaint,SGA,,Streets and Sanitation,Open,Mobile Device,2026-03-17T00:17:39.000,2026-03-17T00:17:43.000,1430 N KEDVALE AVE,,,,1430,N,KEDVALE,AVE,,,23,36,6,F019,3,25,2534,19,0,3,3,1148376.5728918093,1909345.7142743336,41.907195000941,-87.730393500002,"{""latitude"":""41.907195000941"",""longitude"":""-87.730393500002"",""human_address"":""{\""address\"": \""\"", \""city\"": \""\"", \""state\"": \""\"", \""zip\"": \""\""}""}"
SR26-00474969,311 INFORMATION ONLY CALL,311IOC,311 City Services,311 City Services,Completed,Phone Call,2026-03-17T00:17:18.000,2026-03-17T00:31:36.000,2111 W Lexington ST,Demo City,Illinois,60612,2111,W,Lexington,ST,,,28,28,7,K024,2,12,1225,46,0,3,3,1162234.4668753312,1896560.9616219066,41.87183400094,-87.679845000002,"{""latitude"":""41.87183400094"",""longitude"":""-87.679845000002"",""human_address"":""{\""address\"": \""\"", \""city\"": \""\"", \""state\"": \""\"", \""zip\"": \""\""}""}"
SR26-00474968,311 INFORMATION ONLY CALL,311IOC,311 City Services,311 City Services,Completed,Phone Call,2026-03-17T00:16:31.000,2026-03-17T00:31:36.000,2111 W Lexington ST,Demo City,Illinois,60612,2111,W,Lexington,ST,,,28,28,7,K024,2,12,1225,46,0,3,3,1162234.4668753312,1896560.9616219066,41.87183400094,-87.679845000002,"{""latitude"":""41.87183400094"",""longitude"":""-87.679845000002"",""human_address"":""{\""address\"": \""\"", \""city\"": \""\"", \""state\"": \""\"", \""zip\"": \""\""}""}"
SR26-00474967,Rodent Baiting/Rat Complaint,SGA,,Streets and Sanitation,Open,Mobile Device,2026-03-17T00:13:42.000,2026-03-17T00:13:45.000,6606 W 64TH PL,,,,6606,W,64TH,PL,,,64,13,10,Z137,1,08,0812,35,0,3,3,1133415.329454192,1861119.1328870934,41.77512900094,-87.786481500002,"{""latitude"":""41.77512900094"",""longitude"":""-87.786481500002"",""human_address"":""{\""address\"": \""\"", \""city\"": \""\"", \""state\"": \""\"", \""zip\"": \""\""}""}"
SR26-00474966,311 INFORMATION ONLY CALL,311IOC,311 City Services,311 City Services,Completed,Phone Call,2026-03-17T00:13:34.000,2026-03-17T00:31:36.000,2111 W Lexington ST,Demo City,Illinois,60612,2111,W,Lexington,ST,,,28,28,7,K024,2,12,1225,46,0,3,3,1162234.4668753312,1896560.9616219066,41.87183400094,-87.679845000002,"{""latitude"":""41.87183400094"",""longitude"":""-87.679845000002"",""human_address"":""{\""address\"": \""\"", \""city\"": \""\"", \""state\"": \""\"", \""zip\"": \""\""}""}"
SR26-00474965,Street Light Out Complaint,SFD,,CDOT - Department of Transportation,Open,Internet,2026-03-17T00:13:06.000,2026-03-17T00:13:14.000,909 N DAMEN AVE,Demo City,Illinois,60622,909,N,DAMEN,AVE,,,24,36,5,L020,1,12,1212,4,0,3,3,1162971.4433220453,1906130.4326412762,41.898078000941,-87.676870500002,"{""latitude"":""41.898078000941"",""longitude"":""-87.676870500002"",""human_address"":""{\""address\"": \""\"", \""city\"": \""\"", \""state\"": \""\"", \""zip\"": \""\""}""}"
SR26-00474963,Stray Animal Complaint,EAE,311 City Services,Animal Care and Control,Open,Phone Call,2026-03-17T00:11:44.000,2026-03-17T00:11:46.000,914 N LAWNDALE AVE,Demo City,Illinois,60651,914,N,LAWNDALE,AVE,,,23,27,6,G020,1,11,1112,19,0,3,3,1151474.4634952268,1905943.6184049484,41.89779900094,-87.719103000002,"{""latitude"":""41.89779900094"",""longitude"":""-87.719103000002"",""human_address"":""{\""address\"": \""\"", \""city\"": \""\"", \""state\"": \""\"", \""zip\"": \""\""}""}"
SR26-00474962,311 INFORMATION ONLY CALL,311IOC,311 City Services,311 City Services,Completed,Phone Call,2026-03-17T00:11:38.000,2026-03-17T00:31:36.000,2111 W Lexington ST,Demo City,Illinois,60612,2111,W,Lexington,ST,,,28,28,7,K024,2,12,1225,46,0,3,3,1162234.4668753312,1896560.9616219066,41.87183400094,-87.679845000002,"{""latitude"":""41.87183400094"",""longitude"":""-87.679845000002"",""human_address"":""{\""address\"": \""\"", \""city\"": \""\"", \""state\"": \""\"", \""zip\"": \""\""}""}"
SR26-00474961,311 INFORMATION ONLY CALL,311IOC,311 City Services,311 City Services,Completed,Phone Call,2026-03-17T00:11:22.000,2026-03-17T00:31:36.000,2111 W Lexington ST,Demo City,Illinois,60612,2111,W,Lexington,ST,,,28,28,7,K024,2,12,1225,46,0,3,3,1162234.4668753312,1896560.9616219066,41.87183400094,-87.679845000002,"{""latitude"":""41.87183400094"",""longitude"":""-87.679845000002"",""human_address"":""{\""address\"": \""\"", \""city\"": \""\"", \""state\"": \""\"", \""zip\"": \""\""}""}"
SR26-00474960,311 INFORMATION ONLY CALL,311IOC,311 City Services,311 City Services,Completed,Phone Call,2026-03-17T00:10:10.000,2026-03-17T00:31:36.000,2111 W Lexington ST,Demo City,Illinois,60612,2111,W,Lexington,ST,,,25,29,6,B022,,,,,0,3,3,1136367.831085467,1900123.317564274,41.882110715232,-87.774728038827,"{""latitude"":""41.882110715232"",""longitude"":""-87.774728038827"",""human_address"":""{\""address\"": \""\"", \""city\"": \""\"", \""state\"": \""\"", \""zip\"": \""\""}""}"
SR26-00474959,Sanitation Code Violation,SCB,,Streets and Sanitation,Open,Mobile Device,2026-03-17T00:09:44.000,2026-03-17T08:46:11.000,3175 N BROADWAY,,,,3175,N,BROADWAY,,,,6,44,4,O015,3,19,1934,28,0,3,3,1171739.9367917988,1921404.4408134045,41.939802000941,-87.644214000002,"{""latitude"":""41.939802000941"",""longitude"":""-87.644214000002"",""human_address"":""{\""address\"": \""\"", \""city\"": \""\"", \""state\"": \""\"", \""zip\"": \""\""}""}"
SR26-00474958,Aircraft Noise Complaint,AVN,,Aviation,Completed,Internet,2026-03-17T00:08:36.000,2026-03-17T00:31:36.000,10510 W ZEMKE RD,Demo City,Illinois,60666,10510,W,ZEMKE,RD,,,76,41,,,5,16,1654,27,0,3,3,1105376.7673561182,1941043.7883293368,41.994900000941,-87.887749500002,"{""latitude"":""41.994900000941"",""longitude"":""-87.887749500002"",""human_address"":""{\""address\"": \""\"", \""city\"": \""\"", \""state\"": \""\"", \""zip\"": \""\""}""}"
SR26-00474957,311 INFORMATION ONLY CALL,311IOC,311 City Services,311 City Services,Completed,Phone Call,2026-03-17T00:07:14.000,2026-03-17T00:31:36.000,2111 W Lexington ST,Demo City,Illinois,60612,2111,W,Lexington,ST,,,28,28,7,K024,2,12,1225,46,0,3,3,1162234.4668753312,1896560.9616219066,41.87183400094,-87.679845000002,"{""latitude"":""41.87183400094"",""longitude"":""-87.679845000002"",""human_address"":""{\""address\"": \""\"", \""city\"": \""\"", \""state\"": \""\"", \""zip\"": \""\""}""}"
SR26-00474956,311 INFORMATION ONLY CALL,311IOC,311 City Services,311 City Services,Completed,Phone Call,2026-03-17T00:06:03.000,2026-03-17T00:31:36.000,2111 W Lexington ST,Demo City,Illinois,60612,2111,W,Lexington,ST,,,28,28,7,K024,2,12,1225,46,0,3,3,1162234.4668753312,1896560.9616219066,41.87183400094,-87.679845000002,"{""latitude"":""41.87183400094"",""longitude"":""-87.679845000002"",""human_address"":""{\""address\"": \""\"", \""city\"": \""\"", \""state\"": \""\"", \""zip\"": \""\""}""}"
SR26-00474954,311 INFORMATION ONLY CALL,311IOC,311 City Services,311 City Services,Completed,Phone Call,2026-03-17T00:05:26.000,2026-03-17T00:31:36.000,2111 W Lexington ST,Demo City,Illinois,60612,2111,W,Lexington,ST,,,28,28,7,K024,2,12,1225,46,0,3,3,1162234.4668753312,1896560.9616219066,41.87183400094,-87.679845000002,"{""latitude"":""41.87183400094"",""longitude"":""-87.679845000002"",""human_address"":""{\""address\"": \""\"", \""city\"": \""\"", \""state\"": \""\"", \""zip\"": \""\""}""}"
SR26-00474953,Tree Removal Inspection,SEE,,Streets and Sanitation,Open,Internet,2026-03-17T00:04:15.000,2026-03-17T00:04:18.000,3952 N OLEANDER AVE,Demo City,Illinois,60634,3952,N,OLEANDER,AVE,,,17,38,3,X113,3,16,1631,13,0,3,3,1124958.8557930926,1925325.832074321,41.951466000941,-87.816064500002,"{""latitude"":""41.951466000941"",""longitude"":""-87.816064500002"",""human_address"":""{\""address\"": \""\"", \""city\"": \""\"", \""state\"": \""\"", \""zip\"": \""\""}""}"
SR26-00474952,311 INFORMATION ONLY CALL,311IOC,311 City Services,311 City Services,Completed,Phone Call,2026-03-17T00:03:39.000,2026-03-17T00:31:36.000,2111 W Lexington ST,Demo City,Illinois,60612,2111,W,Lexington,ST,,,28,28,7,K024,2,12,1225,46,0,3,3,1162234.4668753312,1896560.9616219066,41.87183400094,-87.679845000002,"{""latitude"":""41.87183400094"",""longitude"":""-87.679845000002"",""human_address"":""{\""address\"": \""\"", \""city\"": \""\"", \""state\"": \""\"", \""zip\"": \""\""}""}"
SR26-00474949,311 INFORMATION ONLY CALL,311IOC,311 City Services,311 City Services,Completed,Phone Call,2026-03-17T00:01:37.000,2026-03-17T00:31:36.000,2111 W Lexington ST,Demo City,Illinois,60612,2111,W,Lexington,ST,,,28,28,7,K024,2,12,1225,46,0,3,3,1162234.4668753312,1896560.9616219066,41.87183400094,-87.679845000002,"{""latitude"":""41.87183400094"",""longitude"":""-87.679845000002"",""human_address"":""{\""address\"": \""\"", \""city\"": \""\"", \""state\"": \""\"", \""zip\"": \""\""}""}"
SR26-00474948,311 INFORMATION ONLY CALL,311IOC,311 City Services,311 City Services,Completed,Phone Call,2026-03-17T00:00:35.000,2026-03-17T00:31:36.000,2111 W Lexington ST,Demo City,Illinois,60612,2111,W,Lexington,ST,,,28,28,7,K024,2,12,1225,46,0,3,3,1162234.4668753312,1896560.9616219066,41.87183400094,-87.679845000002,"{""latitude"":""41.87183400094"",""longitude"":""-87.679845000002"",""human_address"":""{\""address\"": \""\"", \""city\"": \""\"", \""state\"": \""\"", \""zip\"": \""\""}""}"
SR26-00474947,311 INFORMATION ONLY CALL,311IOC,311 City Services,311 City Services,Completed,Phone Call,2026-03-17T00:00:33.000,2026-03-17T00:31:36.000,2111 W Lexington ST,Demo City,Illinois,60612,2111,W,Lexington,ST,,,28,28,7,K024,2,12,1225,46,0,3,3,1162234.4668753312,1896560.9616219066,41.87183400094,-87.679845000002,"{""latitude"":""41.87183400094"",""longitude"":""-87.679845000002"",""human_address"":""{\""address\"": \""\"", \""city\"": \""\"", \""state\"": \""\"", \""zip\"": \""\""}""}"
SR26-00474946,311 INFORMATION ONLY CALL,311IOC,311 City Services,311 City Services,Completed,Phone Call,2026-03-17T00:00:11.000,2026-03-17T00:31:36.000,2111 W Lexington ST,Demo City,Illinois,60612,2111,W,Lexington,ST,,,28,28,7,K024,2,12,1225,46,0,3,3,1162234.4668753312,1896560.9616219066,41.87183400094,-87.679845000002,"{""latitude"":""41.87183400094"",""longitude"":""-87.679845000002"",""human_address"":""{\""address\"": \""\"", \""city\"": \""\"", \""state\"": \""\"", \""zip\"": \""\""}""}"
SR26-00474945,Street Light Out Complaint,SFD,311 City Services,CDOT - Department of Transportation,Open,Phone Call,2026-03-16T23:59:08.000,2026-03-16T23:59:22.000,5500 W HIGGINS AVE,Demo City,Illinois,60630,5500,W,HIGGINS,AVE,,,11,45,1,C010,2,16,1623,20,23,2,3,1138741.7139203784,1932123.5068259416,41.969880000941,-87.765232500002,"{""latitude"":""41.969880000941"",""longitude"":""-87.765232500002"",""human_address"":""{\""address\"": \""\"", \""city\"": \""\"", \""state\"": \""\"", \""zip\"": \""\""}""}"
SR26-00474944,Rodent Baiting/Rat Complaint,SGA,,Streets and Sanitation,Open,Internet,2026-03-16T23:56:54.000,2026-03-16T23:56:56.000,6907 N CLARK ST,Demo City,Illinois,60626,6907,N,CLARK,ST,,,1,49,2,L005,3,24,2431,10,23,2,3,1163616.29686321,1945762.249836012,42.00681610511,-87.673381099795,"{""latitude"":""42.00681610511"",""longitude"":""-87.673381099795"",""human_address"":""{\""address\"": \""\"", \""city\"": \""\"", \""state\"": \""\"", \""zip\"": \""\""}""}"
SR26-00474943,311 INFORMATION ONLY CALL,311IOC,311 City Services,311 City Services,Completed,Phone Call,2026-03-16T23:55:09.000,2026-03-17T00:31:36.000,2111 W Lexington ST,Demo City,Illinois,60612,2111,W,Lexington,ST,,,28,28,7,K024,2,12,1225,46,23,2,3,1162234.4668753312,1896560.9616219066,41.87183400094,-87.679845000002,"{""latitude"":""41.87183400094"",""longitude"":""-87.679845000002"",""human_address"":""{\""address\"": \""\"", \""city\"": \""\"", \""state\"": \""\"", \""zip\"": \""\""}""}"
SR26-00474942,Tree Debris Clean-Up Request,SEL,,Streets and Sanitation,Open,Internet,2026-03-16T23:54:44.000,2026-03-17T00:00:05.000,3858 W 55TH PL,Demo City,Illinois,60629,3858,W,55TH,PL,,,62,23,10,G035,2,08,0822,39,23,2,3,1151357.3915206788,1867576.4597889804,41.79251700094,-87.720538500002,"{""latitude"":""41.79251700094"",""longitude"":""-87.720538500002"",""human_address"":""{\""address\"": \""\"", \""city\"": \""\"", \""state\"": \""\"", \""zip\"": \""\""}""}"
SR26-00474939,Building Violation,BBA,,DOB - Buildings,Open,Internet,2026-03-16T23:48:33.000,2026-03-17T00:00:05.000,4258 W CULLERTON ST,Demo City,Illinois,,4258,W,CULLERTON,ST,,,29,24,6,F026,1,10,1012,29,23,2,3,1148030.97147305,1890073.541732107,41.854316611973,-87.732158968457,"{""latitude"":""41.854316611973"",""longitude"":""-87.732158968457"",""human_address"":""{\""address\"": \""\"", \""city\"": \""\"", \""state\"": \""\"", \""zip\"": \""\""}""}"
SR26-00474938,Sewer Cleaning Inspection Request,CHECKFOR,,DWM - Department of Water Management,Open,Mobile Device,2026-03-16T23:47:57.000,2026-03-17T00:06:22.000,7632 S EAST END AVE,,,,7632,S,EAST END,AVE,,,43,8,12,U040,1,04,0414,21,23,2,3,1188790.5516035133,1854557.2398614725,41.75597700094,-87.583693500002,"{""latitude"":""41.75597700094"",""longitude"":""-87.583693500002"",""human_address"":""{\""address\"": \""\"", \""city\"": \""\"", \""state\"": \""\"", \""zip\"": \""\""}""}"
SR26-00474937,311 INFORMATION ONLY CALL,311IOC,311 City Services,311 City Services,Completed,Phone Call,2026-03-16T23:45:37.000,2026-03-17T00:31:36.000,2111 W Lexington ST,Demo City,Illinois,60612,2111,W,Lexington,ST,,,28,28,7,K024,2,12,1225,46,23,2,3,1162234.4668753312,1896560.9616219066,41.87183400094,-87.679845000002,"{""latitude"":""41.87183400094"",""longitude"":""-87.679845000002"",""human_address"":""{\""address\"": \""\"", \""city\"": \""\"", \""state\"": \""\"", \""zip\"": \""\""}""}"
SR26-00474936,311 INFORMATION ONLY CALL,311IOC,311 City Services,311 City Services,Completed,Phone Call,2026-03-16T23:45:29.000,2026-03-17T00:31:36.000,2111 W Lexington ST,Demo City,Illinois,60612,2111,W,Lexington,ST,,,28,28,7,K024,2,12,1225,46,23,2,3,1162234.4668753312,1896560.9616219066,41.87183400094,-87.679845000002,"{""latitude"":""41.87183400094"",""longitude"":""-87.679845000002"",""human_address"":""{\""address\"": \""\"", \""city\"": \""\"", \""state\"": \""\"", \""zip\"": \""\""}""}"
SR26-00474935,311 INFORMATION ONLY CALL,311IOC,311 City Services,311 City Services,Completed,Phone Call,2026-03-16T23:45:28.000,2026-03-17T00:31:36.000,2111 W Lexington ST,Demo City,Illinois,60612,2111,W,Lexington,ST,,,28,28,7,K024,2,12,1225,46,23,2,3,1162234.4668753312,1896560.9616219066,41.87183400094,-87.679845000002,"{""latitude"":""41.87183400094"",""longitude"":""-87.679845000002"",""human_address"":""{\""address\"": \""\"", \""city\"": \""\"", \""state\"": \""\"", \""zip\"": \""\""}""}"
SR26-00474934,Traffic Signal Out Complaint,SFB,311 City Services,CDOT - Department of Transportation,Completed,Phone Call,2026-03-16T23:45:13.000,2026-03-17T10:13:58.000,8304 S STONY ISLAND AVE,Demo City,Illinois,,8304,S,STONY ISLAND,AVE,1,,45,8,15,U042,1,04,0411,6,23,2,3,1188251.72436471,1850263.0242404426,41.744206134323,-87.585804878235,"{""latitude"":""41.744206134323"",""longitude"":""-87.585804878235"",""human_address"":""{\""address\"": \""\"", \""city\"": \""\"", \""state\"": \""\"", \""zip\"": \""\""}""}"
SR26-00474933,Water On Street Complaint,AAE,,DWM - Department of Water Management,Completed,Mobile Device,2026-03-16T23:43:59.000,2026-03-17T00:08:20.000,7620 S EAST END AVE,,,,7620,S,EAST END,AVE,1,,43,8,12,U040,1,04,0414,21,23,2,3,1188788.352164261,1854668.7330587367,41.75628300094,-87.583698000002,"{""latitude"":""41.75628300094"",""longitude"":""-87.583698000002"",""human_address"":""{\""address\"": \""\"", \""city\"": \""\"", \""state\"": \""\"", \""zip\"": \""\""}""}"
SR26-00474932,311 INFORMATION ONLY CALL,311IOC,311 City Services,311 City Services,Completed,Phone Call,2026-03-16T23:43:04.000,2026-03-17T00:31:36.000,2111 W Lexington ST,Demo City,Illinois,60612,2111,W,Lexington,ST,,,28,28,7,K024,2,12,1225,46,23,2,3,1162234.4668753312,1896560.9616219066,41.87183400094,-87.679845000002,"{""latitude"":""41.87183400094"",""longitude"":""-87.679845000002"",""human_address"":""{\""address\"": \""\"", \""city\"": \""\"", \""state\"": \""\"", \""zip\"": \""\""}""}"
SR26-00474931,311 INFORMATION ONLY CALL,311IOC,311 City Services,311 City Services,Completed,Phone Call,2026-03-16T23:42:37.000,2026-03-17T00:31:36.000,2111 W Lexington ST,Demo City,Illinois,60612,2111,W,Lexington,ST,,,28,28,7,K024,2,12,1225,46,23,2,3,1162234.4668753312,1896560.9616219066,41.87183400094,-87.679845000002,"{""latitude"":""41.87183400094"",""longitude"":""-87.679845000002"",""human_address"":""{\""address\"": \""\"", \""city\"": \""\"", \""state\"": \""\"", \""zip\"": \""\""}""}"
SR26-00474928,311 INFORMATION ONLY CALL,311IOC,311 City Services,311 City Services,Completed,Phone Call,2026-03-16T23:39:58.000,2026-03-17T00:31:36.000,2111 W Lexington ST,Demo City,Illinois,60612,2111,W,Lexington,ST,,,28,28,7,K024,2,12,1225,46,23,2,3,1162234.4668753312,1896560.9616219066,41.87183400094,-87.679845000002,"{""latitude"":""41.87183400094"",""longitude"":""-87.679845000002"",""human_address"":""{\""address\"": \""\"", \""city\"": \""\"", \""state\"": \""\"", \""zip\"": \""\""}""}"
SR26-00474927,Aircraft Noise Complaint,AVN,,Aviation,Completed,Internet,2026-03-16T23:39:28.000,2026-03-17T00:31:36.000,10510 W ZEMKE RD,Demo City,Illinois,60666,10510,W,ZEMKE,RD,,,76,41,,,5,16,1654,27,23,2,3,1105376.7673561182,1941043.7883293368,41.994900000941,-87.887749500002,"{""latitude"":""41.994900000941"",""longitude"":""-87.887749500002"",""human_address"":""{\""address\"": \""\"", \""city\"": \""\"", \""state\"": \""\"", \""zip\"": \""\""}""}"
SR26-00474926,311 INFORMATION ONLY CALL,311IOC,311 City Services,311 City Services,Completed,Phone Call,2026-03-16T23:38:16.000,2026-03-17T00:31:36.000,2111 W Lexington ST,Demo City,Illinois,60612,2111,W,Lexington,ST,,,28,28,7,K024,2,12,1225,46,23,2,3,1162234.4668753312,1896560.9616219066,41.87183400094,-87.679845000002,"{""latitude"":""41.87183400094"",""longitude"":""-87.679845000002"",""human_address"":""{\""address\"": \""\"", \""city\"": \""\"", \""state\"": \""\"", \""zip\"": \""\""}""}"
SR26-00474925,311 INFORMATION ONLY CALL,311IOC,311 City Services,311 City Services,Completed,Phone Call,2026-03-16T23:37:47.000,2026-03-17T00:31:36.000,2111 W Lexington ST,Demo City,Illinois,60612,2111,W,Lexington,ST,,,28,28,7,K024,2,12,1225,46,23,2,3,1162234.4668753312,1896560.9616219066,41.87183400094,-87.679845000002,"{""latitude"":""41.87183400094"",""longitude"":""-87.679845000002"",""human_address"":""{\""address\"": \""\"", \""city\"": \""\"", \""state\"": \""\"", \""zip\"": \""\""}""}"
SR26-00474924,Blue Recycling Cart,SRRC,,Streets and Sanitation,Open,Mobile Device,2026-03-16T23:37:46.000,2026-03-16T23:37:50.000,1908 S RIDGEWAY AVE,,,,1908,S,RIDGEWAY,AVE,,,29,24,6,G026,1,10,1014,6,23,2,3,1151600.2756330457,1890247.6268559291,41.85472500094,-87.719053500002,"{""latitude"":""41.85472500094"",""longitude"":""-87.719053500002"",""human_address"":""{\""address\"": \""\"", \""city\"": \""\"", \""state\"": \""\"", \""zip\"": \""\""}""}"
SR26-00474923,311 INFORMATION ONLY CALL,311IOC,311 City Services,311 City Services,Completed,Phone Call,2026-03-16T23:37:05.000,2026-03-17T00:31:36.000,2111 W Lexington ST,Demo City,Illinois,60612,2111,W,Lexington,ST,,,28,28,7,K024,2,12,1225,46,23,2,3,1162234.4668753312,1896560.9616219066,41.87183400094,-87.679845000002,"{""latitude"":""41.87183400094"",""longitude"":""-87.679845000002"",""human_address"":""{\""address\"": \""\"", \""city\"": \""\"", \""state\"": \""\"", \""zip\"": \""\""}""}"
SR26-00474922,311 INFORMATION ONLY CALL,311IOC,311 City Services,311 City Services,Completed,Phone Call,2026-03-16T23:34:44.000,2026-03-17T00:31:36.000,2111 W Lexington ST,Demo City,Illinois,60612,2111,W,Lexington,ST,,,28,28,7,K024,2,12,1225,46,23,2,3,1162234.4668753312,1896560.9616219066,41.87183400094,-87.679845000002,"{""latitude"":""41.87183400094"",""longitude"":""-87.679845000002"",""human_address"":""{\""address\"": \""\"", \""city\"": \""\"", \""state\"": \""\"", \""zip\"": \""\""}""}"
SR26-00474921,311 INFORMATION ONLY CALL,311IOC,311 City Services,311 City Services,Completed,Phone Call,2026-03-16T23:34:27.000,2026-03-17T00:31:36.000,2111 W Lexington ST,Demo City,Illinois,60612,2111,W,Lexington,ST,,,28,28,7,K024,2,12,1225,46,23,2,3,1162234.4668753312,1896560.9616219066,41.87183400094,-87.679845000002,"{""latitude"":""41.87183400094"",""longitude"":""-87.679845000002"",""human_address"":""{\""address\"": \""\"", \""city\"": \""\"", \""state\"": \""\"", \""zip\"": \""\""}""}"
SR26-00474920,311 INFORMATION ONLY CALL,311IOC,311 City Services,311 City Services,Completed,Phone Call,2026-03-16T23:33:53.000,2026-03-17T00:31:36.000,2111 W Lexington ST,Demo City,Illinois,60612,2111,W,Lexington,ST,,,28,28,7,K024,2,12,1225,46,23,2,3,1162234.4668753312,1896560.9616219066,41.87183400094,-87.679845000002,"{""latitude"":""41.87183400094"",""longitude"":""-87.679845000002"",""human_address"":""{\""address\"": \""\"", \""city\"": \""\"", \""state\"": \""\"", \""zip\"": \""\""}""}"
SR26-00474919,311 INFORMATION ONLY CALL,311IOC,311 City Services,311 City Services,Completed,Phone Call,2026-03-16T23:33:34.000,2026-03-17T00:31:36.000,2111 W Lexington ST,Demo City,Illinois,60612,2111,W,Lexington,ST,,,28,28,7,K024,2,12,1225,46,23,2,3,1162234.4668753312,1896560.9616219066,41.87183400094,-87.679845000002,"{""latitude"":""41.87183400094"",""longitude"":""-87.679845000002"",""human_address"":""{\""address\"": \""\"", \""city\"": \""\"", \""state\"": \""\"", \""zip\"": \""\""}""}"
SR26-00474918,Street Light Out Complaint,SFD,,CDOT - Department of Transportation,Open,Internet,2026-03-16T23:33:31.000,2026-03-16T23:33:37.000,5905 W CORCORAN PL,Demo City,Illinois,60644,5905,W,CORCORAN,PL,,,25,29,6,B022,1,15,1512,18,23,2,3,1136995.0346565316,1901869.4109950725,41.88689100094,-87.772383000002,"{""latitude"":""41.88689100094"",""longitude"":""-87.772383000002"",""human_address"":""{\""address\"": \""\"", \""city\"": \""\"", \""state\"": \""\"", \""zip\"": \""\""}""}"
SR26-00474917,Snow – Uncleared Sidewalk Complaint,SWSNOREM,,CDOT - Department of Transportation,Open,Internet,2026-03-16T23:32:34.000,2026-03-16T23:32:35.000,739 N WABASH AVE,Demo City,Illinois,60611,739,N,WABASH,AVE,,,8,2,5,Q021,3,18,1833,19,23,2,3,1176644.787209054,1905517.4980156615,41.89609800094,-87.626668500002,"{""latitude"":""41.89609800094"",""longitude"":""-87.626668500002"",""human_address"":""{\""address\"": \""\"", \""city\"": \""\"", \""state\"": \""\"", \""zip\"": \""\""}""}"
SR26-00474914,311 INFORMATION ONLY CALL,311IOC,311 City Services,311 City Services,Completed,Phone Call,2026-03-16T23:30:20.000,2026-03-17T00:31:36.000,2111 W Lexington ST,Demo City,Illinois,60612,2111,W,Lexington,ST,,,28,28,7,K024,2,12,1225,46,23,2,3,1162234.4668753312,1896560.9616219066,41.87183400094,-87.679845000002,"{""latitude"":""41.87183400094"",""longitude"":""-87.679845000002"",""human_address"":""{\""address\"": \""\"", \""city\"": \""\"", \""state\"": \""\"", \""zip\"": \""\""}""}"
SR26-00474912,311 INFORMATION ONLY CALL,311IOC,311 City Services,311 City Services,Completed,Phone Call,2026-03-16T23:29:52.000,2026-03-16T23:31:42.000,2111 W Lexington ST,Demo City,Illinois,60612,2111,W,Lexington,ST,,,28,28,7,K024,2,12,1225,46,23,2,3,1162234.4668753312,1896560.9616219066,41.87183400094,-87.679845000002,"{""latitude"":""41.87183400094"",""longitude"":""-87.679845000002"",""human_address"":""{\""address\"": \""\"", \""city\"": \""\"", \""state\"": \""\"", \""zip\"": \""\""}""}"
SR26-00474909,311 INFORMATION ONLY CALL,311IOC,311 City Services,311 City Services,Completed,Phone Call,2026-03-16T23:26:25.000,2026-03-16T23:31:45.000,2111 W Lexington ST,Demo City,Illinois,60612,2111,W,Lexington,ST,,,28,28,7,K024,2,12,1225,46,23,2,3,1162234.4668753312,1896560.9616219066,41.87183400094,-87.679845000002,"{""latitude"":""41.87183400094"",""longitude"":""-87.679845000002"",""human_address"":""{\""address\"": \""\"", \""city\"": \""\"", \""state\"": \""\"", \""zip\"": \""\""}""}"
SR26-00474908,311 INFORMATION ONLY CALL,311IOC,311 City Services,311 City Services,Completed,Phone Call,2026-03-16T23:26:15.000,2026-03-16T23:31:45.000,2111 W Lexington ST,Demo City,Illinois,60612,2111,W,Lexington,ST,,,28,28,7,K024,2,12,1225,46,23,2,3,1162234.4668753312,1896560.9616219066,41.87183400094,-87.679845000002,"{""latitude"":""41.87183400094"",""longitude"":""-87.679845000002"",""human_address"":""{\""address\"": \""\"", \""city\"": \""\"", \""state\"": \""\"", \""zip\"": \""\""}""}"
SR26-00474906,Snow – Uncleared Sidewalk Complaint,SWSNOREM,,CDOT - Department of Transportation,Open,Internet,2026-03-16T23:25:49.000,2026-03-16T23:25:50.000,1155 N WELLS ST,Demo City,Illinois,60610,1155,N,WELLS,ST,,,8,27,5,P020,2,18,1824,38,23,2,3,1174587.592901534,1908226.175686066,41.903577000941,-87.634143000002,"{""latitude"":""41.903577000941"",""longitude"":""-87.634143000002"",""human_address"":""{\""address\"": \""\"", \""city\"": \""\"", \""state\"": \""\"", \""zip\"": \""\""}""}"
SR26-00474905,311 INFORMATION ONLY CALL,311IOC,311 City Services,311 City Services,Completed,Phone Call,2026-03-16T23:24:22.000,2026-03-16T23:31:42.000,2111 W Lexington ST,Demo City,Illinois,60612,2111,W,Lexington,ST,,,28,28,7,K024,2,12,1225,46,23,2,3,1162234.4668753312,1896560.9616219066,41.87183400094,-87.679845000002,"{""latitude"":""41.87183400094"",""longitude"":""-87.679845000002"",""human_address"":""{\""address\"": \""\"", \""city\"": \""\"", \""state\"": \""\"", \""zip\"": \""\""}""}"
SR26-00474904,Abandoned Vehicle Complaint,SKA,,Streets and Sanitation,Open,Internet,2026-03-16T23:23:31.000,2026-03-17T00:00:05.000,4117 N AUSTIN AVE,Demo City,Illinois,60634,4117,N,AUSTIN,AVE,,,15,38,3,B012,2,16,1624,33,23,2,3,1135688.4190325292,1926839.4337407583,41.955435000941,-87.776586000002,"{""latitude"":""41.955435000941"",""longitude"":""-87.776586000002"",""human_address"":""{\""address\"": \""\"", \""city\"": \""\"", \""state\"": \""\"", \""zip\"": \""\""}""}"
SR26-00474903,Aircraft Noise Complaint,AVN,311 City Services,Aviation,Completed,Phone Call,2026-03-16T23:23:30.000,2026-03-16T23:31:45.000,10510 W ZEMKE RD,Demo City,Illinois,60666,10510,W,ZEMKE,RD,,,76,41,,,5,16,1654,27,23,2,3,1105376.7673561182,1941043.7883293368,41.994900000941,-87.887749500002,"{""latitude"":""41.994900000941"",""longitude"":""-87.887749500002"",""human_address"":""{\""address\"": \""\"", \""city\"": \""\"", \""state\"": \""\"", \""zip\"": \""\""}""}"
SR26-00474902,311 INFORMATION ONLY CALL,311IOC,311 City Services,311 City Services,Completed,Phone Call,2026-03-16T23:23:24.000,2026-03-16T23:31:42.000,2111 W Lexington ST,Demo City,Illinois,60612,2111,W,Lexington,ST,,,25,29,6,B022,1,15,1513,21,23,2,3,1137965.946411536,1899944.0187361983,41.88159000094,-87.768864000002,"{""latitude"":""41.88159000094"",""longitude"":""-87.768864000002"",""human_address"":""{\""address\"": \""\"", \""city\"": \""\"", \""state\"": \""\"", \""zip\"": \""\""}""}"
SR26-00474899,Building Violation,BBA,311 City Services,DOB - Buildings,Completed,Phone Call,2026-03-16T23:20:03.000,2026-03-17T11:14:09.000,3500 S LAKE PARK AVE,Demo City,Illinois,60653,3500,S,LAKE PARK,AVE,,,36,4,9,R030,1,02,0212,11,23,2,3,1181713.7825678233,1881833.5910976673,41.83099200094,-87.608785500002,"{""latitude"":""41.83099200094"",""longitude"":""-87.608785500002"",""human_address"":""{\""address\"": \""\"", \""city\"": \""\"", \""state\"": \""\"", \""zip\"": \""\""}""}"
SR26-00474896,311 INFORMATION ONLY CALL,311IOC,311 City Services,311 City Services,Completed,Phone Call,2026-03-16T23:18:36.000,2026-03-16T23:31:42.000,2111 W Lexington ST,Demo City,Illinois,60612,2111,W,Lexington,ST,,,28,28,7,K024,2,12,1225,46,23,2,3,1162234.4668753312,1896560.9616219066,41.87183400094,-87.679845000002,"{""latitude"":""41.87183400094"",""longitude"":""-87.679845000002"",""human_address"":""{\""address\"": \""\"", \""city\"": \""\"", \""state\"": \""\"", \""zip\"": \""\""}""}"
SR26-00474895,Water On Street Complaint,AAE,,DWM - Department of Water Management,Open,Mobile Device,2026-03-16T23:18:22.000,2026-03-17T00:00:05.000,5110 W LE MOYNE ST,,,,5110,W,LE MOYNE,ST,1,,25,37,6,D019,3,25,2533,31,23,2,3,1141984.4216299898,1909544.3600901933,41.907861000941,-87.753870000002,"{""latitude"":""41.907861000941"",""longitude"":""-87.753870000002"",""human_address"":""{\""address\"": \""\"", \""city\"": \""\"", \""state\"": \""\"", \""zip\"": \""\""}""}"
SR26-00474894,Traffic Signal Out Complaint,SFB,CDOT - Department of Transportation,CDOT - Department of Transportation,Completed,Phone Call,2026-03-16T23:17:51.000,2026-03-17T10:13:58.000,8304 S STONY ISLAND AVE,Demo City,Illinois,,8304,S,STONY ISLAND,AVE,,,45,8,15,U042,1,04,0411,6,23,2,3,1188251.72436471,1850263.0242404426,41.744206134323,-87.585804878235,"{""latitude"":""41.744206134323"",""longitude"":""-87.585804878235"",""human_address"":""{\""address\"": \""\"", \""city\"": \""\"", \""state\"": \""\"", \""zip\"": \""\""}""}"
SR26-00474893,Sign Repair Request - All Other Signs,PCE,,CDOT - Department of Transportation,Open,Internet,2026-03-16T23:17:40.000,2026-03-16T23:17:40.000,2700 N LEHMANN CT,Demo City,Illinois,60614,2700,N,LEHMANN,CT,1,,7,43,4,O016,3,19,1935,42,23,2,3,1171988.7724726808,1918456.6715488404,41.931707710807,-87.643386650381,"{""latitude"":""41.931707710807"",""longitude"":""-87.643386650381"",""human_address"":""{\""address\"": \""\"", \""city\"": \""\"", \""state\"": \""\"", \""zip\"": \""\""}""}"
SR26-00474892,Sign Repair Request - All Other Signs,PCE,,CDOT - Department of Transportation,Open,Internet,2026-03-16T23:16:40.000,2026-03-16T23:16:41.000,528 W WRIGHTWOOD AVE,Demo City,Illinois,60614,528,W,WRIGHTWOOD,AVE,1,,7,43,4,O016,3,19,1935,36,23,2,3,1172187.3826280145,1917993.7333755372,41.930433000941,-87.642670500002,"{""latitude"":""41.930433000941"",""longitude"":""-87.642670500002"",""human_address"":""{\""address\"": \""\"", \""city\"": \""\"", \""state\"": \""\"", \""zip\"": \""\""}""}"
SR26-00474891,311 INFORMATION ONLY CALL,311IOC,311 City Services,311 City Services,Completed,Phone Call,2026-03-16T23:16:39.000,2026-03-16T23:31:42.000,2111 W Lexington ST,Demo City,Illinois,60612,2111,W,Lexington,ST,,,28,28,7,K024,2,12,1225,46,23,2,3,1162234.4668753312,1896560.9616219066,41.87183400094,-87.679845000002,"{""latitude"":""41.87183400094"",""longitude"":""-87.679845000002"",""human_address"":""{\""address\"": \""\"", \""city\"": \""\"", \""state\"": \""\"", \""zip\"": \""\""}""}"
SR26-00474890,Street Light Out Complaint,SFD,,CDOT - Department of Transportation,Open,Internet,2026-03-16T23:15:28.000,2026-03-16T23:15:35.000,5252 N LAPORTE AVE,Demo City,Illinois,60630,5252,N,LAPORTE,AVE,,,12,39,1,D009,2,16,1621,41,23,2,3,1142271.9839842555,1934705.4175743074,41.976900000941,-87.752187000002,"{""latitude"":""41.976900000941"",""longitude"":""-87.752187000002"",""human_address"":""{\""address\"": \""\"", \""city\"": \""\"", \""state\"": \""\"", \""zip\"": \""\""}""}"
SR26-00474889,City Vehicle Sticker Violation,QAC,,City Clerk's Office,Open,Internet,2026-03-16T23:15:25.000,2026-03-16T23:15:27.000,5515 N DELPHIA AVE,Demo City,Illinois,60656,5515,N,DELPHIA,AVE,,,76,41,1,U109,1,16,1614,28,23,2,3,1118044.5586015026,1935626.1321498225,41.979843000941,-87.841264500002,"{""latitude"":""41.979843000941"",""longitude"":""-87.841264500002"",""human_address"":""{\""address\"": \""\"", \""city\"": \""\"", \""state\"": \""\"", \""zip\"": \""\""}""}"
SR26-00474888,Finance Parking Code Enforcement Review,FPCE,,Finance,Completed,Internet,2026-03-16T23:15:24.000,2026-03-16T23:15:24.000,2858 N MENARD AVE,Demo City,Illinois,60634,2858,N,MENARD,AVE,,,19,30,3,B015,1,25,2514,12,23,2,3,1137141.2589807499,1918642.9581867682,41.932917000941,-87.771442500002,"{""latitude"":""41.932917000941"",""longitude"":""-87.771442500002"",""human_address"":""{\""address\"": \""\"", \""city\"": \""\"", \""state\"": \""\"", \""zip\"": \""\""}""}"
SR26-00474887,311 INFORMATION ONLY CALL,311IOC,311 City Services,311 City Services,Completed,Phone Call,2026-03-16T23:15:20.000,2026-03-16T23:31:42.000,2111 W Lexington ST,Demo City,Illinois,60612,2111,W,Lexington,ST,,,28,28,7,K024,2,12,1225,46,23,2,3,1162234.4668753312,1896560.9616219066,41.87183400094,-87.679845000002,"{""latitude"":""41.87183400094"",""longitude"":""-87.679845000002"",""human_address"":""{\""address\"": \""\"", \""city\"": \""\"", \""state\"": \""\"", \""zip\"": \""\""}""}"
SR26-00474886,Garbage Cart Maintenance,SIE,,Streets and Sanitation,Open,Internet,2026-03-16T23:15:14.000,2026-03-16T23:15:17.000,4128 N LAVERGNE AVE,Demo City,Illinois,60641,4128,N,LAVERGNE,AVE,,,15,38,3,D012,2,16,1624,13,23,2,3,1142189.9533553645,1927128.5614482223,41.956110000941,-87.752677500002,"{""latitude"":""41.956110000941"",""longitude"":""-87.752677500002"",""human_address"":""{\""address\"": \""\"", \""city\"": \""\"", \""state\"": \""\"", \""zip\"": \""\""}""}"
SR26-00474885,311 INFORMATION ONLY CALL,311IOC,311 City Services,311 City Services,Completed,Phone Call,2026-03-16T23:13:01.000,2026-03-16T23:31:42.000,2111 W Lexington ST,Demo City,Illinois,60612,2111,W,Lexington,ST,,,28,28,7,K024,2,12,1225,46,23,2,3,1162234.4668753312,1896560.9616219066,41.87183400094,-87.679845000002,"{""latitude"":""41.87183400094"",""longitude"":""-87.679845000002"",""human_address"":""{\""address\"": \""\"", \""city\"": \""\"", \""state\"": \""\"", \""zip\"": \""\""}""}"
SR26-00474884,Water On Street Complaint,AAE,,DWM - Department of Water Management,Canceled,Mobile Device,2026-03-16T23:12:58.000,2026-03-16T23:17:22.000,1201 W LILL AVE,,,,1201,W,LILL,AVE,,,7,32,4,M016,3,19,1932,18,23,2,3,1167823.8981815523,1916945.5270484504,41.927652000941,-87.658735500002,"{""latitude"":""41.927652000941"",""longitude"":""-87.658735500002"",""human_address"":""{\""address\"": \""\"", \""city\"": \""\"", \""state\"": \""\"", \""zip\"": \""\""}""}"
SR26-00474882,311 INFORMATION ONLY CALL,311IOC,311 City Services,311 City Services,Completed,Phone Call,2026-03-16T23:11:18.000,2026-03-16T23:31:42.000,2111 W Lexington ST,Demo City,Illinois,60612,2111,W,Lexington,ST,,,28,28,7,K024,2,12,1225,46,23,2,3,1162234.4668753312,1896560.9616219066,41.87183400094,-87.679845000002,"{""latitude"":""41.87183400094"",""longitude"":""-87.679845000002"",""human_address"":""{\""address\"": \""\"", \""city\"": \""\"", \""state\"": \""\"", \""zip\"": \""\""}""}"
SR26-00474881,311 INFORMATION ONLY CALL,311IOC,311 City Services,311 City Services,Completed,Phone Call,2026-03-16T23:09:43.000,2026-03-16T23:31:42.000,2111 W Lexington ST,Demo City,Illinois,60612,2111,W,Lexington,ST,,,28,28,7,K024,2,12,1225,46,23,2,3,1162234.4668753312,1896560.9616219066,41.87183400094,-87.679845000002,"{""latitude"":""41.87183400094"",""longitude"":""-87.679845000002"",""human_address"":""{\""address\"": \""\"", \""city\"": \""\"", \""state\"": \""\"", \""zip\"": \""\""}""}"
SR26-00474880,311 INFORMATION ONLY CALL,311IOC,311 City Services,311 City Services,Completed,Phone Call,2026-03-16T23:09:40.000,2026-03-16T23:31:42.000,2111 W Lexington ST,Demo City,Illinois,60612,2111,W,Lexington,ST,,,28,28,7,K024,2,12,1225,46,23,2,3,1162234.4668753312,1896560.9616219066,41.87183400094,-87.679845000002,"{""latitude"":""41.87183400094"",""longitude"":""-87.679845000002"",""human_address"":""{\""address\"": \""\"", \""city\"": \""\"", \""state\"": \""\"", \""zip\"": \""\""}""}"
SR26-00474879,311 INFORMATION ONLY CALL,311IOC,311 City Services,311 City Services,Completed,Phone Call,2026-03-16T23:09:11.000,2026-03-16T23:31:42.000,2111 W Lexington ST,Demo City,Illinois,60612,2111,W,Lexington,ST,,,28,28,7,K024,2,12,1225,46,23,2,3,1162234.4668753312,1896560.9616219066,41.87183400094,-87.679845000002,"{""latitude"":""41.87183400094"",""longitude"":""-87.679845000002"",""human_address"":""{\""address\"": \""\"", \""city\"": \""\"", \""state\"": \""\"", \""zip\"": \""\""}""}"
SR26-00474878,311 INFORMATION ONLY CALL,311IOC,311 City Services,311 City Services,Completed,Phone Call,2026-03-16T23:08:55.000,2026-03-16T23:31:42.000,2111 W Lexington ST,Demo City,Illinois,60612,2111,W,Lexington,ST,,,28,28,7,K024,2,12,1225,46,23,2,3,1162234.4668753312,1896560.9616219066,41.87183400094,-87.679845000002,"{""latitude"":""41.87183400094"",""longitude"":""-87.679845000002"",""human_address"":""{\""address\"": \""\"", \""city\"": \""\"", \""state\"": \""\"", \""zip\"": \""\""}""}"
SR26-00474876,Street Light Out Complaint,SFD,,CDOT - Department of Transportation,Open,Mobile Device,2026-03-16T23:07:40.000,2026-03-16T23:07:49.000,634 W O BRIEN ST,,,,634,W,O BRIEN,ST,,,28,28,7,O025,2,01,0124,2,23,2,3,1172016.1763806937,1894646.6410054623,41.86637100094,-87.643989000002,"{""latitude"":""41.86637100094"",""longitude"":""-87.643989000002"",""human_address"":""{\""address\"": \""\"", \""city\"": \""\"", \""state\"": \""\"", \""zip\"": \""\""}""}"
SR26-00474875,311 INFORMATION ONLY CALL,311IOC,311 City Services,311 City Services,Completed,Phone Call,2026-03-16T23:06:44.000,2026-03-16T23:31:42.000,2111 W Lexington ST,Demo City,Illinois,60612,2111,W,Lexington,ST,,,28,28,7,K024,2,12,1225,46,23,2,3,1162234.4668753312,1896560.9616219066,41.87183400094,-87.679845000002,"{""latitude"":""41.87183400094"",""longitude"":""-87.679845000002"",""human_address"":""{\""address\"": \""\"", \""city\"": \""\"", \""state\"": \""\"", \""zip\"": \""\""}""}"
SR26-00474874,311 INFORMATION ONLY CALL,311IOC,311 City Services,311 City Services,Completed,Phone Call,2026-03-16T23:06:02.000,2026-03-16T23:31:42.000,2111 W Lexington ST,Demo City,Illinois,60612,2111,W,Lexington,ST,,,28,28,7,K024,2,12,1225,46,23,2,3,1162234.4668753312,1896560.9616219066,41.87183400094,-87.679845000002,"{""latitude"":""41.87183400094"",""longitude"":""-87.679845000002"",""human_address"":""{\""address\"": \""\"", \""city\"": \""\"", \""state\"": \""\"", \""zip\"": \""\""}""}"
SR26-00474871,Rodent Baiting/Rat Complaint,SGA,,Streets and Sanitation,Completed,Mobile Device,2026-03-16T23:05:26.000,2026-03-17T10:28:20.000,1059 N WOOD ST,,,,1059,N,WOOD,ST,,,24,1,5,L020,1,12,1213,10,23,2,3,1164271.915961939,1907330.985327497,41.901345000941,-87.672060000002,"{""latitude"":""41.901345000941"",""longitude"":""-87.672060000002"",""human_address"":""{\""address\"": \""\"", \""city\"": \""\"", \""state\"": \""\"", \""zip\"": \""\""}""}"
SR26-00474869,Street Light Out Complaint,SFD,,CDOT - Department of Transportation,Open,Mobile Device,2026-03-16T23:04:04.000,2026-03-16T23:04:17.000,3937 W 64TH PL,,,,3937,W,64TH,PL,,,65,23,10,G037,2,08,0823,34,23,2,3,1151063.4558343985,1861454.4511875138,41.77572300094,-87.721776000002,"{""latitude"":""41.77572300094"",""longitude"":""-87.721776000002"",""human_address"":""{\""address\"": \""\"", \""city\"": \""\"", \""state\"": \""\"", \""zip\"": \""\""}""}"
SR26-00474868,Buildings - Plumbing Violation,BBC,311 City Services,DOB - Buildings,Open,Phone Call,2026-03-16T23:02:56.000,2026-03-16T23:02:59.000,5905 W HURON ST,Demo City,Illinois,60644,5905,W,HURON,ST,,,25,29,6,B021,1,15,1511,44,23,2,3,1136959.815639258,1904021.7801651717,41.892798013207,-87.772460671015,"{""latitude"":""41.892798013207"",""longitude"":""-87.772460671015"",""human_address"":""{\""address\"": \""\"", \""city\"": \""\"", \""state\"": \""\"", \""zip\"": \""\""}""}"
SR26-00474867,311 INFORMATION ONLY CALL,311IOC,311 City Services,311 City Services,Completed,Phone Call,2026-03-16T23:02:30.000,2026-03-16T23:31:42.000,2111 W Lexington ST,Demo City,Illinois,60612,2111,W,Lexington,ST,,,28,28,7,K024,2,12,1225,46,23,2,3,1162234.4668753312,1896560.9616219066,41.87183400094,-87.679845000002,"{""latitude"":""41.87183400094"",""longitude"":""-87.679845000002"",""human_address"":""{\""address\"": \""\"", \""city\"": \""\"", \""state\"": \""\"", \""zip\"": \""\""}""}"
SR26-00474866,311 INFORMATION ONLY CALL,311IOC,311 City Services,311 City Services,Completed,Phone Call,2026-03-16T23:00:33.000,2026-03-16T23:31:42.000,2111 W Lexington ST,Demo City,Illinois,60612,2111,W,Lexington,ST,,,28,28,7,K024,2,12,1225,46,23,2,3,1162234.4668753312,1896560.9616219066,41.87183400094,-87.679845000002,"{""latitude"":""41.87183400094"",""longitude"":""-87.679845000002"",""human_address"":""{\""address\"": \""\"", \""city\"": \""\"", \""state\"": \""\"", \""zip\"": \""\""}""}"
SR26-00474865,311 INFORMATION ONLY CALL,311IOC,311 City Services,311 City Services,Completed,Phone Call,2026-03-16T23:00:24.000,2026-03-16T23:31:42.000,2111 W Lexington ST,Demo City,Illinois,60612,2111,W,Lexington,ST,,,73,9,14,O044,2,22,2223,35,23,2,3,1174025.120181653,1842672.122642539,41.72370300094,-87.638157000002,"{""latitude"":""41.72370300094"",""longitude"":""-87.638157000002"",""human_address"":""{\""address\"": \""\"", \""city\"": \""\"", \""state\"": \""\"", \""zip\"": \""\""}""}"
SR26-00474864,Water Lead Test Kit Request,WCA2,,DWM - Department of Water Management,Open,Internet,2026-03-16T23:00:01.000,2026-03-16T23:00:16.000,6207 W MONTROSE AVE,Demo City,Illinois,60634,6207,W,MONTROSE,AVE,,,15,38,3,A012,2,16,1624,15,23,2,3,1134123.226314503,1928492.1570193288,41.959998000941,-87.782301000002,"{""latitude"":""41.959998000941"",""longitude"":""-87.782301000002"",""human_address"":""{\""address\"": \""\"", \""city\"": \""\"", \""state\"": \""\"", \""zip\"": \""\""}""}"
SR26-00474863,311 INFORMATION ONLY CALL,311IOC,311 City Services,311 City Services,Completed,Phone Call,2026-03-16T22:59:01.000,2026-03-16T23:31:42.000,2111 W Lexington ST,Demo City,Illinois,60612,2111,W,Lexington,ST,,,28,28,7,K024,2,12,1225,46,22,2,3,1162234.4668753312,1896560.9616219066,41.87183400094,-87.679845000002,"{""latitude"":""41.87183400094"",""longitude"":""-87.679845000002"",""human_address"":""{\""address\"": \""\"", \""city\"": \""\"", \""state\"": \""\"", \""zip\"": \""\""}""}"
SR26-00474862,Garbage Cart Maintenance,SIE,,Streets and Sanitation,Open,Mobile Device,2026-03-16T22:58:59.000,2026-03-16T22:59:02.000,1300 E 74TH ST,,,,1300,E,74TH,ST,,,43,8,12,T039,2,03,0324,1,22,2,3,1186200.9186934454,1856263.256023538,41.76072000094,-87.593130000002,"{""latitude"":""41.76072000094"",""longitude"":""-87.593130000002"",""human_address"":""{\""address\"": \""\"", \""city\"": \""\"", \""state\"": \""\"", \""zip\"": \""\""}""}"
SR26-00474861,311 INFORMATION ONLY CALL,311IOC,311 City Services,311 City Services,Completed,Phone Call,2026-03-16T22:57:07.000,2026-03-16T23:31:42.000,2111 W Lexington ST,Demo City,Illinois,60612,2111,W,Lexington,ST,,,28,28,7,K024,2,12,1225,46,22,2,3,1162234.4668753312,1896560.9616219066,41.87183400094,-87.679845000002,"{""latitude"":""41.87183400094"",""longitude"":""-87.679845000002"",""human_address"":""{\""address\"": \""\"", \""city\"": \""\"", \""state\"": \""\"", \""zip\"": \""\""}""}"
SR26-00474859,311 INFORMATION ONLY CALL,311IOC,311 City Services,311 City Services,Completed,Phone Call,2026-03-16T22:54:11.000,2026-03-16T23:31:42.000,2111 W Lexington ST,Demo City,Illinois,60612,2111,W,Lexington,ST,,,28,28,7,K024,2,12,1225,46,22,2,3,1162234.4668753312,1896560.9616219066,41.87183400094,-87.679845000002,"{""latitude"":""41.87183400094"",""longitude"":""-87.679845000002"",""human_address"":""{\""address\"": \""\"", \""city\"": \""\"", \""state\"": \""\"", \""zip\"": \""\""}""}"
SR26-00474857,Abandoned Vehicle Complaint,SKA,,Streets and Sanitation,Open,Internet,2026-03-16T22:54:02.000,2026-03-16T22:54:07.000,4333 W 26TH ST,Demo City,Illinois,60623,4333,W,26TH,ST,,,30,22,8,F028,3,10,1031,6,22,2,3,1148002.7035398781,1886286.4928023247,41.84392500094,-87.732360000002,"{""latitude"":""41.84392500094"",""longitude"":""-87.732360000002"",""human_address"":""{\""address\"": \""\"", \""city\"": \""\"", \""state\"": \""\"", \""zip\"": \""\""}""}"
SR26-00474856,311 INFORMATION ONLY CALL,311IOC,311 City Services,311 City Services,Completed,Phone Call,2026-03-16T22:52:17.000,2026-03-16T23:31:42.000,2111 W Lexington ST,Demo City,Illinois,60612,2111,W,Lexington,ST,,,28,28,7,K024,2,12,1225,46,22,2,3,1162234.4668753312,1896560.9616219066,41.87183400094,-87.679845000002,"{""latitude"":""41.87183400094"",""longitude"":""-87.679845000002"",""human_address"":""{\""address\"": \""\"", \""city\"": \""\"", \""state\"": \""\"", \""zip\"": \""\""}""}"
SR26-00474855,Water in Basement Complaint,AAF,,DWM - Department of Water Management,Open,Mobile Device,2026-03-16T22:50:56.000,2026-03-16T23:22:50.000,2341 N MASON AVE,,,,2341,N,MASON,AVE,,,19,36,3,B017,1,25,2515,23,22,2,3,1136413.6628331565,1915112.4707762937,41.923242000941,-87.774201000002,"{""latitude"":""41.923242000941"",""longitude"":""-87.774201000002"",""human_address"":""{\""address\"": \""\"", \""city\"": \""\"", \""state\"": \""\"", \""zip\"": \""\""}""}"
SR26-00474854,311 INFORMATION ONLY CALL,311IOC,311 City Services,311 City Services,Completed,Phone Call,2026-03-16T22:50:00.000,2026-03-16T23:31:42.000,2111 W Lexington ST,Demo City,Illinois,60612,2111,W,Lexington,ST,,,28,28,7,K024,2,12,1225,46,22,2,3,1162234.4668753312,1896560.9616219066,41.87183400094,-87.679845000002,"{""latitude"":""41.87183400094"",""longitude"":""-87.679845000002"",""human_address"":""{\""address\"": \""\"", \""city\"": \""\"", \""state\"": \""\"", \""zip\"": \""\""}""}"
SR26-00474853,311 INFORMATION ONLY CALL,311IOC,311 City Services,311 City Services,Completed,Phone Call,2026-03-16T22:49:25.000,2026-03-16T23:31:42.000,2111 W Lexington ST,Demo City,Illinois,60612,2111,W,Lexington,ST,,,28,28,7,K024,2,12,1225,46,22,2,3,1162234.4668753312,1896560.9616219066,41.87183400094,-87.679845000002,"{""latitude"":""41.87183400094"",""longitude"":""-87.679845000002"",""human_address"":""{\""address\"": \""\"", \""city\"": \""\"", \""state\"": \""\"", \""zip\"": \""\""}""}"
SR26-00474852,311 INFORMATION ONLY CALL,311IOC,311 City Services,311 City Services,Completed,Phone Call,2026-03-16T22:49:16.000,2026-03-16T23:31:42.000,2111 W Lexington ST,Demo City,Illinois,60612,2111,W,Lexington,ST,,,28,28,7,K024,2,12,1225,46,22,2,3,1162234.4668753312,1896560.9616219066,41.87183400094,-87.679845000002,"{""latitude"":""41.87183400094"",""longitude"":""-87.679845000002"",""human_address"":""{\""address\"": \""\"", \""city\"": \""\"", \""state\"": \""\"", \""zip\"": \""\""}""}"
SR26-00474851,Sidewalk Inspection Request,PBS,,CDOT - Department of Transportation,Open,Mobile Device,2026-03-16T22:48:50.000,2026-03-16T22:48:52.000,2117 W DICKENS AVE,,,,2117,W,DICKENS,AVE,,,22,32,5,K017,3,14,1432,5,22,2,3,1161811.9673680386,1913760.2306320078,41.919039000941,-87.680916000002,"{""latitude"":""41.919039000941"",""longitude"":""-87.680916000002"",""human_address"":""{\""address\"": \""\"", \""city\"": \""\"", \""state\"": \""\"", \""zip\"": \""\""}""}"
SR26-00474850,Pothole in Street Complaint,PHF,,CDOT - Department of Transportation,Open,Internet,2026-03-16T22:47:34.000,2026-03-17T07:25:29.000,3534 W MONTROSE AVE,Demo City,Illinois,60618,3534,W,MONTROSE,AVE,1,,14,33,2,H011,2,17,1723,20,22,2,3,1151862.0337206218,1929068.8689245342,41.961249000941,-87.717069000002,"{""latitude"":""41.961249000941"",""longitude"":""-87.717069000002"",""human_address"":""{\""address\"": \""\"", \""city\"": \""\"", \""state\"": \""\"", \""zip\"": \""\""}""}"
SR26-00474849,Snow – Uncleared Sidewalk Complaint,SWSNOREM,311 City Services,CDOT - Department of Transportation,Open,Phone Call,2026-03-16T22:47:08.000,2026-03-16T22:47:09.000,6600 N MOZART ST,Demo City,Illinois,60645,6600,N,MOZART,ST,,,2,50,2,I006,1,24,2412,22,22,2,3,1156039.0746578453,1943717.4550610278,42.001362000941,-87.701314500002,"{""latitude"":""42.001362000941"",""longitude"":""-87.701314500002"",""human_address"":""{\""address\"": \""\"", \""city\"": \""\"", \""state\"": \""\"", \""zip\"": \""\""}""}"
SR26-00474848,Graffiti Removal Request,GRAF,,Streets and Sanitation,Completed,Mobile Device,2026-03-16T22:47:07.000,2026-03-17T09:43:10.000,313 N UNION AVE,,,,313,N,UNION,AVE,,,28,34,7,O022,1,12,1214,36,22,2,3,1171537.067143153,1901966.5914172246,41.88646800094,-87.645532500002,"{""latitude"":""41.88646800094"",""longitude"":""-87.645532500002"",""human_address"":""{\""address\"": \""\"", \""city\"": \""\"", \""state\"": \""\"", \""zip\"": \""\""}""}"
SR26-00474846,311 INFORMATION ONLY CALL,311IOC,311 City Services,311 City Services,Completed,Phone Call,2026-03-16T22:45:38.000,2026-03-16T23:31:42.000,2111 W Lexington ST,Demo City,Illinois,60612,2111,W,Lexington,ST,,,28,28,7,K024,2,12,1225,46,22,2,3,1162234.4668753312,1896560.9616219066,41.87183400094,-87.679845000002,"{""latitude"":""41.87183400094"",""longitude"":""-87.679845000002"",""human_address"":""{\""address\"": \""\"", \""city\"": \""\"", \""state\"": \""\"", \""zip\"": \""\""}""}"
SR26-00474845,311 INFORMATION ONLY CALL,311IOC,311 City Services,311 City Services,Completed,Phone Call,2026-03-16T22:45:26.000,2026-03-16T23:31:42.000,2111 W Lexington ST,Demo City,Illinois,60612,2111,W,Lexington,ST,,,28,28,7,K024,2,12,1225,46,22,2,3,1162234.4668753312,1896560.9616219066,41.87183400094,-87.679845000002,"{""latitude"":""41.87183400094"",""longitude"":""-87.679845000002"",""human_address"":""{\""address\"": \""\"", \""city\"": \""\"", \""state\"": \""\"", \""zip\"": \""\""}""}"
SR26-00474844,311 INFORMATION ONLY CALL,311IOC,311 City Services,311 City Services,Completed,Phone Call,2026-03-16T22:44:56.000,2026-03-16T23:31:42.000,2111 W Lexington ST,Demo City,Illinois,60612,2111,W,Lexington,ST,,,28,28,7,K024,2,12,1225,46,22,2,3,1162234.4668753312,1896560.9616219066,41.87183400094,-87.679845000002,"{""latitude"":""41.87183400094"",""longitude"":""-87.679845000002"",""human_address"":""{\""address\"": \""\"", \""city\"": \""\"", \""state\"": \""\"", \""zip\"": \""\""}""}"
SR26-00474842,Pothole in Street Complaint,PHF,,CDOT - Department of Transportation,Open,Internet,2026-03-16T22:42:35.000,2026-03-16T22:42:36.000,3600 W MONTROSE AVE,Demo City,Illinois,60618,3600,W,MONTROSE,AVE,1,,14,33,1,G011,2,17,1723,22,22,2,3,1151428.5590552741,1929095.273645278,41.961330000941,-87.718662000002,"{""latitude"":""41.961330000941"",""longitude"":""-87.718662000002"",""human_address"":""{\""address\"": \""\"", \""city\"": \""\"", \""state\"": \""\"", \""zip\"": \""\""}""}"
SR26-00474841,Buildings - Plumbing Violation,BBC,311 City Services,DOB - Buildings,Open,Phone Call,2026-03-16T22:42:25.000,2026-03-16T22:42:28.000,1909 E 78TH ST,Demo City,Illinois,60649,1909,E,78TH,ST,,,43,8,12,U040,1,04,0414,13,22,2,3,1190329.0376233517,1853590.0423368716,41.75328600094,-87.578086500002,"{""latitude"":""41.75328600094"",""longitude"":""-87.578086500002"",""human_address"":""{\""address\"": \""\"", \""city\"": \""\"", \""state\"": \""\"", \""zip\"": \""\""}""}"
SR26-00474840,Garbage Cart Maintenance,SIE,,Streets and Sanitation,Open,Mobile Device,2026-03-16T22:42:01.000,2026-03-16T22:42:03.000,9541 S DAMEN AVE,,,,9541,S,DAMEN,AVE,,,72,19,13,L045,1,22,2213,57,22,2,3,1164806.6029076898,1841195.7784374414,41.71985100094,-87.671965500002,"{""latitude"":""41.71985100094"",""longitude"":""-87.671965500002"",""human_address"":""{\""address\"": \""\"", \""city\"": \""\"", \""state\"": \""\"", \""zip\"": \""\""}""}"
SR26-00474839,Aircraft Noise Complaint,AVN,311 City Services,Aviation,Completed,Phone Call,2026-03-16T22:41:44.000,2026-03-16T23:31:42.000,10510 W ZEMKE RD,Demo City,Illinois,60666,10510,W,ZEMKE,RD,,,76,41,,,5,16,1654,27,22,2,3,1105376.7673561182,1941043.7883293368,41.994900000941,-87.887749500002,"{""latitude"":""41.994900000941"",""longitude"":""-87.887749500002"",""human_address"":""{\""address\"": \""\"", \""city\"": \""\"", \""state\"": \""\"", \""zip\"": \""\""}""}"
SR26-00474838,311 INFORMATION ONLY CALL,311IOC,311 City Services,311 City Services,Completed,Phone Call,2026-03-16T22:41:33.000,2026-03-16T23:31:42.000,2111 W Lexington ST,Demo City,Illinois,60612,2111,W,Lexington,ST,,,28,28,7,K024,2,12,1225,46,22,2,3,1162234.4668753312,1896560.9616219066,41.87183400094,-87.679845000002,"{""latitude"":""41.87183400094"",""longitude"":""-87.679845000002"",""human_address"":""{\""address\"": \""\"", \""city\"": \""\"", \""state\"": \""\"", \""zip\"": \""\""}""}"
SR26-00474837,Water Lead Test Kit Request,WCA2,,DWM - Department of Water Management,Open,Internet,2026-03-16T22:40:15.000,2026-03-16T22:40:18.000,4648 N KENNICOTT AVE,Demo City,Illinois,60630,4648,N,KENNICOTT,AVE,,,14,39,1,F011,2,17,1722,6,22,2,3,1147877.0709897776,1930598.4522451686,41.965524000941,-87.731680500002,"{""latitude"":""41.965524000941"",""longitude"":""-87.731680500002"",""human_address"":""{\""address\"": \""\"", \""city\"": \""\"", \""state\"": \""\"", \""zip\"": \""\""}""}"
SR26-00474836,311 INFORMATION ONLY CALL,311IOC,311 City Services,311 City Services,Completed,Phone Call,2026-03-16T22:39:31.000,2026-03-16T23:31:42.000,2111 W Lexington ST,Demo City,Illinois,60612,2111,W,Lexington,ST,,,28,28,7,K024,2,12,1225,46,22,2,3,1162234.4668753312,1896560.9616219066,41.87183400094,-87.679845000002,"{""latitude"":""41.87183400094"",""longitude"":""-87.679845000002"",""human_address"":""{\""address\"": \""\"", \""city\"": \""\"", \""state\"": \""\"", \""zip\"": \""\""}""}"
SR26-00474832,311 INFORMATION ONLY CALL,311IOC,311 City Services,311 City Services,Completed,Phone Call,2026-03-16T22:39:05.000,2026-03-16T23:31:42.000,2111 W Lexington ST,Demo City,Illinois,60612,2111,W,Lexington,ST,,,28,28,7,K024,2,12,1225,46,22,2,3,1162234.4668753312,1896560.9616219066,41.87183400094,-87.679845000002,"{""latitude"":""41.87183400094"",""longitude"":""-87.679845000002"",""human_address"":""{\""address\"": \""\"", \""city\"": \""\"", \""state\"": \""\"", \""zip\"": \""\""}""}"
SR26-00474831,311 INFORMATION ONLY CALL,311IOC,311 City Services,311 City Services,Completed,Phone Call,2026-03-16T22:38:27.000,2026-03-16T23:31:42.000,2111 W Lexington ST,Demo City,Illinois,60612,2111,W,Lexington,ST,,,28,28,7,K024,2,12,1225,46,22,2,3,1162234.4668753312,1896560.9616219066,41.87183400094,-87.679845000002,"{""latitude"":""41.87183400094"",""longitude"":""-87.679845000002"",""human_address"":""{\""address\"": \""\"", \""city\"": \""\"", \""state\"": \""\"", \""zip\"": \""\""}""}"
SR26-00474830,311 INFORMATION ONLY CALL,311IOC,311 City Services,311 City Services,Completed,Phone Call,2026-03-16T22:38:25.000,2026-03-16T23:31:42.000,2111 W Lexington ST,Demo City,Illinois,60612,2111,W,Lexington,ST,,,28,28,7,K024,2,12,1225,46,22,2,3,1162234.4668753312,1896560.9616219066,41.87183400094,-87.679845000002,"{""latitude"":""41.87183400094"",""longitude"":""-87.679845000002"",""human_address"":""{\""address\"": \""\"", \""city\"": \""\"", \""state\"": \""\"", \""zip\"": \""\""}""}"
SR26-00474821,Sewer Cleaning Inspection Request,CHECKFOR,311 City Services,DWM - Department of Water Management,Open,Phone Call,2026-03-16T22:37:40.000,2026-03-16T23:22:06.000,734 W 90TH ST,Demo City,Illinois,60620,734,W,90TH,ST,,,71,21,14,O043,2,22,2223,12,22,2,3,1172840.6858725422,1845271.1632377636,41.730861296639,-87.642419089587,"{""latitude"":""41.730861296639"",""longitude"":""-87.642419089587"",""human_address"":""{\""address\"": \""\"", \""city\"": \""\"", \""state\"": \""\"", \""zip\"": \""\""}""}"
SR26-00474820,Rodent Baiting/Rat Complaint,SGA,311 City Services,Streets and Sanitation,Completed,Phone Call,2026-03-16T22:37:26.000,2026-03-17T10:30:28.000,3626 N ASHLAND AVE,Demo City,Illinois,60613,3626,N,ASHLAND,AVE,,,6,47,4,L013,2,19,1922,6,22,2,3,1164923.3738526576,1924295.9199750787,41.947884000941,-87.669184500002,"{""latitude"":""41.947884000941"",""longitude"":""-87.669184500002"",""human_address"":""{\""address\"": \""\"", \""city\"": \""\"", \""state\"": \""\"", \""zip\"": \""\""}""}"
SR26-00474819,311 INFORMATION ONLY CALL,311IOC,311 City Services,311 City Services,Completed,Phone Call,2026-03-16T22:36:55.000,2026-03-16T23:31:42.000,2111 W Lexington ST,Demo City,Illinois,60612,2111,W,Lexington,ST,,,28,28,7,K024,2,12,1225,46,22,2,3,1162234.4668753312,1896560.9616219066,41.87183400094,-87.679845000002,"{""latitude"":""41.87183400094"",""longitude"":""-87.679845000002"",""human_address"":""{\""address\"": \""\"", \""city\"": \""\"", \""state\"": \""\"", \""zip\"": \""\""}""}"
SR26-00474818,311 INFORMATION ONLY CALL,311IOC,311 City Services,311 City Services,Completed,Phone Call,2026-03-16T22:36:53.000,2026-03-16T23:31:42.000,2111 W Lexington ST,Demo City,Illinois,60612,2111,W,Lexington,ST,,,28,28,7,K024,2,12,1225,46,22,2,3,1162234.4668753312,1896560.9616219066,41.87183400094,-87.679845000002,"{""latitude"":""41.87183400094"",""longitude"":""-87.679845000002"",""human_address"":""{\""address\"": \""\"", \""city\"": \""\"", \""state\"": \""\"", \""zip\"": \""\""}""}"
SR26-00474817,311 INFORMATION ONLY CALL,311IOC,311 City Services,311 City Services,Completed,Phone Call,2026-03-16T22:36:37.000,2026-03-16T23:31:42.000,2111 W Lexington ST,Demo City,Illinois,60612,2111,W,Lexington,ST,,,28,28,7,K024,2,12,1225,46,22,2,3,1162234.4668753312,1896560.9616219066,41.87183400094,-87.679845000002,"{""latitude"":""41.87183400094"",""longitude"":""-87.679845000002"",""human_address"":""{\""address\"": \""\"", \""city\"": \""\"", \""state\"": \""\"", \""zip\"": \""\""}""}"
SR26-00474816,Street Light Out Complaint,SFD,,CDOT - Department of Transportation,Open,Mobile Device,2026-03-16T22:36:25.000,2026-03-16T22:36:40.000,500 W MONROE ST,,,,500,W,MONROE,ST,,,28,34,7,O023,2,01,0121,41,22,2,3,1172938.0642771192,1899950.9416504237,41.88090600094,-87.640447500002,"{""latitude"":""41.88090600094"",""longitude"":""-87.640447500002"",""human_address"":""{\""address\"": \""\"", \""city\"": \""\"", \""state\"": \""\"", \""zip\"": \""\""}""}"
SR26-00474810,311 INFORMATION ONLY CALL,311IOC,311 City Services,311 City Services,Completed,Phone Call,2026-03-16T22:35:45.000,2026-03-16T23:31:42.000,2111 W Lexington ST,Demo City,Illinois,60612,2111,W,Lexington,ST,,,28,28,7,K024,2,12,1225,46,22,2,3,1162234.4668753312,1896560.9616219066,41.87183400094,-87.679845000002,"{""latitude"":""41.87183400094"",""longitude"":""-87.679845000002"",""human_address"":""{\""address\"": \""\"", \""city\"": \""\"", \""state\"": \""\"", \""zip\"": \""\""}""}"
SR26-00474809,311 INFORMATION ONLY CALL,311IOC,311 City Services,311 City Services,Completed,Phone Call,2026-03-16T22:35:25.000,2026-03-16T23:31:42.000,2111 W Lexington ST,Demo City,Illinois,60612,2111,W,Lexington,ST,,,28,28,7,K024,2,12,1225,46,22,2,3,1162234.4668753312,1896560.9616219066,41.87183400094,-87.679845000002,"{""latitude"":""41.87183400094"",""longitude"":""-87.679845000002"",""human_address"":""{\""address\"": \""\"", \""city\"": \""\"", \""state\"": \""\"", \""zip\"": \""\""}""}"
SR26-00474807,Finance Parking Code Enforcement Review,FPCE,,Finance,Completed,Mobile Device,2026-03-16T22:34:55.000,2026-03-16T22:34:55.000,2028 W MCLEAN AVE,,,,2028,W,MCLEAN,AVE,,,22,32,5,K017,3,14,1432,34,22,2,3,1162378.7869161959,1913633.357601728,41.918679000941,-87.678837000002,"{""latitude"":""41.918679000941"",""longitude"":""-87.678837000002"",""human_address"":""{\""address\"": \""\"", \""city\"": \""\"", \""state\"": \""\"", \""zip\"": \""\""}""}"
SR26-00474806,311 INFORMATION ONLY CALL,311IOC,311 City Services,311 City Services,Completed,Phone Call,2026-03-16T22:34:30.000,2026-03-16T23:31:42.000,2111 W Lexington ST,Demo City,Illinois,60612,2111,W,Lexington,ST,,,28,28,7,K024,2,12,1225,46,22,2,3,1162234.4668753312,1896560.9616219066,41.87183400094,-87.679845000002,"{""latitude"":""41.87183400094"",""longitude"":""-87.679845000002"",""human_address"":""{\""address\"": \""\"", \""city\"": \""\"", \""state\"": \""\"", \""zip\"": \""\""}""}"
SR26-00474803,311 INFORMATION ONLY CALL,311IOC,311 City Services,311 City Services,Completed,Phone Call,2026-03-16T22:32:44.000,2026-03-16T23:31:42.000,2111 W Lexington ST,Demo City,Illinois,60612,2111,W,Lexington,ST,,,28,28,7,K024,2,12,1225,46,22,2,3,1162234.4668753312,1896560.9616219066,41.87183400094,-87.679845000002,"{""latitude"":""41.87183400094"",""longitude"":""-87.679845000002"",""human_address"":""{\""address\"": \""\"", \""city\"": \""\"", \""state\"": \""\"", \""zip\"": \""\""}""}"
SR26-00474802,311 INFORMATION ONLY CALL,311IOC,311 City Services,311 City Services,Completed,Phone Call,2026-03-16T22:32:00.000,2026-03-16T23:31:42.000,2111 W Lexington ST,Demo City,Illinois,60612,2111,W,Lexington,ST,,,28,28,7,K024,2,12,1225,46,22,2,3,1162234.4668753312,1896560.9616219066,41.87183400094,-87.679845000002,"{""latitude"":""41.87183400094"",""longitude"":""-87.679845000002"",""human_address"":""{\""address\"": \""\"", \""city\"": \""\"", \""state\"": \""\"", \""zip\"": \""\""}""}"
SR26-00474801,311 INFORMATION ONLY CALL,311IOC,311 City Services,311 City Services,Completed,Phone Call,2026-03-16T22:31:16.000,2026-03-16T23:31:42.000,2111 W Lexington ST,Demo City,Illinois,60612,2111,W,Lexington,ST,,,28,28,7,K024,2,12,1225,46,22,2,3,1162234.4668753312,1896560.9616219066,41.87183400094,-87.679845000002,"{""latitude"":""41.87183400094"",""longitude"":""-87.679845000002"",""human_address"":""{\""address\"": \""\"", \""city\"": \""\"", \""state\"": \""\"", \""zip\"": \""\""}""}"
SR26-00474795,311 INFORMATION ONLY CALL,311IOC,311 City Services,311 City Services,Completed,Phone Call,2026-03-16T22:29:50.000,2026-03-16T22:32:10.000,2111 W Lexington ST,Demo City,Illinois,60612,2111,W,Lexington,ST,,,28,28,7,K024,2,12,1225,46,22,2,3,1162234.4668753312,1896560.9616219066,41.87183400094,-87.679845000002,"{""latitude"":""41.87183400094"",""longitude"":""-87.679845000002"",""human_address"":""{\""address\"": \""\"", \""city\"": \""\"", \""state\"": \""\"", \""zip\"": \""\""}""}"
SR26-00474794,311 INFORMATION ONLY CALL,311IOC,311 City Services,311 City Services,Completed,Phone Call,2026-03-16T22:29:25.000,2026-03-16T22:31:52.000,2111 W Lexington ST,Demo City,Illinois,60612,2111,W,Lexington,ST,,,28,28,7,K024,2,12,1225,46,22,2,3,1162234.4668753312,1896560.9616219066,41.87183400094,-87.679845000002,"{""latitude"":""41.87183400094"",""longitude"":""-87.679845000002"",""human_address"":""{\""address\"": \""\"", \""city\"": \""\"", \""state\"": \""\"", \""zip\"": \""\""}""}"
SR26-00474793,Water Lead Test Kit Request,WCA2,,DWM - Department of Water Management,Open,Internet,2026-03-16T22:29:13.000,2026-03-16T22:29:18.000,11306 S CHURCH ST,Demo City,Illinois,60643,11306,S,CHURCH,ST,,,75,19,13,L049,1,22,2212,48,22,2,3,1166159.9316231227,1829832.2610721001,41.68863900094,-87.667330500002,"{""latitude"":""41.68863900094"",""longitude"":""-87.667330500002"",""human_address"":""{\""address\"": \""\"", \""city\"": \""\"", \""state\"": \""\"", \""zip\"": \""\""}""}"
SR26-00474792,311 INFORMATION ONLY CALL,311IOC,311 City Services,311 City Services,Completed,Phone Call,2026-03-16T22:28:56.000,2026-03-16T22:32:10.000,2111 W Lexington ST,Demo City,Illinois,60612,2111,W,Lexington,ST,,,28,28,7,K024,2,12,1225,46,22,2,3,1162234.4668753312,1896560.9616219066,41.87183400094,-87.679845000002,"{""latitude"":""41.87183400094"",""longitude"":""-87.679845000002"",""human_address"":""{\""address\"": \""\"", \""city\"": \""\"", \""state\"": \""\"", \""zip\"": \""\""}""}"
SR26-00474791,311 INFORMATION ONLY CALL,311IOC,311 City Services,311 City Services,Completed,Phone Call,2026-03-16T22:28:17.000,2026-03-16T22:31:52.000,2111 W Lexington ST,Demo City,Illinois,60612,2111,W,Lexington,ST,,,28,28,7,K024,2,12,1225,46,22,2,3,1162234.4668753312,1896560.9616219066,41.87183400094,-87.679845000002,"{""latitude"":""41.87183400094"",""longitude"":""-87.679845000002"",""human_address"":""{\""address\"": \""\"", \""city\"": \""\"", \""state\"": \""\"", \""zip\"": \""\""}""}"
SR26-00474790,311 INFORMATION ONLY CALL,311IOC,311 City Services,311 City Services,Completed,Phone Call,2026-03-16T22:27:46.000,2026-03-16T22:32:10.000,2111 W Lexington ST,Demo City,Illinois,60612,2111,W,Lexington,ST,,,28,28,7,K024,2,12,1225,46,22,2,3,1162234.4668753312,1896560.9616219066,41.87183400094,-87.679845000002,"{""latitude"":""41.87183400094"",""longitude"":""-87.679845000002"",""human_address"":""{\""address\"": \""\"", \""city\"": \""\"", \""state\"": \""\"", \""zip\"": \""\""}""}"
SR26-00474789,311 INFORMATION ONLY CALL,311IOC,311 City Services,311 City Services,Completed,Phone Call,2026-03-16T22:27:44.000,2026-03-16T22:32:10.000,2111 W Lexington ST,Demo City,Illinois,60612,2111,W,Lexington,ST,,,28,28,7,K024,2,12,1225,46,22,2,3,1162234.4668753312,1896560.9616219066,41.87183400094,-87.679845000002,"{""latitude"":""41.87183400094"",""longitude"":""-87.679845000002"",""human_address"":""{\""address\"": \""\"", \""city\"": \""\"", \""state\"": \""\"", \""zip\"": \""\""}""}"
SR26-00474788,311 INFORMATION ONLY CALL,311IOC,311 City Services,311 City Services,Completed,Phone Call,2026-03-16T22:26:50.000,2026-03-16T22:32:10.000,2111 W Lexington ST,Demo City,Illinois,60612,2111,W,Lexington,ST,,,28,28,7,K024,2,12,1225,46,22,2,3,1162234.4668753312,1896560.9616219066,41.87183400094,-87.679845000002,"{""latitude"":""41.87183400094"",""longitude"":""-87.679845000002"",""human_address"":""{\""address\"": \""\"", \""city\"": \""\"", \""state\"": \""\"", \""zip\"": \""\""}""}"
SR26-00474786,311 INFORMATION ONLY CALL,311IOC,311 City Services,311 City Services,Completed,Phone Call,2026-03-16T22:26:39.000,2026-03-16T22:32:10.000,2111 W Lexington ST,Demo City,Illinois,60612,2111,W,Lexington,ST,,,28,28,7,K024,2,12,1225,46,22,2,3,1162234.4668753312,1896560.9616219066,41.87183400094,-87.679845000002,"{""latitude"":""41.87183400094"",""longitude"":""-87.679845000002"",""human_address"":""{\""address\"": \""\"", \""city\"": \""\"", \""state\"": \""\"", \""zip\"": \""\""}""}"
SR26-00474785,311 INFORMATION ONLY CALL,311IOC,311 City Services,311 City Services,Completed,Phone Call,2026-03-16T22:25:21.000,2026-03-16T22:32:10.000,2111 W Lexington ST,Demo City,Illinois,60612,2111,W,Lexington,ST,,,28,28,7,K024,2,12,1225,46,22,2,3,1162234.4668753312,1896560.9616219066,41.87183400094,-87.679845000002,"{""latitude"":""41.87183400094"",""longitude"":""-87.679845000002"",""human_address"":""{\""address\"": \""\"", \""city\"": \""\"", \""state\"": \""\"", \""zip\"": \""\""}""}"
SR26-00474784,Water Lead Test Kit Request,WCA2,,DWM - Department of Water Management,Open,Internet,2026-03-16T22:24:18.000,2026-03-16T22:24:21.000,4588 N ELSTON AVE,Demo City,Illinois,60630,4588,N,ELSTON,AVE,,,16,39,1,F011,2,17,1722,19,22,2,3,1146996.813887323,1930113.4379599185,41.964210000941,-87.734929500002,"{""latitude"":""41.964210000941"",""longitude"":""-87.734929500002"",""human_address"":""{\""address\"": \""\"", \""city\"": \""\"", \""state\"": \""\"", \""zip\"": \""\""}""}"
SR26-00474783,Vacant/Abandoned Building Complaint,BBK,,DOB - Buildings,Open,Mobile Device,2026-03-16T22:23:58.000,2026-03-16T22:24:04.000,6137 N CAMPBELL AVE,,,,6137,N,CAMPBELL,AVE,,,2,40,2,J007,1,24,2413,4,22,2,3,1158560.780145837,1940824.9576908736,41.99337342608,-87.692117199627,"{""latitude"":""41.99337342608"",""longitude"":""-87.692117199627"",""human_address"":""{\""address\"": \""\"", \""city\"": \""\"", \""state\"": \""\"", \""zip\"": \""\""}""}"
SR26-00474782,Street Light Out Complaint,SFD,311 City Services,CDOT - Department of Transportation,Open,Phone Call,2026-03-16T22:23:37.000,2026-03-16T22:23:38.000,4516 W HARRISON ST,Demo City,Illinois,60624,4516,W,HARRISON,ST,1,,26,28,6,E023,3,11,1131,16,22,2,3,1146281.3582420077,1897045.1441050922,41.87348100094,-87.738403500002,"{""latitude"":""41.87348100094"",""longitude"":""-87.738403500002"",""human_address"":""{\""address\"": \""\"", \""city\"": \""\"", \""state\"": \""\"", \""zip\"": \""\""}""}"
SR26-00474781,311 INFORMATION ONLY CALL,311IOC,311 City Services,311 City Services,Completed,Phone Call,2026-03-16T22:23:36.000,2026-03-16T22:31:52.000,2111 W Lexington ST,Demo City,Illinois,60612,2111,W,Lexington,ST,,,28,28,7,K024,2,12,1225,46,22,2,3,1162234.4668753312,1896560.9616219066,41.87183400094,-87.679845000002,"{""latitude"":""41.87183400094"",""longitude"":""-87.679845000002"",""human_address"":""{\""address\"": \""\"", \""city\"": \""\"", \""state\"": \""\"", \""zip\"": \""\""}""}"
SR26-00474780,Abandoned Vehicle Complaint,SKA,,Streets and Sanitation,Open,Internet,2026-03-16T22:23:25.000,2026-03-16T23:00:05.000,2531 W GRENSHAW ST,Demo City,Illinois,60608,2531,W,GRENSHAW,ST,,,28,28,7,J024,3,11,1135,11,22,2,3,1159537.0925659095,1894877.7402353974,41.86727100094,-87.689794500002,"{""latitude"":""41.86727100094"",""longitude"":""-87.689794500002"",""human_address"":""{\""address\"": \""\"", \""city\"": \""\"", \""state\"": \""\"", \""zip\"": \""\""}""}"
SR26-00474779,Street Light Out Complaint,SFD,311 City Services,CDOT - Department of Transportation,Open,Phone Call,2026-03-16T22:22:18.000,2026-03-16T22:22:27.000,3300 S DAMEN AVE,Demo City,Illinois,60608,3300,S,DAMEN,AVE,,,59,12,8,K029,1,09,0912,8,22,2,3,1163478.9389962393,1882746.254850533,41.83389900094,-87.675664500002,"{""latitude"":""41.83389900094"",""longitude"":""-87.675664500002"",""human_address"":""{\""address\"": \""\"", \""city\"": \""\"", \""state\"": \""\"", \""zip\"": \""\""}""}"
SR26-00474778,Yard Waste Pick-Up Request,SCQ,,Streets and Sanitation,Open,Mobile Device,2026-03-16T22:22:09.000,2026-03-16T22:22:13.000,64 E 98TH PL,,,,64,E,98TH,PL,,,49,9,14,Q045,1,05,0511,42,22,2,3,1178669.687687992,1839761.6140466318,41.71561200094,-87.621232500002,"{""latitude"":""41.71561200094"",""longitude"":""-87.621232500002"",""human_address"":""{\""address\"": \""\"", \""city\"": \""\"", \""state\"": \""\"", \""zip\"": \""\""}""}"
SR26-00474777,311 INFORMATION ONLY CALL,311IOC,311 City Services,311 City Services,Completed,Phone Call,2026-03-16T22:21:55.000,2026-03-16T22:31:52.000,2111 W Lexington ST,Demo City,Illinois,60612,2111,W,Lexington,ST,,,28,28,7,K024,2,12,1225,46,22,2,3,1162234.4668753312,1896560.9616219066,41.87183400094,-87.679845000002,"{""latitude"":""41.87183400094"",""longitude"":""-87.679845000002"",""human_address"":""{\""address\"": \""\"", \""city\"": \""\"", \""state\"": \""\"", \""zip\"": \""\""}""}"
SR26-00474776,Vacant/Abandoned Building Complaint,BBK,311 City Services,DOB - Buildings,Open,Phone Call,2026-03-16T22:21:08.000,2026-03-16T22:21:13.000,9347 S WALLACE ST,Demo City,Illinois,60620,9347,S,WALLACE,ST,,,73,9,14,O044,2,22,2223,35,22,2,3,1174023.6269037223,1842704.9077579607,41.72379300094,-87.638161500002,"{""latitude"":""41.72379300094"",""longitude"":""-87.638161500002"",""human_address"":""{\""address\"": \""\"", \""city\"": \""\"", \""state\"": \""\"", \""zip\"": \""\""}""}"
SR26-00474775,Recycling Pick Up,SRRP,,Streets and Sanitation,Open,Mobile Device,2026-03-16T22:21:04.000,2026-03-16T22:21:09.000,7012 S SOUTH SHORE DR,,,,7012,S,SOUTH SHORE,DR,,,43,5,12,V038,3,03,0331,26,22,2,3,1193338.602819583,1858851.2001956322,41.76765000094,-87.566886000002,"{""latitude"":""41.76765000094"",""longitude"":""-87.566886000002"",""human_address"":""{\""address\"": \""\"", \""city\"": \""\"", \""state\"": \""\"", \""zip\"": \""\""}""}"
SR26-00474773,311 INFORMATION ONLY CALL,311IOC,311 City Services,311 City Services,Completed,Phone Call,2026-03-16T22:20:23.000,2026-03-16T22:32:10.000,2111 W Lexington ST,Demo City,Illinois,60612,2111,W,Lexington,ST,,,28,28,7,K024,2,12,1225,46,22,2,3,1162234.4668753312,1896560.9616219066,41.87183400094,-87.679845000002,"{""latitude"":""41.87183400094"",""longitude"":""-87.679845000002"",""human_address"":""{\""address\"": \""\"", \""city\"": \""\"", \""state\"": \""\"", \""zip\"": \""\""}""}"
SR26-00474772,311 INFORMATION ONLY CALL,311IOC,311 City Services,311 City Services,Completed,Phone Call,2026-03-16T22:20:14.000,2026-03-16T22:32:10.000,2111 W Lexington ST,Demo City,Illinois,60612,2111,W,Lexington,ST,,,28,28,7,K024,2,12,1225,46,22,2,3,1162234.4668753312,1896560.9616219066,41.87183400094,-87.679845000002,"{""latitude"":""41.87183400094"",""longitude"":""-87.679845000002"",""human_address"":""{\""address\"": \""\"", \""city\"": \""\"", \""state\"": \""\"", \""zip\"": \""\""}""}"
SR26-00474770,Water in Basement Complaint,AAF,,DWM - Department of Water Management,Open,Internet,2026-03-16T22:18:35.000,2026-03-17T00:55:50.000,5936 S MOZART ST,Demo City,Illinois,60629,5936,S,MOZART,ST,,,66,15,11,I036,2,08,0824,32,22,2,3,1158322.5022030745,1864993.5291290774,41.78529000094,-87.695068500002,"{""latitude"":""41.78529000094"",""longitude"":""-87.695068500002"",""human_address"":""{\""address\"": \""\"", \""city\"": \""\"", \""state\"": \""\"", \""zip\"": \""\""}""}"
SR26-00474769,311 INFORMATION ONLY CALL,311IOC,311 City Services,311 City Services,Completed,Phone Call,2026-03-16T22:18:27.000,2026-03-16T22:31:52.000,2111 W Lexington ST,Demo City,Illinois,60612,2111,W,Lexington,ST,,,19,31,3,C016,1,25,2514,20,22,2,3,1139977.0043277913,1917021.8362362836,41.928417000941,-87.761061000002,"{""latitude"":""41.928417000941"",""longitude"":""-87.761061000002"",""human_address"":""{\""address\"": \""\"", \""city\"": \""\"", \""state\"": \""\"", \""zip\"": \""\""}""}"
SR26-00474768,Nuisance Animal Complaint,EAB,,Animal Care and Control,Open,Mobile Device,2026-03-16T22:18:20.000,2026-03-16T22:18:22.000,2501 S MILLARD AVE,,,,2501,S,MILLARD,AVE,,,30,22,8,G027,1,10,1013,13,22,2,3,1152516.6063693382,1887108.9304572728,41.84609400094,-87.715773000002,"{""latitude"":""41.84609400094"",""longitude"":""-87.715773000002"",""human_address"":""{\""address\"": \""\"", \""city\"": \""\"", \""state\"": \""\"", \""zip\"": \""\""}""}"
SR26-00474767,Water in Basement Complaint,AAF,,DWM - Department of Water Management,Open,Mobile Device,2026-03-16T22:18:20.000,2026-03-16T23:16:01.000,6137 S CALIFORNIA AVE,,,,6137,S,CALIFORNIA,AVE,,,66,16,11,J036,2,08,0825,17,22,2,3,1158845.364560635,1863672.4114762202,41.78165400094,-87.693187500002,"{""latitude"":""41.78165400094"",""longitude"":""-87.693187500002"",""human_address"":""{\""address\"": \""\"", \""city\"": \""\"", \""state\"": \""\"", \""zip\"": \""\""}""}"
SR26-00474766,311 INFORMATION ONLY CALL,311IOC,311 City Services,311 City Services,Completed,Phone Call,2026-03-16T22:17:51.000,2026-03-16T22:32:10.000,2111 W Lexington ST,Demo City,Illinois,60612,2111,W,Lexington,ST,,,28,28,7,K024,2,12,1225,46,22,2,3,1162234.4668753312,1896560.9616219066,41.87183400094,-87.679845000002,"{""latitude"":""41.87183400094"",""longitude"":""-87.679845000002"",""human_address"":""{\""address\"": \""\"", \""city\"": \""\"", \""state\"": \""\"", \""zip\"": \""\""}""}"
SR26-00474765,Water On Street Complaint,AAE,DWM - Department of Water Management,DWM - Department of Water Management,Completed,Phone Call,2026-03-16T22:17:10.000,2026-03-16T22:17:56.000,1501 E 68TH ST,Demo City,Illinois,60637,1501,E,68TH,ST,,,43,5,12,T038,3,03,0332,5,22,2,3,1187630.7561870746,1860155.58035672,41.77136700094,-87.587766000002,"{""latitude"":""41.77136700094"",""longitude"":""-87.587766000002"",""human_address"":""{\""address\"": \""\"", \""city\"": \""\"", \""state\"": \""\"", \""zip\"": \""\""}""}"
SR26-00474764,Check for Leak,WM3,311 City Services,DWM - Department of Water Management,Open,Phone Call,2026-03-16T22:17:09.000,2026-03-16T22:26:13.000,9347 S WALLACE ST,Demo City,Illinois,60620,9347,S,WALLACE,ST,,,73,9,14,O044,2,22,2223,35,22,2,3,1174023.6269037223,1842704.9077579607,41.72379300094,-87.638161500002,"{""latitude"":""41.72379300094"",""longitude"":""-87.638161500002"",""human_address"":""{\""address\"": \""\"", \""city\"": \""\"", \""state\"": \""\"", \""zip\"": \""\""}""}"
SR26-00474763,311 INFORMATION ONLY CALL,311IOC,311 City Services,311 City Services,Completed,Phone Call,2026-03-16T22:16:52.000,2026-03-16T22:32:10.000,2111 W Lexington ST,Demo City,Illinois,60612,2111,W,Lexington,ST,,,28,28,7,K024,2,12,1225,46,22,2,3,1162234.4668753312,1896560.9616219066,41.87183400094,-87.679845000002,"{""latitude"":""41.87183400094"",""longitude"":""-87.679845000002"",""human_address"":""{\""address\"": \""\"", \""city\"": \""\"", \""state\"": \""\"", \""zip\"": \""\""}""}"
SR26-00474762,311 INFORMATION ONLY CALL,311IOC,311 City Services,311 City Services,Completed,Phone Call,2026-03-16T22:16:33.000,2026-03-16T22:32:10.000,2111 W Lexington ST,Demo City,Illinois,60612,2111,W,Lexington,ST,,,28,28,7,K024,2,12,1225,46,22,2,3,1162234.4668753312,1896560.9616219066,41.87183400094,-87.679845000002,"{""latitude"":""41.87183400094"",""longitude"":""-87.679845000002"",""human_address"":""{\""address\"": \""\"", \""city\"": \""\"", \""state\"": \""\"", \""zip\"": \""\""}""}"
SR26-00474761,311 INFORMATION ONLY CALL,311IOC,311 City Services,311 City Services,Completed,Phone Call,2026-03-16T22:16:27.000,2026-03-16T22:32:10.000,2111 W Lexington ST,Demo City,Illinois,60612,2111,W,Lexington,ST,,,28,28,7,K024,2,12,1225,46,22,2,3,1162234.4668753312,1896560.9616219066,41.87183400094,-87.679845000002,"{""latitude"":""41.87183400094"",""longitude"":""-87.679845000002"",""human_address"":""{\""address\"": \""\"", \""city\"": \""\"", \""state\"": \""\"", \""zip\"": \""\""}""}"
SR26-00474759,311 INFORMATION ONLY CALL,311IOC,311 City Services,311 City Services,Completed,Phone Call,2026-03-16T22:16:00.000,2026-03-16T22:32:10.000,2111 W Lexington ST,Demo City,Illinois,60612,2111,W,Lexington,ST,,,28,28,7,K024,2,12,1225,46,22,2,3,1162234.4668753312,1896560.9616219066,41.87183400094,-87.679845000002,"{""latitude"":""41.87183400094"",""longitude"":""-87.679845000002"",""human_address"":""{\""address\"": \""\"", \""city\"": \""\"", \""state\"": \""\"", \""zip\"": \""\""}""}"
SR26-00474758,Water On Street Complaint,AAE,DWM - Department of Water Management,DWM - Department of Water Management,Completed,Phone Call,2026-03-16T22:15:20.000,2026-03-16T22:16:25.000,1400 E 68TH ST,Demo City,Illinois,60637,1400,E,68TH,ST,,,43,5,12,T038,3,03,0332,13,22,2,3,1186759.4411853566,1860262.8354016675,41.77168200094,-87.590956500002,"{""latitude"":""41.77168200094"",""longitude"":""-87.590956500002"",""human_address"":""{\""address\"": \""\"", \""city\"": \""\"", \""state\"": \""\"", \""zip\"": \""\""}""}"
SR26-00474757,311 INFORMATION ONLY CALL,311IOC,311 City Services,311 City Services,Completed,Phone Call,2026-03-16T22:14:29.000,2026-03-16T22:32:10.000,2111 W Lexington ST,Demo City,Illinois,60612,2111,W,Lexington,ST,,,28,28,7,K024,2,12,1225,46,22,2,3,1162234.4668753312,1896560.9616219066,41.87183400094,-87.679845000002,"{""latitude"":""41.87183400094"",""longitude"":""-87.679845000002"",""human_address"":""{\""address\"": \""\"", \""city\"": \""\"", \""state\"": \""\"", \""zip\"": \""\""}""}"
SR26-00474756,311 INFORMATION ONLY CALL,311IOC,311 City Services,311 City Services,Completed,Phone Call,2026-03-16T22:14:26.000,2026-03-16T22:32:10.000,2111 W Lexington ST,Demo City,Illinois,60612,2111,W,Lexington,ST,,,28,28,7,K024,2,12,1225,46,22,2,3,1162234.4668753312,1896560.9616219066,41.87183400094,-87.679845000002,"{""latitude"":""41.87183400094"",""longitude"":""-87.679845000002"",""human_address"":""{\""address\"": \""\"", \""city\"": \""\"", \""state\"": \""\"", \""zip\"": \""\""}""}"
SR26-00474755,311 INFORMATION ONLY CALL,311IOC,311 City Services,311 City Services,Completed,Phone Call,2026-03-16T22:14:09.000,2026-03-16T22:32:10.000,2111 W Lexington ST,Demo City,Illinois,60612,2111,W,Lexington,ST,,,28,28,7,K024,2,12,1225,46,22,2,3,1162234.4668753312,1896560.9616219066,41.87183400094,-87.679845000002,"{""latitude"":""41.87183400094"",""longitude"":""-87.679845000002"",""human_address"":""{\""address\"": \""\"", \""city\"": \""\"", \""state\"": \""\"", \""zip\"": \""\""}""}"
SR26-00474754,311 INFORMATION ONLY CALL,311IOC,311 City Services,311 City Services,Completed,Phone Call,2026-03-16T22:13:57.000,2026-03-16T22:32:10.000,2111 W Lexington ST,Demo City,Illinois,60612,2111,W,Lexington,ST,,,28,28,7,K024,2,12,1225,46,22,2,3,1162234.4668753312,1896560.9616219066,41.87183400094,-87.679845000002,"{""latitude"":""41.87183400094"",""longitude"":""-87.679845000002"",""human_address"":""{\""address\"": \""\"", \""city\"": \""\"", \""state\"": \""\"", \""zip\"": \""\""}""}"
SR26-00474752,Street Light Out Complaint,SFD,,CDOT - Department of Transportation,Open,Internet,2026-03-16T22:12:50.000,2026-03-16T22:12:57.000,6920 S UNION AVE,Demo City,Illinois,60621,6920,S,UNION,AVE,,,68,6,11,O038,3,07,0732,5,22,2,3,1172765.9408119025,1858880.2385172353,41.76820800094,-87.642292500002,"{""latitude"":""41.76820800094"",""longitude"":""-87.642292500002"",""human_address"":""{\""address\"": \""\"", \""city\"": \""\"", \""state\"": \""\"", \""zip\"": \""\""}""}"
SR26-00474751,Street Light Out Complaint,SFD,,CDOT - Department of Transportation,Open,Mobile Device,2026-03-16T22:12:49.000,2026-03-16T22:12:58.000,4213 S CICERO AVE,,,,4213,S,CICERO,AVE,,,56,22,8,E031,1,08,0815,12,22,2,3,1145190.3346952968,1876214.668050187,41.81634000094,-87.742935000002,"{""latitude"":""41.81634000094"",""longitude"":""-87.742935000002"",""human_address"":""{\""address\"": \""\"", \""city\"": \""\"", \""state\"": \""\"", \""zip\"": \""\""}""}"
SR26-00474750,Water On Street Complaint,AAE,,DWM - Department of Water Management,Open,Mobile Device,2026-03-16T22:12:43.000,2026-03-16T22:26:04.000,1446 N KEDZIE AVE,,,,1446,N,KEDZIE,AVE,,,23,26,5,H019,2,14,1422,12,22,2,3,1154675.847771574,1909640.1048881062,41.907879000941,-87.707245500002,"{""latitude"":""41.907879000941"",""longitude"":""-87.707245500002"",""human_address"":""{\""address\"": \""\"", \""city\"": \""\"", \""state\"": \""\"", \""zip\"": \""\""}""}"
SR26-00474749,311 INFORMATION ONLY CALL,311IOC,311 City Services,311 City Services,Completed,Phone Call,2026-03-16T22:11:50.000,2026-03-16T22:31:52.000,2111 W Lexington ST,Demo City,Illinois,60612,2111,W,Lexington,ST,,,28,28,7,K024,2,12,1225,46,22,2,3,1162234.4668753312,1896560.9616219066,41.87183400094,-87.679845000002,"{""latitude"":""41.87183400094"",""longitude"":""-87.679845000002"",""human_address"":""{\""address\"": \""\"", \""city\"": \""\"", \""state\"": \""\"", \""zip\"": \""\""}""}"
SR26-00474748,311 INFORMATION ONLY CALL,311IOC,311 City Services,311 City Services,Completed,Phone Call,2026-03-16T22:10:48.000,2026-03-16T22:31:52.000,2111 W Lexington ST,Demo City,Illinois,60612,2111,W,Lexington,ST,,,28,28,7,K024,2,12,1225,46,22,2,3,1162234.4668753312,1896560.9616219066,41.87183400094,-87.679845000002,"{""latitude"":""41.87183400094"",""longitude"":""-87.679845000002"",""human_address"":""{\""address\"": \""\"", \""city\"": \""\"", \""state\"": \""\"", \""zip\"": \""\""}""}"
SR26-00474747,311 INFORMATION ONLY CALL,311IOC,311 City Services,311 City Services,Completed,Phone Call,2026-03-16T22:10:17.000,2026-03-16T22:31:52.000,2111 W Lexington ST,Demo City,Illinois,60612,2111,W,Lexington,ST,,,28,28,7,K024,2,12,1225,46,22,2,3,1162234.4668753312,1896560.9616219066,41.87183400094,-87.679845000002,"{""latitude"":""41.87183400094"",""longitude"":""-87.679845000002"",""human_address"":""{\""address\"": \""\"", \""city\"": \""\"", \""state\"": \""\"", \""zip\"": \""\""}""}"
SR26-00474746,311 INFORMATION ONLY CALL,311IOC,311 City Services,311 City Services,Completed,Phone Call,2026-03-16T22:09:57.000,2026-03-16T22:32:10.000,2111 W Lexington ST,Demo City,Illinois,60612,2111,W,Lexington,ST,,,28,28,7,K024,2,12,1225,46,22,2,3,1162234.4668753312,1896560.9616219066,41.87183400094,-87.679845000002,"{""latitude"":""41.87183400094"",""longitude"":""-87.679845000002"",""human_address"":""{\""address\"": \""\"", \""city\"": \""\"", \""state\"": \""\"", \""zip\"": \""\""}""}"
SR26-00474745,Stray Animal Complaint,EAE,311 City Services,Animal Care and Control,Open,Phone Call,2026-03-16T22:09:39.000,2026-03-16T22:09:41.000,3235 W 23RD ST,Demo City,Illinois,,3235,W,23RD,ST,,,30,25,8,H027,2,10,1024,14,22,2,3,1155053.9091987966,1888530.3761832851,41.849944168971,-87.706423130683,"{""latitude"":""41.849944168971"",""longitude"":""-87.706423130683"",""human_address"":""{\""address\"": \""\"", \""city\"": \""\"", \""state\"": \""\"", \""zip\"": \""\""}""}"
SR26-00474744,Street Light Out Complaint,SFD,,CDOT - Department of Transportation,Open,Internet,2026-03-16T22:09:31.000,2026-03-16T23:00:04.000,4726 N BEACON ST,Demo City,Illinois,60640,4726,N,BEACON,ST,,,3,46,2,M011,1,19,1913,16,22,2,3,1165992.7221111283,1931598.579628801,41.967900000941,-87.665044500002,"{""latitude"":""41.967900000941"",""longitude"":""-87.665044500002"",""human_address"":""{\""address\"": \""\"", \""city\"": \""\"", \""state\"": \""\"", \""zip\"": \""\""}""}"
SR26-00474743,311 INFORMATION ONLY CALL,311IOC,311 City Services,311 City Services,Completed,Phone Call,2026-03-16T22:09:26.000,2026-03-16T22:32:10.000,2111 W Lexington ST,Demo City,Illinois,60612,2111,W,Lexington,ST,,,28,28,7,K024,2,12,1225,46,22,2,3,1162234.4668753312,1896560.9616219066,41.87183400094,-87.679845000002,"{""latitude"":""41.87183400094"",""longitude"":""-87.679845000002"",""human_address"":""{\""address\"": \""\"", \""city\"": \""\"", \""state\"": \""\"", \""zip\"": \""\""}""}"
SR26-00474741,311 INFORMATION ONLY CALL,311IOC,311 City Services,311 City Services,Completed,Phone Call,2026-03-16T22:08:37.000,2026-03-16T22:31:52.000,2111 W Lexington ST,Demo City,Illinois,60612,2111,W,Lexington,ST,,,28,28,7,K024,2,12,1225,46,22,2,3,1162234.4668753312,1896560.9616219066,41.87183400094,-87.679845000002,"{""latitude"":""41.87183400094"",""longitude"":""-87.679845000002"",""human_address"":""{\""address\"": \""\"", \""city\"": \""\"", \""state\"": \""\"", \""zip\"": \""\""}""}"
SR26-00474739,311 INFORMATION ONLY CALL,311IOC,311 City Services,311 City Services,Completed,Phone Call,2026-03-16T22:08:30.000,2026-03-16T22:32:10.000,2111 W Lexington ST,Demo City,Illinois,60612,2111,W,Lexington,ST,,,28,28,7,K024,2,12,1225,46,22,2,3,1162234.4668753312,1896560.9616219066,41.87183400094,-87.679845000002,"{""latitude"":""41.87183400094"",""longitude"":""-87.679845000002"",""human_address"":""{\""address\"": \""\"", \""city\"": \""\"", \""state\"": \""\"", \""zip\"": \""\""}""}"
SR26-00474740,311 INFORMATION ONLY CALL,311IOC,311 City Services,311 City Services,Completed,Phone Call,2026-03-16T22:08:30.000,2026-03-16T22:32:10.000,2111 W Lexington ST,Demo City,Illinois,60612,2111,W,Lexington,ST,,,28,28,7,K024,2,12,1225,46,22,2,3,1162234.4668753312,1896560.9616219066,41.87183400094,-87.679845000002,"{""latitude"":""41.87183400094"",""longitude"":""-87.679845000002"",""human_address"":""{\""address\"": \""\"", \""city\"": \""\"", \""state\"": \""\"", \""zip\"": \""\""}""}"
SR26-00474738,311 INFORMATION ONLY CALL,311IOC,311 City Services,311 City Services,Completed,Phone Call,2026-03-16T22:08:18.000,2026-03-16T22:31:52.000,2111 W Lexington ST,Demo City,Illinois,60612,2111,W,Lexington,ST,,,28,28,7,K024,2,12,1225,46,22,2,3,1162234.4668753312,1896560.9616219066,41.87183400094,-87.679845000002,"{""latitude"":""41.87183400094"",""longitude"":""-87.679845000002"",""human_address"":""{\""address\"": \""\"", \""city\"": \""\"", \""state\"": \""\"", \""zip\"": \""\""}""}"
SR26-00474737,311 INFORMATION ONLY CALL,311IOC,311 City Services,311 City Services,Completed,Phone Call,2026-03-16T22:07:24.000,2026-03-16T22:31:52.000,2111 W Lexington ST,Demo City,Illinois,60612,2111,W,Lexington,ST,,,53,9,14,O052,2,05,0523,39,22,2,3,1175682.250257353,1821091.9890251588,41.66444700094,-87.632730000002,"{""latitude"":""41.66444700094"",""longitude"":""-87.632730000002"",""human_address"":""{\""address\"": \""\"", \""city\"": \""\"", \""state\"": \""\"", \""zip\"": \""\""}""}"
SR26-00474736,Water in Basement Complaint,AAF,,DWM - Department of Water Management,Completed,Mobile Device,2026-03-16T22:07:16.000,2026-03-16T23:14:46.000,5722 W FULTON ST,,,,5722,W,FULTON,ST,,,25,29,6,B022,1,15,1512,11,22,2,3,1137836.9921791886,1901478.0828807342,41.88580200094,-87.769300500002,"{""latitude"":""41.88580200094"",""longitude"":""-87.769300500002"",""human_address"":""{\""address\"": \""\"", \""city\"": \""\"", \""state\"": \""\"", \""zip\"": \""\""}""}"
SR26-00474735,311 INFORMATION ONLY CALL,311IOC,311 City Services,311 City Services,Completed,Phone Call,2026-03-16T22:07:10.000,2026-03-16T22:32:10.000,2111 W Lexington ST,Demo City,Illinois,60612,2111,W,Lexington,ST,,,28,28,7,K024,2,12,1225,46,22,2,3,1162234.4668753312,1896560.9616219066,41.87183400094,-87.679845000002,"{""latitude"":""41.87183400094"",""longitude"":""-87.679845000002"",""human_address"":""{\""address\"": \""\"", \""city\"": \""\"", \""state\"": \""\"", \""zip\"": \""\""}""}"
SR26-00474734,311 INFORMATION ONLY CALL,311IOC,311 City Services,311 City Services,Completed,Phone Call,2026-03-16T22:06:45.000,2026-03-16T22:32:10.000,2111 W Lexington ST,Demo City,Illinois,60612,2111,W,Lexington,ST,,,28,28,7,K024,2,12,1225,46,22,2,3,1162234.4668753312,1896560.9616219066,41.87183400094,-87.679845000002,"{""latitude"":""41.87183400094"",""longitude"":""-87.679845000002"",""human_address"":""{\""address\"": \""\"", \""city\"": \""\"", \""state\"": \""\"", \""zip\"": \""\""}""}"
SR26-00474733,311 INFORMATION ONLY CALL,311IOC,311 City Services,311 City Services,Completed,Phone Call,2026-03-16T22:06:16.000,2026-03-16T22:32:10.000,2111 W Lexington ST,Demo City,Illinois,60612,2111,W,Lexington,ST,,,28,28,7,K024,2,12,1225,46,22,2,3,1162234.4668753312,1896560.9616219066,41.87183400094,-87.679845000002,"{""latitude"":""41.87183400094"",""longitude"":""-87.679845000002"",""human_address"":""{\""address\"": \""\"", \""city\"": \""\"", \""state\"": \""\"", \""zip\"": \""\""}""}"
SR26-00474732,Pothole in Street Complaint,PHF,,CDOT - Department of Transportation,Open,Internet,2026-03-16T22:05:38.000,2026-03-16T23:00:04.000,6247 N MOZART ST,Demo City,Illinois,60659,6247,N,MOZART,ST,,,2,50,2,I007,1,24,2413,26,22,2,3,1156279.0522920568,1941534.8586720312,41.995368000941,-87.700491000002,"{""latitude"":""41.995368000941"",""longitude"":""-87.700491000002"",""human_address"":""{\""address\"": \""\"", \""city\"": \""\"", \""state\"": \""\"", \""zip\"": \""\""}""}"
SR26-00474731,Alley Pothole Complaint,PHB,,CDOT - Department of Transportation,Open,Mobile Device,2026-03-16T22:05:22.000,2026-03-17T08:22:28.000,855 W MARGATE TER,,,,855,W,MARGATE,TER,1,,3,48,2,N010,2,20,2024,17,22,2,3,1169411.5616316847,1933216.224484564,41.972265000941,-87.652426500002,"{""latitude"":""41.972265000941"",""longitude"":""-87.652426500002"",""human_address"":""{\""address\"": \""\"", \""city\"": \""\"", \""state\"": \""\"", \""zip\"": \""\""}""}"
SR26-00474730,311 INFORMATION ONLY CALL,311IOC,311 City Services,311 City Services,Completed,Phone Call,2026-03-16T22:05:14.000,2026-03-16T22:32:10.000,2111 W Lexington ST,Demo City,Illinois,60612,2111,W,Lexington,ST,,,28,28,7,K024,2,12,1225,46,22,2,3,1162234.4668753312,1896560.9616219066,41.87183400094,-87.679845000002,"{""latitude"":""41.87183400094"",""longitude"":""-87.679845000002"",""human_address"":""{\""address\"": \""\"", \""city\"": \""\"", \""state\"": \""\"", \""zip\"": \""\""}""}"
SR26-00474729,Water in Basement Complaint,AAF,311 City Services,DWM - Department of Water Management,Open,Phone Call,2026-03-16T22:05:12.000,2026-03-16T23:33:58.000,12213 S MICHIGAN AVE,Demo City,Illinois,60628,12213,S,MICHIGAN,AVE,,,53,9,14,Q051,3,05,0532,45,22,2,3,1179114.144125896,1823924.2793114732,41.67214200094,-87.620085000002,"{""latitude"":""41.67214200094"",""longitude"":""-87.620085000002"",""human_address"":""{\""address\"": \""\"", \""city\"": \""\"", \""state\"": \""\"", \""zip\"": \""\""}""}"
SR26-00474728,E-Scooter Parking Complaint,ESPC,,Outside Agencies,Completed,Internet,2026-03-16T22:04:58.000,2026-03-17T05:27:34.000,2564 N CLARK ST,Demo City,Illinois,60614,2564,N,CLARK,ST,,,7,43,4,O016,3,19,1935,40,22,2,3,1172099.9648555538,1917596.1696571608,41.929344000941,-87.643003500002,"{""latitude"":""41.929344000941"",""longitude"":""-87.643003500002"",""human_address"":""{\""address\"": \""\"", \""city\"": \""\"", \""state\"": \""\"", \""zip\"": \""\""}""}"
SR26-00474727,Cab Feedback,CSC,311 City Services,BACP - Business Affairs and Consumer Protection,Open,Phone Call,2026-03-16T22:04:57.000,2026-03-16T22:04:58.000,1901 W MADISON ST,Demo City,Illinois,60612,1901,W,MADISON,ST,,,28,27,7,L023,2,12,1225,10,22,2,3,1164024.148640686,1898450.6893329076,41.87698200094,-87.673221000002,"{""latitude"":""41.87698200094"",""longitude"":""-87.673221000002"",""human_address"":""{\""address\"": \""\"", \""city\"": \""\"", \""state\"": \""\"", \""zip\"": \""\""}""}"
SR26-00474726,311 INFORMATION ONLY CALL,311IOC,311 City Services,311 City Services,Completed,Phone Call,2026-03-16T22:04:53.000,2026-03-16T22:32:10.000,2111 W Lexington ST,Demo City,Illinois,60612,2111,W,Lexington,ST,,,28,28,7,K024,2,12,1225,46,22,2,3,1162234.4668753312,1896560.9616219066,41.87183400094,-87.679845000002,"{""latitude"":""41.87183400094"",""longitude"":""-87.679845000002"",""human_address"":""{\""address\"": \""\"", \""city\"": \""\"", \""state\"": \""\"", \""zip\"": \""\""}""}"
SR26-00474725,Pothole in Street Complaint,PHF,,CDOT - Department of Transportation,Open,Mobile Device,2026-03-16T22:04:42.000,2026-03-17T07:25:29.000,2559 N JEAN BAPTISTE POINTE DUSABLE LAKE SHORE DR,,,,2559,N,JEAN BAPTISTE POINTE DUSABLE LAKE SHORE,DR,1,,7,43,4,P016,3,19,1935,32,22,2,3,1175071.2249713594,1917763.7854008772,41.929737780626,-87.632080067987,"{""latitude"":""41.929737780626"",""longitude"":""-87.632080067987"",""human_address"":""{\""address\"": \""\"", \""city\"": \""\"", \""state\"": \""\"", \""zip\"": \""\""}""}"
SR26-00474724,311 INFORMATION ONLY CALL,311IOC,311 City Services,311 City Services,Completed,Phone Call,2026-03-16T22:04:31.000,2026-03-16T22:32:10.000,2111 W Lexington ST,Demo City,Illinois,60612,2111,W,Lexington,ST,,,28,28,7,K024,2,12,1225,46,22,2,3,1162234.4668753312,1896560.9616219066,41.87183400094,-87.679845000002,"{""latitude"":""41.87183400094"",""longitude"":""-87.679845000002"",""human_address"":""{\""address\"": \""\"", \""city\"": \""\"", \""state\"": \""\"", \""zip\"": \""\""}""}"
SR26-00474723,311 INFORMATION ONLY CALL,311IOC,311 City Services,311 City Services,Completed,Phone Call,2026-03-16T22:04:28.000,2026-03-16T22:31:52.000,2111 W Lexington ST,Demo City,Illinois,60612,2111,W,Lexington,ST,,,28,28,7,K024,2,12,1225,46,22,2,3,1162234.4668753312,1896560.9616219066,41.87183400094,-87.679845000002,"{""latitude"":""41.87183400094"",""longitude"":""-87.679845000002"",""human_address"":""{\""address\"": \""\"", \""city\"": \""\"", \""state\"": \""\"", \""zip\"": \""\""}""}"
SR26-00474722,311 INFORMATION ONLY CALL,311IOC,311 City Services,311 City Services,Completed,Phone Call,2026-03-16T22:03:52.000,2026-03-16T22:32:10.000,2111 W Lexington ST,Demo City,Illinois,60612,2111,W,Lexington,ST,,,28,28,7,K024,2,12,1225,46,22,2,3,1162234.4668753312,1896560.9616219066,41.87183400094,-87.679845000002,"{""latitude"":""41.87183400094"",""longitude"":""-87.679845000002"",""human_address"":""{\""address\"": \""\"", \""city\"": \""\"", \""state\"": \""\"", \""zip\"": \""\""}""}"
SR26-00474721,311 INFORMATION ONLY CALL,311IOC,311 City Services,311 City Services,Completed,Phone Call,2026-03-16T22:03:47.000,2026-03-16T22:31:52.000,2111 W Lexington ST,Demo City,Illinois,60612,2111,W,Lexington,ST,,,28,28,7,K024,2,12,1225,46,22,2,3,1162234.4668753312,1896560.9616219066,41.87183400094,-87.679845000002,"{""latitude"":""41.87183400094"",""longitude"":""-87.679845000002"",""human_address"":""{\""address\"": \""\"", \""city\"": \""\"", \""state\"": \""\"", \""zip\"": \""\""}""}"
SR26-00474720,Pet Wellness Check Request,PET,311 City Services,Animal Care and Control,Open,Phone Call,2026-03-16T22:03:37.000,2026-03-16T22:05:34.000,3441 W 72ND ST,Demo City,Illinois,60629,3441,W,72ND,ST,,,66,17,10,H039,3,08,0831,30,22,2,3,1154480.6271844308,1856579.134109593,41.76227700094,-87.709378500002,"{""latitude"":""41.76227700094"",""longitude"":""-87.709378500002"",""human_address"":""{\""address\"": \""\"", \""city\"": \""\"", \""state\"": \""\"", \""zip\"": \""\""}""}"
SR26-00474717,Water On Street Complaint,AAE,DWM - Department of Water Management,DWM - Department of Water Management,Completed,Phone Call,2026-03-16T22:01:39.000,2026-03-16T22:03:05.000,3937 W 86TH ST,Demo City,Illinois,60652,3937,W,86TH,ST,,,70,18,10,G042,3,08,0834,36,22,2,3,1151553.6186644959,1847222.5882156359,41.736658795294,-87.720350828234,"{""latitude"":""41.736658795294"",""longitude"":""-87.720350828234"",""human_address"":""{\""address\"": \""\"", \""city\"": \""\"", \""state\"": \""\"", \""zip\"": \""\""}""}"
SR26-00474716,Street Light Out Complaint,SFD,311 City Services,CDOT - Department of Transportation,Open,Phone Call,2026-03-16T22:01:34.000,2026-03-16T22:01:46.000,9217 S BRANDON AVE,Demo City,Illinois,60617,9217,S,BRANDON,AVE,,,46,10,15,X044,2,04,0424,1,22,2,3,1199000.7119084557,1844359.7093175016,41.72774400094,-87.546618000002,"{""latitude"":""41.72774400094"",""longitude"":""-87.546618000002"",""human_address"":""{\""address\"": \""\"", \""city\"": \""\"", \""state\"": \""\"", \""zip\"": \""\""}""}"
SR26-00474715,Aircraft Noise Complaint,AVN,,Aviation,Completed,Internet,2026-03-16T22:01:06.000,2026-03-16T22:31:52.000,10510 W ZEMKE RD,Demo City,Illinois,60666,10510,W,ZEMKE,RD,,,76,41,,,5,16,1654,27,22,2,3,1105376.7673561182,1941043.7883293368,41.994900000941,-87.887749500002,"{""latitude"":""41.994900000941"",""longitude"":""-87.887749500002"",""human_address"":""{\""address\"": \""\"", \""city\"": \""\"", \""state\"": \""\"", \""zip\"": \""\""}""}"
SR26-00474714,311 INFORMATION ONLY CALL,311IOC,311 City Services,311 City Services,Completed,Phone Call,2026-03-16T22:00:30.000,2026-03-16T22:31:52.000,2111 W Lexington ST,Demo City,Illinois,60612,2111,W,Lexington,ST,,,28,28,7,K024,2,12,1225,46,22,2,3,1162234.4668753312,1896560.9616219066,41.87183400094,-87.679845000002,"{""latitude"":""41.87183400094"",""longitude"":""-87.679845000002"",""human_address"":""{\""address\"": \""\"", \""city\"": \""\"", \""state\"": \""\"", \""zip\"": \""\""}""}"
SR26-00474713,311 INFORMATION ONLY CALL,311IOC,311 City Services,311 City Services,Completed,Phone Call,2026-03-16T22:00:27.000,2026-03-16T22:31:52.000,2111 W Lexington ST,Demo City,Illinois,60612,2111,W,Lexington,ST,,,28,28,7,K024,2,12,1225,46,22,2,3,1162234.4668753312,1896560.9616219066,41.87183400094,-87.679845000002,"{""latitude"":""41.87183400094"",""longitude"":""-87.679845000002"",""human_address"":""{\""address\"": \""\"", \""city\"": \""\"", \""state\"": \""\"", \""zip\"": \""\""}""}"
SR26-00474712,Aircraft Noise Complaint,AVN,,Aviation,Completed,Internet,2026-03-16T21:59:16.000,2026-03-16T22:32:10.000,10510 W ZEMKE RD,Demo City,Illinois,60666,10510,W,ZEMKE,RD,,,76,41,,,5,16,1654,27,21,2,3,1105376.7673561182,1941043.7883293368,41.994900000941,-87.887749500002,"{""latitude"":""41.994900000941"",""longitude"":""-87.887749500002"",""human_address"":""{\""address\"": \""\"", \""city\"": \""\"", \""state\"": \""\"", \""zip\"": \""\""}""}"
SR26-00474711,E-Scooter Parking Complaint,ESPC,,Outside Agencies,Completed,Internet,2026-03-16T21:58:57.000,2026-03-17T05:25:00.000,1501 N LASALLE DR,Demo City,Illinois,60610,1501,N,LASALLE,DR,,,8,2,5,P019,2,18,1821,37,21,2,3,1174876.7577086247,1910289.8506936016,41.909233352534,-87.633018956292,"{""latitude"":""41.909233352534"",""longitude"":""-87.633018956292"",""human_address"":""{\""address\"": \""\"", \""city\"": \""\"", \""state\"": \""\"", \""zip\"": \""\""}""}"
SR26-00474710,Traffic Signal Out Complaint,SFB,,CDOT - Department of Transportation,Completed,Internet,2026-03-16T21:57:58.000,2026-03-16T23:10:34.000,2300 W ROOSEVELT RD,Demo City,Illinois,60608,2300,W,ROOSEVELT,RD,,,28,28,7,K024,2,12,1225,19,21,2,3,1161164.4211047704,1894781.7638331186,41.86697400094,-87.683823000002,"{""latitude"":""41.86697400094"",""longitude"":""-87.683823000002"",""human_address"":""{\""address\"": \""\"", \""city\"": \""\"", \""state\"": \""\"", \""zip\"": \""\""}""}"
SR26-00474709,311 INFORMATION ONLY CALL,311IOC,311 City Services,311 City Services,Completed,Phone Call,2026-03-16T21:57:16.000,2026-03-16T22:31:52.000,2111 W Lexington ST,Demo City,Illinois,60612,2111,W,Lexington,ST,,,28,28,7,K024,2,12,1225,46,21,2,3,1162234.4668753312,1896560.9616219066,41.87183400094,-87.679845000002,"{""latitude"":""41.87183400094"",""longitude"":""-87.679845000002"",""human_address"":""{\""address\"": \""\"", \""city\"": \""\"", \""state\"": \""\"", \""zip\"": \""\""}""}"
SR26-00474708,Pothole in Street Complaint,PHF,,CDOT - Department of Transportation,Open,Internet,2026-03-16T21:56:41.000,2026-03-16T21:56:43.000,500 S LAKE SHORE DR,Demo City,Illinois,60605,500,S,LAKE SHORE,DR,,,32,42,7,Q023,1,01,0114,33,21,2,3,1179278.5030735657,1898131.8770661978,41.875771564047,-87.617221885201,"{""latitude"":""41.875771564047"",""longitude"":""-87.617221885201"",""human_address"":""{\""address\"": \""\"", \""city\"": \""\"", \""state\"": \""\"", \""zip\"": \""\""}""}"
SR26-00474707,Finance Parking Code Enforcement Review,FPCE,,Finance,Completed,Internet,2026-03-16T21:56:23.000,2026-03-16T21:56:23.000,6611 S VERNON AVE,Demo City,Illinois,60637,6611,S,VERNON,AVE,,,42,20,12,R037,1,03,0312,10,21,2,3,1180406.0127552103,1861222.7827522627,41.77446432506,-87.61421642051,"{""latitude"":""41.77446432506"",""longitude"":""-87.61421642051"",""human_address"":""{\""address\"": \""\"", \""city\"": \""\"", \""state\"": \""\"", \""zip\"": \""\""}""}"
SR26-00474706,311 INFORMATION ONLY CALL,311IOC,311 City Services,311 City Services,Completed,Phone Call,2026-03-16T21:55:20.000,2026-03-16T22:32:10.000,2111 W Lexington ST,Demo City,Illinois,60612,2111,W,Lexington,ST,,,28,28,7,K024,2,12,1225,46,21,2,3,1162234.4668753312,1896560.9616219066,41.87183400094,-87.679845000002,"{""latitude"":""41.87183400094"",""longitude"":""-87.679845000002"",""human_address"":""{\""address\"": \""\"", \""city\"": \""\"", \""state\"": \""\"", \""zip\"": \""\""}""}"
SR26-00474705,Street Light Out Complaint,SFD,,CDOT - Department of Transportation,Completed,Internet,2026-03-16T21:55:05.000,2026-03-17T10:48:11.000,3032 W 47TH ST,Demo City,Illinois,60632,3032,W,47TH,ST,,,58,12,8,I032,2,09,0922,12,21,2,3,1156807.732021299,1873346.814980556,41.808243296639,-87.700396867693,"{""latitude"":""41.808243296639"",""longitude"":""-87.700396867693"",""human_address"":""{\""address\"": \""\"", \""city\"": \""\"", \""state\"": \""\"", \""zip\"": \""\""}""}"
SR26-00474704,Street Light Out Complaint,SFD,,CDOT - Department of Transportation,Open,Mobile Device,2026-03-16T21:54:46.000,2026-03-16T21:54:56.000,4911 S VINCENNES AVE,,,,4911,S,VINCENNES,AVE,,,38,20,9,R033,2,02,0223,8,21,2,3,1180490.757486806,1872489.027988966,41.80537800094,-87.613560000002,"{""latitude"":""41.80537800094"",""longitude"":""-87.613560000002"",""human_address"":""{\""address\"": \""\"", \""city\"": \""\"", \""state\"": \""\"", \""zip\"": \""\""}""}"
SR26-00474703,E-Scooter Parking Complaint,ESPC,,Outside Agencies,Completed,Internet,2026-03-16T21:54:45.000,2026-03-17T05:15:58.000,2474 N CLARK ST,Demo City,Illinois,60614,2474,N,CLARK,ST,1,,7,43,4,O016,3,19,1935,37,21,2,3,1172467.734731294,1916904.507266874,41.927437916543,-87.641672568546,"{""latitude"":""41.927437916543"",""longitude"":""-87.641672568546"",""human_address"":""{\""address\"": \""\"", \""city\"": \""\"", \""state\"": \""\"", \""zip\"": \""\""}""}"
SR26-00474702,311 INFORMATION ONLY CALL,311IOC,311 City Services,311 City Services,Completed,Phone Call,2026-03-16T21:54:42.000,2026-03-16T22:32:10.000,2111 W Lexington ST,Demo City,Illinois,60612,2111,W,Lexington,ST,,,28,28,7,K024,2,12,1225,46,21,2,3,1162234.4668753312,1896560.9616219066,41.87183400094,-87.679845000002,"{""latitude"":""41.87183400094"",""longitude"":""-87.679845000002"",""human_address"":""{\""address\"": \""\"", \""city\"": \""\"", \""state\"": \""\"", \""zip\"": \""\""}""}"
SR26-00474701,Graffiti Removal Request,GRAF,,Streets and Sanitation,Completed,Mass Entry,2026-03-16T21:54:07.000,2026-03-16T21:54:15.000,3600 W 66TH ST,Demo City,Illinois,60629,3600,W,66TH,ST,,,65,23,10,G037,3,08,0833,30,21,2,3,1153466.9336646178,1860773.0905218574,41.77380600094,-87.712983000002,"{""latitude"":""41.77380600094"",""longitude"":""-87.712983000002"",""human_address"":""{\""address\"": \""\"", \""city\"": \""\"", \""state\"": \""\"", \""zip\"": \""\""}""}"
SR26-00474700,Graffiti Removal Request,GRAF,,Streets and Sanitation,Completed,Mass Entry,2026-03-16T21:54:07.000,2026-03-16T21:54:15.000,3605 W 66TH ST,Demo City,Illinois,60629,3605,W,66TH,ST,,,65,23,10,G037,3,08,0833,30,21,2,3,1153409.7878325903,1860526.7011475335,41.77313100094,-87.713199000002,"{""latitude"":""41.77313100094"",""longitude"":""-87.713199000002"",""human_address"":""{\""address\"": \""\"", \""city\"": \""\"", \""state\"": \""\"", \""zip\"": \""\""}""}"
SR26-00474699,Graffiti Removal Request,GRAF,,Streets and Sanitation,Completed,Mass Entry,2026-03-16T21:54:07.000,2026-03-16T21:54:15.000,3603 W 66TH ST,Demo City,Illinois,60629,3603,W,66TH,ST,,,65,23,10,G037,3,08,0833,30,21,2,3,1153413.1446001062,1860584.5588987998,41.773289705241,-87.713185165404,"{""latitude"":""41.773289705241"",""longitude"":""-87.713185165404"",""human_address"":""{\""address\"": \""\"", \""city\"": \""\"", \""state\"": \""\"", \""zip\"": \""\""}""}"
SR26-00474698,Graffiti Removal Request,GRAF,,Streets and Sanitation,Completed,Mass Entry,2026-03-16T21:54:07.000,2026-03-16T21:54:15.000,3601 W 66TH ST,Demo City,Illinois,60629,3601,W,66TH,ST,,,65,23,10,G037,3,08,0833,30,21,2,3,1153434.314189944,1860530.1577071813,41.77314000094,-87.713109000002,"{""latitude"":""41.77314000094"",""longitude"":""-87.713109000002"",""human_address"":""{\""address\"": \""\"", \""city\"": \""\"", \""state\"": \""\"", \""zip\"": \""\""}""}"
SR26-00474697,Graffiti Removal Request,GRAF,,Streets and Sanitation,Completed,Mass Entry,2026-03-16T21:54:07.000,2026-03-16T21:54:15.000,4611 W 51ST ST,Demo City,Illinois,60632,4611,W,51ST,ST,,,56,23,10,E034,1,08,0815,18,21,2,3,1146390.6527866726,1870387.1566535064,41.800325705242,-87.738679809439,"{""latitude"":""41.800325705242"",""longitude"":""-87.738679809439"",""human_address"":""{\""address\"": \""\"", \""city\"": \""\"", \""state\"": \""\"", \""zip\"": \""\""}""}"
SR26-00474696,Graffiti Removal Request,GRAF,,Streets and Sanitation,Completed,Mass Entry,2026-03-16T21:54:07.000,2026-03-16T21:54:15.000,4605 W 51ST ST,Demo City,Illinois,60632,4605,W,51ST,ST,,,56,23,10,E034,1,08,0815,18,21,2,3,1146454.9808212116,1870389.3229047318,41.800330428323,-87.738443840227,"{""latitude"":""41.800330428323"",""longitude"":""-87.738443840227"",""human_address"":""{\""address\"": \""\"", \""city\"": \""\"", \""state\"": \""\"", \""zip\"": \""\""}""}"
SR26-00474690,Graffiti Removal Request,GRAF,,Streets and Sanitation,Completed,Mass Entry,2026-03-16T21:54:07.000,2026-03-16T21:54:15.000,5600 S CAMPBELL AVE,Demo City,Illinois,60629,5600,S,CAMPBELL,AVE,,,63,15,11,J035,2,08,0824,16,21,2,3,1160594.5304408704,1867411.261450531,41.79187800094,-87.686671500002,"{""latitude"":""41.79187800094"",""longitude"":""-87.686671500002"",""human_address"":""{\""address\"": \""\"", \""city\"": \""\"", \""state\"": \""\"", \""zip\"": \""\""}""}"
SR26-00474691,Graffiti Removal Request,GRAF,,Streets and Sanitation,Completed,Mass Entry,2026-03-16T21:54:07.000,2026-03-16T21:54:15.000,1013 W 31ST ST,Demo City,Illinois,60608,1013,W,31ST,ST,,,60,11,9,N029,1,09,0913,5,21,2,3,1169988.2370564807,1884204.0185517126,41.83776000094,-87.651738000002,"{""latitude"":""41.83776000094"",""longitude"":""-87.651738000002"",""human_address"":""{\""address\"": \""\"", \""city\"": \""\"", \""state\"": \""\"", \""zip\"": \""\""}""}"
SR26-00474692,Graffiti Removal Request,GRAF,,Streets and Sanitation,Completed,Mass Entry,2026-03-16T21:54:07.000,2026-03-16T21:54:15.000,4503 S PULASKI RD,Demo City,Illinois,60632,4503,S,PULASKI,RD,,,57,14,8,G032,2,08,0821,27,21,2,3,1150460.4993073347,1874463.7837703119,41.811434334445,-87.723648182334,"{""latitude"":""41.811434334445"",""longitude"":""-87.723648182334"",""human_address"":""{\""address\"": \""\"", \""city\"": \""\"", \""state\"": \""\"", \""zip\"": \""\""}""}"
SR26-00474693,Graffiti Removal Request,GRAF,,Streets and Sanitation,Completed,Mass Entry,2026-03-16T21:54:07.000,2026-03-16T21:54:15.000,4600 W 51ST ST,Demo City,Illinois,60632,4600,W,51ST,ST,,,56,14,8,E033,1,08,0815,12,21,2,3,1146495.0300769028,1870432.9170005424,41.800449296639,-87.738295858344,"{""latitude"":""41.800449296639"",""longitude"":""-87.738295858344"",""human_address"":""{\""address\"": \""\"", \""city\"": \""\"", \""state\"": \""\"", \""zip\"": \""\""}""}"
SR26-00474694,Graffiti Removal Request,GRAF,,Streets and Sanitation,Completed,Mass Entry,2026-03-16T21:54:07.000,2026-03-16T21:54:15.000,4604 W 51ST ST,Demo City,Illinois,60632,4604,W,51ST,ST,,,56,14,8,E033,1,08,0815,12,21,2,3,1146451.661465968,1870430.9489190981,41.800444719652,-87.738454957021,"{""latitude"":""41.800444719652"",""longitude"":""-87.738454957021"",""human_address"":""{\""address\"": \""\"", \""city\"": \""\"", \""state\"": \""\"", \""zip\"": \""\""}""}"
SR26-00474695,Graffiti Removal Request,GRAF,,Streets and Sanitation,Completed,Mass Entry,2026-03-16T21:54:07.000,2026-03-16T21:54:15.000,4610 W 51ST ST,Demo City,Illinois,60632,4610,W,51ST,ST,,,56,14,8,E033,1,08,0815,12,21,2,3,1146390.3639159927,1870428.9129879023,41.800440296639,-87.738679809439,"{""latitude"":""41.800440296639"",""longitude"":""-87.738679809439"",""human_address"":""{\""address\"": \""\"", \""city\"": \""\"", \""state\"": \""\"", \""zip\"": \""\""}""}"
SR26-00474689,Water in Basement Complaint,AAF,311 City Services,DWM - Department of Water Management,Open,Phone Call,2026-03-16T21:54:06.000,2026-03-16T21:58:02.000,2715 W GREGORY ST,Demo City,Illinois,60625,2715,W,GREGORY,ST,,,4,40,2,J009,1,20,2011,24,21,2,3,1157173.9199562029,1936674.2216988467,41.982012000941,-87.697332000002,"{""latitude"":""41.982012000941"",""longitude"":""-87.697332000002"",""human_address"":""{\""address\"": \""\"", \""city\"": \""\"", \""state\"": \""\"", \""zip\"": \""\""}""}"
SR26-00474688,311 INFORMATION ONLY CALL,311IOC,311 City Services,311 City Services,Completed,Phone Call,2026-03-16T21:53:17.000,2026-03-16T22:31:52.000,2111 W Lexington ST,Demo City,Illinois,60612,2111,W,Lexington,ST,,,28,28,7,K024,2,12,1225,46,21,2,3,1162234.4668753312,1896560.9616219066,41.87183400094,-87.679845000002,"{""latitude"":""41.87183400094"",""longitude"":""-87.679845000002"",""human_address"":""{\""address\"": \""\"", \""city\"": \""\"", \""state\"": \""\"", \""zip\"": \""\""}""}"
SR26-00474687,Tree Emergency,SEC,311 City Services,Streets and Sanitation,Completed,Phone Call,2026-03-16T21:52:53.000,2026-03-17T07:12:46.000,7200 S DR MARTIN LUTHER KING JR DR,Demo City,Illinois,60619,7200,S,DR MARTIN LUTHER KING JR,DR,,,69,6,12,Q039,2,03,0323,48,21,2,3,1180066.4736928062,1857319.8295338375,41.76376200094,-87.615580500002,"{""latitude"":""41.76376200094"",""longitude"":""-87.615580500002"",""human_address"":""{\""address\"": \""\"", \""city\"": \""\"", \""state\"": \""\"", \""zip\"": \""\""}""}"
SR26-00474685,311 INFORMATION ONLY CALL,311IOC,311 City Services,311 City Services,Completed,Phone Call,2026-03-16T21:52:00.000,2026-03-16T22:31:52.000,2111 W Lexington ST,Demo City,Illinois,60612,2111,W,Lexington,ST,,,28,28,7,K024,2,12,1225,46,21,2,3,1162234.4668753312,1896560.9616219066,41.87183400094,-87.679845000002,"{""latitude"":""41.87183400094"",""longitude"":""-87.679845000002"",""human_address"":""{\""address\"": \""\"", \""city\"": \""\"", \""state\"": \""\"", \""zip\"": \""\""}""}"
SR26-00474684,Tree Emergency,SEC,311 City Services,Streets and Sanitation,Open,Phone Call,2026-03-16T21:51:52.000,2026-03-16T21:51:54.000,7200 S DR MARTIN LUTHER KING JR DR,Demo City,Illinois,60619,7200,S,DR MARTIN LUTHER KING JR,DR,,,69,6,12,Q039,2,03,0323,48,21,2,3,1180066.4736928062,1857319.8295338375,41.76376200094,-87.615580500002,"{""latitude"":""41.76376200094"",""longitude"":""-87.615580500002"",""human_address"":""{\""address\"": \""\"", \""city\"": \""\"", \""state\"": \""\"", \""zip\"": \""\""}""}"
SR26-00474683,E-Scooter Parking Complaint,ESPC,,Outside Agencies,Completed,Internet,2026-03-16T21:51:18.000,2026-03-17T05:15:58.000,2474 N CLARK ST,Demo City,Illinois,60614,2474,N,CLARK,ST,,,7,43,4,O016,3,19,1935,37,21,2,3,1172467.734731294,1916904.507266874,41.927437916543,-87.641672568546,"{""latitude"":""41.927437916543"",""longitude"":""-87.641672568546"",""human_address"":""{\""address\"": \""\"", \""city\"": \""\"", \""state\"": \""\"", \""zip\"": \""\""}""}"
SR26-00474682,Pothole in Street Complaint,PHF,,CDOT - Department of Transportation,Open,Mobile Device,2026-03-16T21:50:56.000,2026-03-17T07:18:35.000,6019 N RICHMOND ST,,,,6019,N,RICHMOND,ST,1,,2,50,2,I007,1,24,2413,17,21,2,3,1155669.3516487496,1939939.6437419131,41.991003000941,-87.702777000002,"{""latitude"":""41.991003000941"",""longitude"":""-87.702777000002"",""human_address"":""{\""address\"": \""\"", \""city\"": \""\"", \""state\"": \""\"", \""zip\"": \""\""}""}"
SR26-00474681,311 INFORMATION ONLY CALL,311IOC,311 City Services,311 City Services,Completed,Phone Call,2026-03-16T21:50:55.000,2026-03-16T22:31:52.000,2111 W Lexington ST,Demo City,Illinois,60612,2111,W,Lexington,ST,,,28,28,7,K024,2,12,1225,46,21,2,3,1162234.4668753312,1896560.9616219066,41.87183400094,-87.679845000002,"{""latitude"":""41.87183400094"",""longitude"":""-87.679845000002"",""human_address"":""{\""address\"": \""\"", \""city\"": \""\"", \""state\"": \""\"", \""zip\"": \""\""}""}"
SR26-00474678,311 INFORMATION ONLY CALL,311IOC,311 City Services,311 City Services,Completed,Phone Call,2026-03-16T21:50:19.000,2026-03-16T22:31:52.000,2111 W Lexington ST,Demo City,Illinois,60612,2111,W,Lexington,ST,,,28,28,7,K024,2,12,1225,46,21,2,3,1162234.4668753312,1896560.9616219066,41.87183400094,-87.679845000002,"{""latitude"":""41.87183400094"",""longitude"":""-87.679845000002"",""human_address"":""{\""address\"": \""\"", \""city\"": \""\"", \""state\"": \""\"", \""zip\"": \""\""}""}"
SR26-00474679,311 INFORMATION ONLY CALL,311IOC,311 City Services,311 City Services,Completed,Phone Call,2026-03-16T21:50:19.000,2026-03-16T22:31:52.000,2111 W Lexington ST,Demo City,Illinois,60612,2111,W,Lexington,ST,,,28,28,7,K024,2,12,1225,46,21,2,3,1162234.4668753312,1896560.9616219066,41.87183400094,-87.679845000002,"{""latitude"":""41.87183400094"",""longitude"":""-87.679845000002"",""human_address"":""{\""address\"": \""\"", \""city\"": \""\"", \""state\"": \""\"", \""zip\"": \""\""}""}"
SR26-00474677,311 INFORMATION ONLY CALL,311IOC,311 City Services,311 City Services,Completed,Phone Call,2026-03-16T21:49:59.000,2026-03-16T22:32:10.000,2111 W Lexington ST,Demo City,Illinois,60612,2111,W,Lexington,ST,,,28,28,7,K024,2,12,1225,46,21,2,3,1162234.4668753312,1896560.9616219066,41.87183400094,-87.679845000002,"{""latitude"":""41.87183400094"",""longitude"":""-87.679845000002"",""human_address"":""{\""address\"": \""\"", \""city\"": \""\"", \""state\"": \""\"", \""zip\"": \""\""}""}"
SR26-00474676,Abandoned Vehicle Complaint,SKA,,Streets and Sanitation,Open,Mobile Device,2026-03-16T21:49:49.000,2026-03-16T21:49:54.000,6238 S LOOMIS ST,,,,6238,S,LOOMIS,ST,,,67,16,11,M036,1,07,0713,34,21,2,3,1167994.480272121,1863204.4308545692,41.78017800094,-87.659658000002,"{""latitude"":""41.78017800094"",""longitude"":""-87.659658000002"",""human_address"":""{\""address\"": \""\"", \""city\"": \""\"", \""state\"": \""\"", \""zip\"": \""\""}""}"
SR26-00474675,Pothole in Street Complaint,PHF,,CDOT - Department of Transportation,Open,Mobile Device,2026-03-16T21:49:37.000,2026-03-17T07:18:35.000,6029 N RICHMOND ST,,,,6029,N,RICHMOND,ST,1,,2,50,2,I007,1,24,2413,17,21,2,3,1155669.8022426525,1940044.6015485385,41.991291000941,-87.702772500002,"{""latitude"":""41.991291000941"",""longitude"":""-87.702772500002"",""human_address"":""{\""address\"": \""\"", \""city\"": \""\"", \""state\"": \""\"", \""zip\"": \""\""}""}"
SR26-00474673,311 INFORMATION ONLY CALL,311IOC,311 City Services,311 City Services,Completed,Phone Call,2026-03-16T21:48:45.000,2026-03-16T22:31:52.000,2111 W Lexington ST,Demo City,Illinois,60612,2111,W,Lexington,ST,,,28,28,7,K024,2,12,1225,46,21,2,3,1162234.4668753312,1896560.9616219066,41.87183400094,-87.679845000002,"{""latitude"":""41.87183400094"",""longitude"":""-87.679845000002"",""human_address"":""{\""address\"": \""\"", \""city\"": \""\"", \""state\"": \""\"", \""zip\"": \""\""}""}"
SR26-00474672,311 INFORMATION ONLY CALL,311IOC,311 City Services,311 City Services,Completed,Phone Call,2026-03-16T21:47:12.000,2026-03-16T22:32:10.000,2111 W Lexington ST,Demo City,Illinois,60612,2111,W,Lexington,ST,,,28,28,7,K024,2,12,1225,46,21,2,3,1162234.4668753312,1896560.9616219066,41.87183400094,-87.679845000002,"{""latitude"":""41.87183400094"",""longitude"":""-87.679845000002"",""human_address"":""{\""address\"": \""\"", \""city\"": \""\"", \""state\"": \""\"", \""zip\"": \""\""}""}"
SR26-00474671,Pothole in Street Complaint,PHF,,CDOT - Department of Transportation,Open,Mobile Device,2026-03-16T21:46:56.000,2026-03-16T21:46:58.000,6039 N RICHMOND ST,,,,6039,N,RICHMOND,ST,1,,2,50,2,I007,1,24,2413,17,21,2,3,1155660.5145051237,1940142.928001664,41.991561000941,-87.702804000002,"{""latitude"":""41.991561000941"",""longitude"":""-87.702804000002"",""human_address"":""{\""address\"": \""\"", \""city\"": \""\"", \""state\"": \""\"", \""zip\"": \""\""}""}"
SR26-00474670,311 INFORMATION ONLY CALL,311IOC,311 City Services,311 City Services,Completed,Phone Call,2026-03-16T21:46:24.000,2026-03-16T22:32:10.000,2111 W Lexington ST,Demo City,Illinois,60612,2111,W,Lexington,ST,,,28,28,7,K024,2,12,1225,46,21,2,3,1162234.4668753312,1896560.9616219066,41.87183400094,-87.679845000002,"{""latitude"":""41.87183400094"",""longitude"":""-87.679845000002"",""human_address"":""{\""address\"": \""\"", \""city\"": \""\"", \""state\"": \""\"", \""zip\"": \""\""}""}"
SR26-00474669,No Building Permit and Construction Violation,BBD,311 City Services,DOB - Buildings,Open,Phone Call,2026-03-16T21:45:41.000,2026-03-16T21:45:45.000,3339 W ADAMS ST,Demo City,Illinois,60624,3339,W,ADAMS,ST,,,27,28,7,H023,2,11,1124,36,21,2,3,1154009.9089702403,1898785.7841992625,41.87810700094,-87.709981500002,"{""latitude"":""41.87810700094"",""longitude"":""-87.709981500002"",""human_address"":""{\""address\"": \""\"", \""city\"": \""\"", \""state\"": \""\"", \""zip\"": \""\""}""}"
SR26-00474655,Graffiti Removal Request,GRAF,,Streets and Sanitation,Completed,Mass Entry,2026-03-16T21:45:13.000,2026-03-17T02:31:32.000,,,,,,,,,,,,,,,,,,,21,2,3,,,,,
SR26-00474649,Graffiti Removal Request,GRAF,,Streets and Sanitation,Completed,Mass Entry,2026-03-16T21:45:13.000,2026-03-16T21:45:24.000,5338 S LOOMIS BLVD,Demo City,Illinois,60609,5338,S,LOOMIS,BLVD,,,61,20,11,M034,3,09,0934,21,21,2,3,1167888.740745769,1869177.8067607905,41.796571936004,-87.659874119158,"{""latitude"":""41.796571936004"",""longitude"":""-87.659874119158"",""human_address"":""{\""address\"": \""\"", \""city\"": \""\"", \""state\"": \""\"", \""zip\"": \""\""}""}"
SR26-00474650,Graffiti Removal Request,GRAF,,Streets and Sanitation,Completed,Mass Entry,2026-03-16T21:45:13.000,2026-03-16T21:45:24.000,4842 S CALIFORNIA AVE,Demo City,Illinois,60632,4842,S,CALIFORNIA,AVE,,,58,14,8,I033,2,09,0922,25,21,2,3,1158505.718961647,1872245.9479297514,41.805187889978,-87.69419904347,"{""latitude"":""41.805187889978"",""longitude"":""-87.69419904347"",""human_address"":""{\""address\"": \""\"", \""city\"": \""\"", \""state\"": \""\"", \""zip\"": \""\""}""}"
SR26-00474651,Graffiti Removal Request,GRAF,,Streets and Sanitation,Completed,Mass Entry,2026-03-16T21:45:13.000,2026-03-16T21:45:24.000,2555 W 47TH ST,Demo City,Illinois,60632,2555,W,47TH,ST,,,58,15,8,J033,2,09,0922,8,21,2,3,1159887.8492455848,1873395.9442813338,41.808315311227,-87.689098317954,"{""latitude"":""41.808315311227"",""longitude"":""-87.689098317954"",""human_address"":""{\""address\"": \""\"", \""city\"": \""\"", \""state\"": \""\"", \""zip\"": \""\""}""}"
SR26-00474652,Graffiti Removal Request,GRAF,,Streets and Sanitation,Completed,Mass Entry,2026-03-16T21:45:13.000,2026-03-16T21:45:24.000,111 W ROOT ST,Demo City,Illinois,60609,111,W,ROOT,ST,,,38,3,9,P031,1,02,0213,24,21,2,3,1176223.1492079173,1877457.5175148358,41.819108994695,-87.629062405709,"{""latitude"":""41.819108994695"",""longitude"":""-87.629062405709"",""human_address"":""{\""address\"": \""\"", \""city\"": \""\"", \""state\"": \""\"", \""zip\"": \""\""}""}"
SR26-00474653,Graffiti Removal Request,GRAF,,Streets and Sanitation,Completed,Mass Entry,2026-03-16T21:45:13.000,2026-03-16T21:45:24.000,2858 W MARQUETTE RD,Demo City,Illinois,60629,2858,W,MARQUETTE,RD,,,66,15,11,I037,3,08,0831,16,21,2,3,1158220.2131832913,1860097.3631616822,41.771856296639,-87.69557667593,"{""latitude"":""41.771856296639"",""longitude"":""-87.69557667593"",""human_address"":""{\""address\"": \""\"", \""city\"": \""\"", \""state\"": \""\"", \""zip\"": \""\""}""}"
